,name,films,shortFilms,tvShows,videoGames,parkAttractions,allies,enemies,createdAt,updatedAt
0,Woozles,"['The Many Adventures of Winnie the Pooh', ""Pooh's Grand Adventure: The Search for Christopher Robin"", 'Christopher Robin (film)']",['Winnie the Pooh and the Blustery Day'],"['The New Adventures of Winnie the Pooh', 'My Friends Tigger and Pooh']","[""Tigger's Honey Hunt""]","['The Many Adventures of Winnie the Pooh (attraction)', ""Pooh's Hunny Hunt""]",[],[],2021-04-12T03:09:26.020Z,2021-12-20T20:40:31.264Z
1,Xandra,[],[],['Legend of the Three Caballeros'],[],[],[],[],2021-04-12T03:09:47.944Z,2021-12-20T20:40:31.770Z
2,Yan Yan,[],[],['American Dragon: Jake Long'],[],[],[],[],2021-04-12T03:09:58.200Z,2021-12-20T20:40:31.770Z
3,Yori,['Tron'],[],[],[],[],[],[],2021-04-12T03:10:16.886Z,2021-12-20T20:40:32.236Z
4,Kyoko Yoshiko,['Kim Possible Movie: So the Drama'],[],['Kim Possible'],[],[],[],[],2021-04-12T03:10:17.647Z,2021-12-20T20:40:32.236Z
5,Shan-Yu,"['Mulan', 'Once Upon a Halloween', 'Mulan (2020 film)']",[],['House of Mouse'],"[""Disney's Arcade Frenzy"", 'Kingdom Hearts II', 'Disney Crossy Road', ""Disney Sorcerer's Arena"", 'Disney Emoji Blitz', 'Disney Heroes: Battle Mode', 'Disney Getaway Blast']","['World of Color', 'Villains Night Out!', 'The Nightmare Experiment', ""Cinderella's Surprise Celebration""]",[],[],2021-04-12T03:10:22.245Z,2021-12-20T20:40:32.236Z
6,Zipper,"[""Chip 'n Dale Rescue Rangers (film)""]",[],"[""Chip 'n Dale Rescue Rangers"", 'Mighty Ducks (TV series)', 'DuckTales (2017 series)']","[""Chip 'n Dale Rescue Rangers (video game)"", ""Chip 'n Dale Rescue Rangers: The Adventure in Nimnul's Castle"", ""Chip 'n Dale Rescue Rangers 2"", 'Disney Emoji Blitz', ""Disney Sorcerer's Arena""]",[],[],[],2021-04-12T03:11:00.863Z,2021-12-20T20:40:32.673Z
7,Zombies,['The Haunted Mansion (2003 film)'],[],[],[],[],[],[],2021-04-12T03:11:04.097Z,2021-12-20T20:40:32.673Z
8,Victor,[],[],['K.C. Undercover'],[],[],[],[],2021-04-12T03:05:57.332Z,2021-12-20T20:40:28.691Z
9,Wang Daiyu,[],[],['Stitch & Ai'],[],[],[],[],2021-04-12T03:06:55.424Z,2021-12-20T20:40:29.248Z
10,Prince Wazoo,[],[],['Aladdin (TV series)'],[],[],[],[],2021-04-12T03:07:12.751Z,2021-12-20T20:40:29.666Z
11,Weasels,['The Adventures of Ichabod and Mr. Toad'],"['How to Be a Detective', ""Mickey's Christmas Carol"", 'The Prince and the Pauper']","['Bonkers', 'DuckTales', 'House of Mouse', 'The Wonderful World of Mickey Mouse']","['Magical Tetris Challenge', 'Mickey Saves the Day 3D Adventure', ""Mickey's Speedway USA"", ""Chip 'n Dale Rescue Rangers 2"", 'The Great Circus Mystery starring Mickey and Minnie', 'Magical Tetris Challenge', 'Disney Infinity', 'Mickey Mania: The Timeless Adventures of Mickey Mouse', ""Disney Sorcerer's Arena""]","[""Mr. Toad's Wild Ride""]",[],[],2021-04-12T03:07:14.786Z,2021-12-20T20:40:29.666Z
12,White Wolf,['White Fang 2: Myth of the White Wolf'],[],[],[],[],[],[],2021-04-12T03:07:43.111Z,2021-12-20T20:40:30.260Z
13,Woodrow Wilkins,['Condorman'],[],['Toy Story Toons'],[],[],[],[],2021-04-12T03:08:13.540Z,2021-12-20T20:40:30.261Z
14,Mitch Wilkinson,['National Treasure: Book of Secrets'],[],[],[],[],[],[],2021-04-12T03:08:14.777Z,2021-12-20T20:40:30.261Z
15,Will Stutely,['The Story of Robin Hood and His Merrie Men'],[],[],[],[],[],[],2021-04-12T03:08:16.813Z,2021-12-20T20:40:30.261Z
16,Layla Williams,['Sky High'],[],[],[],[],[],[],2021-04-12T03:08:22.730Z,2021-12-20T20:40:30.722Z
17,Willie the Giant,"['Fun and Fancy Free', 'Who Framed Roger Rabbit', 'Honey, I Blew Up the Kid']","[""Mickey's Christmas Carol""]","['Walt Disney anthology series', 'House of Mouse', 'Mickey Mouse Clubhouse', 'Sing Me a Story with Belle']","['Mickey Mania', 'Disney Crossy Road', 'Disney Tsum Tsum (game)', 'Disney Emoji Blitz']","['Sorcerers of the Magic Kingdom', 'Wonderful World of Animation']",[],[],2021-04-12T03:08:25.461Z,2021-12-20T20:40:30.722Z
18,Willow,[],[],['Tangled: The Series'],[],[],[],[],2021-04-12T03:08:28.916Z,2021-12-20T20:40:30.722Z
19,Wingnut,['Mars Needs Moms'],[],[],[],[],[],[],2021-04-12T03:08:37.184Z,2021-12-20T20:40:30.722Z
20,Mr. Winkie,['The Adventures of Ichabod and Mr. Toad'],['The Wind in the Willows'],[],[],"[""Mr. Toad's Wild Ride""]",[],[],2021-04-12T03:08:40.658Z,2021-12-20T20:40:30.722Z
21,The Wolf,['Into the Woods'],[],[],[],[],[],[],2021-04-12T03:08:59.721Z,2021-12-20T20:40:30.723Z
22,Jenny Wren,['Who Framed Roger Rabbit'],"['Who Killed Cock Robin?', ""Mickey's Polo Team"", 'Toby Tortoise Returns']",[],[],[],[],[],2021-04-12T03:09:33.715Z,2021-12-20T20:40:31.264Z
23,Wyvern Clan,[],[],['Gargoyles'],[],[],[],[],2021-04-12T03:09:43.792Z,2021-12-20T20:40:31.770Z
24,Yama,[],[],['Gargoyles'],[],[],[],[],2021-04-12T03:09:56.257Z,2021-12-20T20:40:31.770Z
25,"Yao, Ling, and Chien Po","['Mulan', 'Mulan II', 'Mulan (2020 film)']",[],['House of Mouse'],"['Animated StoryBook: Mulan', 'Kingdom Hearts II', 'Disney Crossy Road']","['Mulan Parade', 'Fantasmic!', 'Disney in the Stars']",[],[],2021-04-12T03:10:00.142Z,2021-12-20T20:40:31.770Z
26,Stanley Yelnats III,['Holes'],[],[],[],[],[],[],2021-04-12T03:10:06.622Z,2021-12-20T20:40:31.770Z
27,Yin,['Leroy & Stitch'],[],"['Lilo & Stitch: The Series', 'Stitch!']",['Disney Tsum Tsum (game)'],[],[],[],2021-04-12T03:10:11.438Z,2021-12-20T20:40:31.770Z
28,Yuckalinda,[],[],['DuckTales'],[],[],[],[],2021-04-12T03:10:23.095Z,2021-12-20T20:40:32.236Z
29,Yun Mibu,[],[],['The Lion Guard'],[],[],[],[],2021-04-12T03:10:24.569Z,2021-12-20T20:40:32.236Z
30,Yupi,"[""The Emperor's New Groove"", ""Kronk's New Groove""]",[],"[""The Emperor's New School""]",[],[],[],[],2021-04-12T03:10:25.883Z,2021-12-20T20:40:32.236Z
31,Zan Olwson,[],[],['DuckTales (2017 series)'],[],[],[],[],2021-04-12T03:10:32.849Z,2021-12-20T20:40:32.236Z
32,Brock Zero,[],[],['Penn Zero: Part-Time Hero'],[],[],[],[],2021-04-12T03:10:48.898Z,2021-12-20T20:40:32.236Z
33,Zeus,[],[],['DuckTales (2017 series)'],[],[],[],[],2021-04-12T03:10:51.001Z,2021-12-20T20:40:32.236Z
34,Zigzag,['Holes'],[],[],[],[],[],[],2021-04-12T03:10:56.490Z,2021-12-20T20:40:32.673Z
35,Zooter,[],[],['Jungle Junction'],[],[],[],[],2021-04-12T03:11:08.434Z,2021-12-20T20:40:32.673Z
36,Zuzu,[],[],[],[],[],[],[],2021-04-12T03:11:17.693Z,2021-12-20T20:40:32.673Z
37,Ãnanda,[],[],['The Lion Guard'],[],[],[],[],2021-04-12T03:11:18.513Z,2021-12-20T20:40:32.673Z
38,Woozles,"['The Many Adventures of Winnie the Pooh', ""Pooh's Grand Adventure: The Search for Christopher Robin"", 'Christopher Robin (film)']",['Winnie the Pooh and the Blustery Day'],"['The New Adventures of Winnie the Pooh', 'My Friends Tigger and Pooh']","[""Tigger's Honey Hunt""]","['The Many Adventures of Winnie the Pooh (attraction)', ""Pooh's Hunny Hunt""]",[],[],2021-04-12T03:09:26.020Z,2021-12-20T20:40:31.264Z
39,Xandra,[],[],['Legend of the Three Caballeros'],[],[],[],[],2021-04-12T03:09:47.944Z,2021-12-20T20:40:31.770Z
40,Yan Yan,[],[],['American Dragon: Jake Long'],[],[],[],[],2021-04-12T03:09:58.200Z,2021-12-20T20:40:31.770Z
41,Yori,['Tron'],[],[],[],[],[],[],2021-04-12T03:10:16.886Z,2021-12-20T20:40:32.236Z
42,Kyoko Yoshiko,['Kim Possible Movie: So the Drama'],[],['Kim Possible'],[],[],[],[],2021-04-12T03:10:17.647Z,2021-12-20T20:40:32.236Z
43,Shan-Yu,"['Mulan', 'Once Upon a Halloween', 'Mulan (2020 film)']",[],['House of Mouse'],"[""Disney's Arcade Frenzy"", 'Kingdom Hearts II', 'Disney Crossy Road', ""Disney Sorcerer's Arena"", 'Disney Emoji Blitz', 'Disney Heroes: Battle Mode', 'Disney Getaway Blast']","['World of Color', 'Villains Night Out!', 'The Nightmare Experiment', ""Cinderella's Surprise Celebration""]",[],[],2021-04-12T03:10:22.245Z,2021-12-20T20:40:32.236Z
44,Zipper,"[""Chip 'n Dale Rescue Rangers (film)""]",[],"[""Chip 'n Dale Rescue Rangers"", 'Mighty Ducks (TV series)', 'DuckTales (2017 series)']","[""Chip 'n Dale Rescue Rangers (video game)"", ""Chip 'n Dale Rescue Rangers: The Adventure in Nimnul's Castle"", ""Chip 'n Dale Rescue Rangers 2"", 'Disney Emoji Blitz', ""Disney Sorcerer's Arena""]",[],[],[],2021-04-12T03:11:00.863Z,2021-12-20T20:40:32.673Z
45,Zombies,['The Haunted Mansion (2003 film)'],[],[],[],[],[],[],2021-04-12T03:11:04.097Z,2021-12-20T20:40:32.673Z
46,Victor,[],[],['K.C. Undercover'],[],[],[],[],2021-04-12T03:05:57.332Z,2021-12-20T20:40:28.691Z
47,Wang Daiyu,[],[],['Stitch & Ai'],[],[],[],[],2021-04-12T03:06:55.424Z,2021-12-20T20:40:29.248Z
48,Prince Wazoo,[],[],['Aladdin (TV series)'],[],[],[],[],2021-04-12T03:07:12.751Z,2021-12-20T20:40:29.666Z
49,Weasels,['The Adventures of Ichabod and Mr. Toad'],"['How to Be a Detective', ""Mickey's Christmas Carol"", 'The Prince and the Pauper']","['Bonkers', 'DuckTales', 'House of Mouse', 'The Wonderful World of Mickey Mouse']","['Magical Tetris Challenge', 'Mickey Saves the Day 3D Adventure', ""Mickey's Speedway USA"", ""Chip 'n Dale Rescue Rangers 2"", 'The Great Circus Mystery starring Mickey and Minnie', 'Magical Tetris Challenge', 'Disney Infinity', 'Mickey Mania: The Timeless Adventures of Mickey Mouse', ""Disney Sorcerer's Arena""]","[""Mr. Toad's Wild Ride""]",[],[],2021-04-12T03:07:14.786Z,2021-12-20T20:40:29.666Z
50,White Wolf,['White Fang 2: Myth of the White Wolf'],[],[],[],[],[],[],2021-04-12T03:07:43.111Z,2021-12-20T20:40:30.260Z
51,Woodrow Wilkins,['Condorman'],[],['Toy Story Toons'],[],[],[],[],2021-04-12T03:08:13.540Z,2021-12-20T20:40:30.261Z
52,Mitch Wilkinson,['National Treasure: Book of Secrets'],[],[],[],[],[],[],2021-04-12T03:08:14.777Z,2021-12-20T20:40:30.261Z
53,Will Stutely,['The Story of Robin Hood and His Merrie Men'],[],[],[],[],[],[],2021-04-12T03:08:16.813Z,2021-12-20T20:40:30.261Z
54,Layla Williams,['Sky High'],[],[],[],[],[],[],2021-04-12T03:08:22.730Z,2021-12-20T20:40:30.722Z
55,Willie the Giant,"['Fun and Fancy Free', 'Who Framed Roger Rabbit', 'Honey, I Blew Up the Kid']","[""Mickey's Christmas Carol""]","['Walt Disney anthology series', 'House of Mouse', 'Mickey Mouse Clubhouse', 'Sing Me a Story with Belle']","['Mickey Mania', 'Disney Crossy Road', 'Disney Tsum Tsum (game)', 'Disney Emoji Blitz']","['Sorcerers of the Magic Kingdom', 'Wonderful World of Animation']",[],[],2021-04-12T03:08:25.461Z,2021-12-20T20:40:30.722Z
56,Willow,[],[],['Tangled: The Series'],[],[],[],[],2021-04-12T03:08:28.916Z,2021-12-20T20:40:30.722Z
57,Wingnut,['Mars Needs Moms'],[],[],[],[],[],[],2021-04-12T03:08:37.184Z,2021-12-20T20:40:30.722Z
58,Mr. Winkie,['The Adventures of Ichabod and Mr. Toad'],['The Wind in the Willows'],[],[],"[""Mr. Toad's Wild Ride""]",[],[],2021-04-12T03:08:40.658Z,2021-12-20T20:40:30.722Z
59,The Wolf,['Into the Woods'],[],[],[],[],[],[],2021-04-12T03:08:59.721Z,2021-12-20T20:40:30.723Z
60,Jenny Wren,['Who Framed Roger Rabbit'],"['Who Killed Cock Robin?', ""Mickey's Polo Team"", 'Toby Tortoise Returns']",[],[],[],[],[],2021-04-12T03:09:33.715Z,2021-12-20T20:40:31.264Z
61,Wyvern Clan,[],[],['Gargoyles'],[],[],[],[],2021-04-12T03:09:43.792Z,2021-12-20T20:40:31.770Z
62,Yama,[],[],['Gargoyles'],[],[],[],[],2021-04-12T03:09:56.257Z,2021-12-20T20:40:31.770Z
63,"Yao, Ling, and Chien Po","['Mulan', 'Mulan II', 'Mulan (2020 film)']",[],['House of Mouse'],"['Animated StoryBook: Mulan', 'Kingdom Hearts II', 'Disney Crossy Road']","['Mulan Parade', 'Fantasmic!', 'Disney in the Stars']",[],[],2021-04-12T03:10:00.142Z,2021-12-20T20:40:31.770Z
64,Stanley Yelnats III,['Holes'],[],[],[],[],[],[],2021-04-12T03:10:06.622Z,2021-12-20T20:40:31.770Z
65,Yin,['Leroy & Stitch'],[],"['Lilo & Stitch: The Series', 'Stitch!']",['Disney Tsum Tsum (game)'],[],[],[],2021-04-12T03:10:11.438Z,2021-12-20T20:40:31.770Z
66,Yuckalinda,[],[],['DuckTales'],[],[],[],[],2021-04-12T03:10:23.095Z,2021-12-20T20:40:32.236Z
67,Yun Mibu,[],[],['The Lion Guard'],[],[],[],[],2021-04-12T03:10:24.569Z,2021-12-20T20:40:32.236Z
68,Yupi,"[""The Emperor's New Groove"", ""Kronk's New Groove""]",[],"[""The Emperor's New School""]",[],[],[],[],2021-04-12T03:10:25.883Z,2021-12-20T20:40:32.236Z
69,Zan Olwson,[],[],['DuckTales (2017 series)'],[],[],[],[],2021-04-12T03:10:32.849Z,2021-12-20T20:40:32.236Z
70,Brock Zero,[],[],['Penn Zero: Part-Time Hero'],[],[],[],[],2021-04-12T03:10:48.898Z,2021-12-20T20:40:32.236Z
71,Zeus,[],[],['DuckTales (2017 series)'],[],[],[],[],2021-04-12T03:10:51.001Z,2021-12-20T20:40:32.236Z
72,Zigzag,['Holes'],[],[],[],[],[],[],2021-04-12T03:10:56.490Z,2021-12-20T20:40:32.673Z
73,Zooter,[],[],['Jungle Junction'],[],[],[],[],2021-04-12T03:11:08.434Z,2021-12-20T20:40:32.673Z
74,Zuzu,[],[],[],[],[],[],[],2021-04-12T03:11:17.693Z,2021-12-20T20:40:32.673Z
75,Ãnanda,[],[],['The Lion Guard'],[],[],[],[],2021-04-12T03:11:18.513Z,2021-12-20T20:40:32.673Z
76,Woozles,"['The Many Adventures of Winnie the Pooh', ""Pooh's Grand Adventure: The Search for Christopher Robin"", 'Christopher Robin (film)']",['Winnie the Pooh and the Blustery Day'],"['The New Adventures of Winnie the Pooh', 'My Friends Tigger and Pooh']","[""Tigger's Honey Hunt""]","['The Many Adventures of Winnie the Pooh (attraction)', ""Pooh's Hunny Hunt""]",[],[],2021-04-12T03:09:26.020Z,2021-12-20T20:40:31.264Z
77,Xandra,[],[],['Legend of the Three Caballeros'],[],[],[],[],2021-04-12T03:09:47.944Z,2021-12-20T20:40:31.770Z
78,Yan Yan,[],[],['American Dragon: Jake Long'],[],[],[],[],2021-04-12T03:09:58.200Z,2021-12-20T20:40:31.770Z
79,Yori,['Tron'],[],[],[],[],[],[],2021-04-12T03:10:16.886Z,2021-12-20T20:40:32.236Z
80,Kyoko Yoshiko,['Kim Possible Movie: So the Drama'],[],['Kim Possible'],[],[],[],[],2021-04-12T03:10:17.647Z,2021-12-20T20:40:32.236Z
81,Shan-Yu,"['Mulan', 'Once Upon a Halloween', 'Mulan (2020 film)']",[],['House of Mouse'],"[""Disney's Arcade Frenzy"", 'Kingdom Hearts II', 'Disney Crossy Road', ""Disney Sorcerer's Arena"", 'Disney Emoji Blitz', 'Disney Heroes: Battle Mode', 'Disney Getaway Blast']","['World of Color', 'Villains Night Out!', 'The Nightmare Experiment', ""Cinderella's Surprise Celebration""]",[],[],2021-04-12T03:10:22.245Z,2021-12-20T20:40:32.236Z
82,Zipper,"[""Chip 'n Dale Rescue Rangers (film)""]",[],"[""Chip 'n Dale Rescue Rangers"", 'Mighty Ducks (TV series)', 'DuckTales (2017 series)']","[""Chip 'n Dale Rescue Rangers (video game)"", ""Chip 'n Dale Rescue Rangers: The Adventure in Nimnul's Castle"", ""Chip 'n Dale Rescue Rangers 2"", 'Disney Emoji Blitz', ""Disney Sorcerer's Arena""]",[],[],[],2021-04-12T03:11:00.863Z,2021-12-20T20:40:32.673Z
83,Zombies,['The Haunted Mansion (2003 film)'],[],[],[],[],[],[],2021-04-12T03:11:04.097Z,2021-12-20T20:40:32.673Z
84,Victor,[],[],['K.C. Undercover'],[],[],[],[],2021-04-12T03:05:57.332Z,2021-12-20T20:40:28.691Z
85,Wang Daiyu,[],[],['Stitch & Ai'],[],[],[],[],2021-04-12T03:06:55.424Z,2021-12-20T20:40:29.248Z
86,Prince Wazoo,[],[],['Aladdin (TV series)'],[],[],[],[],2021-04-12T03:07:12.751Z,2021-12-20T20:40:29.666Z
87,Weasels,['The Adventures of Ichabod and Mr. Toad'],"['How to Be a Detective', ""Mickey's Christmas Carol"", 'The Prince and the Pauper']","['Bonkers', 'DuckTales', 'House of Mouse', 'The Wonderful World of Mickey Mouse']","['Magical Tetris Challenge', 'Mickey Saves the Day 3D Adventure', ""Mickey's Speedway USA"", ""Chip 'n Dale Rescue Rangers 2"", 'The Great Circus Mystery starring Mickey and Minnie', 'Magical Tetris Challenge', 'Disney Infinity', 'Mickey Mania: The Timeless Adventures of Mickey Mouse', ""Disney Sorcerer's Arena""]","[""Mr. Toad's Wild Ride""]",[],[],2021-04-12T03:07:14.786Z,2021-12-20T20:40:29.666Z
88,White Wolf,['White Fang 2: Myth of the White Wolf'],[],[],[],[],[],[],2021-04-12T03:07:43.111Z,2021-12-20T20:40:30.260Z
89,Woodrow Wilkins,['Condorman'],[],['Toy Story Toons'],[],[],[],[],2021-04-12T03:08:13.540Z,2021-12-20T20:40:30.261Z
90,Mitch Wilkinson,['National Treasure: Book of Secrets'],[],[],[],[],[],[],2021-04-12T03:08:14.777Z,2021-12-20T20:40:30.261Z
91,Will Stutely,['The Story of Robin Hood and His Merrie Men'],[],[],[],[],[],[],2021-04-12T03:08:16.813Z,2021-12-20T20:40:30.261Z
92,Layla Williams,['Sky High'],[],[],[],[],[],[],2021-04-12T03:08:22.730Z,2021-12-20T20:40:30.722Z
93,Willie the Giant,"['Fun and Fancy Free', 'Who Framed Roger Rabbit', 'Honey, I Blew Up the Kid']","[""Mickey's Christmas Carol""]","['Walt Disney anthology series', 'House of Mouse', 'Mickey Mouse Clubhouse', 'Sing Me a Story with Belle']","['Mickey Mania', 'Disney Crossy Road', 'Disney Tsum Tsum (game)', 'Disney Emoji Blitz']","['Sorcerers of the Magic Kingdom', 'Wonderful World of Animation']",[],[],2021-04-12T03:08:25.461Z,2021-12-20T20:40:30.722Z
94,Willow,[],[],['Tangled: The Series'],[],[],[],[],2021-04-12T03:08:28.916Z,2021-12-20T20:40:30.722Z
95,Wingnut,['Mars Needs Moms'],[],[],[],[],[],[],2021-04-12T03:08:37.184Z,2021-12-20T20:40:30.722Z
96,Mr. Winkie,['The Adventures of Ichabod and Mr. Toad'],['The Wind in the Willows'],[],[],"[""Mr. Toad's Wild Ride""]",[],[],2021-04-12T03:08:40.658Z,2021-12-20T20:40:30.722Z
97,The Wolf,['Into the Woods'],[],[],[],[],[],[],2021-04-12T03:08:59.721Z,2021-12-20T20:40:30.723Z
98,Jenny Wren,['Who Framed Roger Rabbit'],"['Who Killed Cock Robin?', ""Mickey's Polo Team"", 'Toby Tortoise Returns']",[],[],[],[],[],2021-04-12T03:09:33.715Z,2021-12-20T20:40:31.264Z
99,Wyvern Clan,[],[],['Gargoyles'],[],[],[],[],2021-04-12T03:09:43.792Z,2021-12-20T20:40:31.770Z
100,Yama,[],[],['Gargoyles'],[],[],[],[],2021-04-12T03:09:56.257Z,2021-12-20T20:40:31.770Z
101,"Yao, Ling, and Chien Po","['Mulan', 'Mulan II', 'Mulan (2020 film)']",[],['House of Mouse'],"['Animated StoryBook: Mulan', 'Kingdom Hearts II', 'Disney Crossy Road']","['Mulan Parade', 'Fantasmic!', 'Disney in the Stars']",[],[],2021-04-12T03:10:00.142Z,2021-12-20T20:40:31.770Z
102,Stanley Yelnats III,['Holes'],[],[],[],[],[],[],2021-04-12T03:10:06.622Z,2021-12-20T20:40:31.770Z
103,Yin,['Leroy & Stitch'],[],"['Lilo & Stitch: The Series', 'Stitch!']",['Disney Tsum Tsum (game)'],[],[],[],2021-04-12T03:10:11.438Z,2021-12-20T20:40:31.770Z
104,Yuckalinda,[],[],['DuckTales'],[],[],[],[],2021-04-12T03:10:23.095Z,2021-12-20T20:40:32.236Z
105,Yun Mibu,[],[],['The Lion Guard'],[],[],[],[],2021-04-12T03:10:24.569Z,2021-12-20T20:40:32.236Z
106,Yupi,"[""The Emperor's New Groove"", ""Kronk's New Groove""]",[],"[""The Emperor's New School""]",[],[],[],[],2021-04-12T03:10:25.883Z,2021-12-20T20:40:32.236Z
107,Zan Olwson,[],[],['DuckTales (2017 series)'],[],[],[],[],2021-04-12T03:10:32.849Z,2021-12-20T20:40:32.236Z
108,Brock Zero,[],[],['Penn Zero: Part-Time Hero'],[],[],[],[],2021-04-12T03:10:48.898Z,2021-12-20T20:40:32.236Z
109,Zeus,[],[],['DuckTales (2017 series)'],[],[],[],[],2021-04-12T03:10:51.001Z,2021-12-20T20:40:32.236Z
110,Zigzag,['Holes'],[],[],[],[],[],[],2021-04-12T03:10:56.490Z,2021-12-20T20:40:32.673Z
111,Zooter,[],[],['Jungle Junction'],[],[],[],[],2021-04-12T03:11:08.434Z,2021-12-20T20:40:32.673Z
112,Zuzu,[],[],[],[],[],[],[],2021-04-12T03:11:17.693Z,2021-12-20T20:40:32.673Z
113,Ãnanda,[],[],['The Lion Guard'],[],[],[],[],2021-04-12T03:11:18.513Z,2021-12-20T20:40:32.673Z
114,Woozles,"['The Many Adventures of Winnie the Pooh', ""Pooh's Grand Adventure: The Search for Christopher Robin"", 'Christopher Robin (film)']",['Winnie the Pooh and the Blustery Day'],"['The New Adventures of Winnie the Pooh', 'My Friends Tigger and Pooh']","[""Tigger's Honey Hunt""]","['The Many Adventures of Winnie the Pooh (attraction)', ""Pooh's Hunny Hunt""]",[],[],2021-04-12T03:09:26.020Z,2021-12-20T20:40:31.264Z
115,Xandra,[],[],['Legend of the Three Caballeros'],[],[],[],[],2021-04-12T03:09:47.944Z,2021-12-20T20:40:31.770Z
116,Yan Yan,[],[],['American Dragon: Jake Long'],[],[],[],[],2021-04-12T03:09:58.200Z,2021-12-20T20:40:31.770Z
117,Yori,['Tron'],[],[],[],[],[],[],2021-04-12T03:10:16.886Z,2021-12-20T20:40:32.236Z
118,Kyoko Yoshiko,['Kim Possible Movie: So the Drama'],[],['Kim Possible'],[],[],[],[],2021-04-12T03:10:17.647Z,2021-12-20T20:40:32.236Z
119,Shan-Yu,"['Mulan', 'Once Upon a Halloween', 'Mulan (2020 film)']",[],['House of Mouse'],"[""Disney's Arcade Frenzy"", 'Kingdom Hearts II', 'Disney Crossy Road', ""Disney Sorcerer's Arena"", 'Disney Emoji Blitz', 'Disney Heroes: Battle Mode', 'Disney Getaway Blast']","['World of Color', 'Villains Night Out!', 'The Nightmare Experiment', ""Cinderella's Surprise Celebration""]",[],[],2021-04-12T03:10:22.245Z,2021-12-20T20:40:32.236Z
120,Zipper,"[""Chip 'n Dale Rescue Rangers (film)""]",[],"[""Chip 'n Dale Rescue Rangers"", 'Mighty Ducks (TV series)', 'DuckTales (2017 series)']","[""Chip 'n Dale Rescue Rangers (video game)"", ""Chip 'n Dale Rescue Rangers: The Adventure in Nimnul's Castle"", ""Chip 'n Dale Rescue Rangers 2"", 'Disney Emoji Blitz', ""Disney Sorcerer's Arena""]",[],[],[],2021-04-12T03:11:00.863Z,2021-12-20T20:40:32.673Z
121,Zombies,['The Haunted Mansion (2003 film)'],[],[],[],[],[],[],2021-04-12T03:11:04.097Z,2021-12-20T20:40:32.673Z
122,Victor,[],[],['K.C. Undercover'],[],[],[],[],2021-04-12T03:05:57.332Z,2021-12-20T20:40:28.691Z
123,Wang Daiyu,[],[],['Stitch & Ai'],[],[],[],[],2021-04-12T03:06:55.424Z,2021-12-20T20:40:29.248Z
124,Prince Wazoo,[],[],['Aladdin (TV series)'],[],[],[],[],2021-04-12T03:07:12.751Z,2021-12-20T20:40:29.666Z
125,Weasels,['The Adventures of Ichabod and Mr. Toad'],"['How to Be a Detective', ""Mickey's Christmas Carol"", 'The Prince and the Pauper']","['Bonkers', 'DuckTales', 'House of Mouse', 'The Wonderful World of Mickey Mouse']","['Magical Tetris Challenge', 'Mickey Saves the Day 3D Adventure', ""Mickey's Speedway USA"", ""Chip 'n Dale Rescue Rangers 2"", 'The Great Circus Mystery starring Mickey and Minnie', 'Magical Tetris Challenge', 'Disney Infinity', 'Mickey Mania: The Timeless Adventures of Mickey Mouse', ""Disney Sorcerer's Arena""]","[""Mr. Toad's Wild Ride""]",[],[],2021-04-12T03:07:14.786Z,2021-12-20T20:40:29.666Z
126,White Wolf,['White Fang 2: Myth of the White Wolf'],[],[],[],[],[],[],2021-04-12T03:07:43.111Z,2021-12-20T20:40:30.260Z
127,Woodrow Wilkins,['Condorman'],[],['Toy Story Toons'],[],[],[],[],2021-04-12T03:08:13.540Z,2021-12-20T20:40:30.261Z
128,Mitch Wilkinson,['National Treasure: Book of Secrets'],[],[],[],[],[],[],2021-04-12T03:08:14.777Z,2021-12-20T20:40:30.261Z
129,Will Stutely,['The Story of Robin Hood and His Merrie Men'],[],[],[],[],[],[],2021-04-12T03:08:16.813Z,2021-12-20T20:40:30.261Z
130,Layla Williams,['Sky High'],[],[],[],[],[],[],2021-04-12T03:08:22.730Z,2021-12-20T20:40:30.722Z
131,Willie the Giant,"['Fun and Fancy Free', 'Who Framed Roger Rabbit', 'Honey, I Blew Up the Kid']","[""Mickey's Christmas Carol""]","['Walt Disney anthology series', 'House of Mouse', 'Mickey Mouse Clubhouse', 'Sing Me a Story with Belle']","['Mickey Mania', 'Disney Crossy Road', 'Disney Tsum Tsum (game)', 'Disney Emoji Blitz']","['Sorcerers of the Magic Kingdom', 'Wonderful World of Animation']",[],[],2021-04-12T03:08:25.461Z,2021-12-20T20:40:30.722Z
132,Willow,[],[],['Tangled: The Series'],[],[],[],[],2021-04-12T03:08:28.916Z,2021-12-20T20:40:30.722Z
133,Wingnut,['Mars Needs Moms'],[],[],[],[],[],[],2021-04-12T03:08:37.184Z,2021-12-20T20:40:30.722Z
134,Mr. Winkie,['The Adventures of Ichabod and Mr. Toad'],['The Wind in the Willows'],[],[],"[""Mr. Toad's Wild Ride""]",[],[],2021-04-12T03:08:40.658Z,2021-12-20T20:40:30.722Z
135,The Wolf,['Into the Woods'],[],[],[],[],[],[],2021-04-12T03:08:59.721Z,2021-12-20T20:40:30.723Z
136,Jenny Wren,['Who Framed Roger Rabbit'],"['Who Killed Cock Robin?', ""Mickey's Polo Team"", 'Toby Tortoise Returns']",[],[],[],[],[],2021-04-12T03:09:33.715Z,2021-12-20T20:40:31.264Z
137,Wyvern Clan,[],[],['Gargoyles'],[],[],[],[],2021-04-12T03:09:43.792Z,2021-12-20T20:40:31.770Z
138,Yama,[],[],['Gargoyles'],[],[],[],[],2021-04-12T03:09:56.257Z,2021-12-20T20:40:31.770Z
139,"Yao, Ling, and Chien Po","['Mulan', 'Mulan II', 'Mulan (2020 film)']",[],['House of Mouse'],"['Animated StoryBook: Mulan', 'Kingdom Hearts II', 'Disney Crossy Road']","['Mulan Parade', 'Fantasmic!', 'Disney in the Stars']",[],[],2021-04-12T03:10:00.142Z,2021-12-20T20:40:31.770Z
140,Stanley Yelnats III,['Holes'],[],[],[],[],[],[],2021-04-12T03:10:06.622Z,2021-12-20T20:40:31.770Z
141,Yin,['Leroy & Stitch'],[],"['Lilo & Stitch: The Series', 'Stitch!']",['Disney Tsum Tsum (game)'],[],[],[],2021-04-12T03:10:11.438Z,2021-12-20T20:40:31.770Z
142,Yuckalinda,[],[],['DuckTales'],[],[],[],[],2021-04-12T03:10:23.095Z,2021-12-20T20:40:32.236Z
143,Yun Mibu,[],[],['The Lion Guard'],[],[],[],[],2021-04-12T03:10:24.569Z,2021-12-20T20:40:32.236Z
144,Yupi,"[""The Emperor's New Groove"", ""Kronk's New Groove""]",[],"[""The Emperor's New School""]",[],[],[],[],2021-04-12T03:10:25.883Z,2021-12-20T20:40:32.236Z
145,Zan Olwson,[],[],['DuckTales (2017 series)'],[],[],[],[],2021-04-12T03:10:32.849Z,2021-12-20T20:40:32.236Z
146,Brock Zero,[],[],['Penn Zero: Part-Time Hero'],[],[],[],[],2021-04-12T03:10:48.898Z,2021-12-20T20:40:32.236Z
147,Zeus,[],[],['DuckTales (2017 series)'],[],[],[],[],2021-04-12T03:10:51.001Z,2021-12-20T20:40:32.236Z
148,Zigzag,['Holes'],[],[],[],[],[],[],2021-04-12T03:10:56.490Z,2021-12-20T20:40:32.673Z
149,Zooter,[],[],['Jungle Junction'],[],[],[],[],2021-04-12T03:11:08.434Z,2021-12-20T20:40:32.673Z
150,Zuzu,[],[],[],[],[],[],[],2021-04-12T03:11:17.693Z,2021-12-20T20:40:32.673Z
151,Ãnanda,[],[],['The Lion Guard'],[],[],[],[],2021-04-12T03:11:18.513Z,2021-12-20T20:40:32.673Z
152,Woozles,"['The Many Adventures of Winnie the Pooh', ""Pooh's Grand Adventure: The Search for Christopher Robin"", 'Christopher Robin (film)']",['Winnie the Pooh and the Blustery Day'],"['The New Adventures of Winnie the Pooh', 'My Friends Tigger and Pooh']","[""Tigger's Honey Hunt""]","['The Many Adventures of Winnie the Pooh (attraction)', ""Pooh's Hunny Hunt""]",[],[],2021-04-12T03:09:26.020Z,2021-12-20T20:40:31.264Z
153,Xandra,[],[],['Legend of the Three Caballeros'],[],[],[],[],2021-04-12T03:09:47.944Z,2021-12-20T20:40:31.770Z
154,Yan Yan,[],[],['American Dragon: Jake Long'],[],[],[],[],2021-04-12T03:09:58.200Z,2021-12-20T20:40:31.770Z
155,Yori,['Tron'],[],[],[],[],[],[],2021-04-12T03:10:16.886Z,2021-12-20T20:40:32.236Z
156,Kyoko Yoshiko,['Kim Possible Movie: So the Drama'],[],['Kim Possible'],[],[],[],[],2021-04-12T03:10:17.647Z,2021-12-20T20:40:32.236Z
157,Shan-Yu,"['Mulan', 'Once Upon a Halloween', 'Mulan (2020 film)']",[],['House of Mouse'],"[""Disney's Arcade Frenzy"", 'Kingdom Hearts II', 'Disney Crossy Road', ""Disney Sorcerer's Arena"", 'Disney Emoji Blitz', 'Disney Heroes: Battle Mode', 'Disney Getaway Blast']","['World of Color', 'Villains Night Out!', 'The Nightmare Experiment', ""Cinderella's Surprise Celebration""]",[],[],2021-04-12T03:10:22.245Z,2021-12-20T20:40:32.236Z
158,Zipper,"[""Chip 'n Dale Rescue Rangers (film)""]",[],"[""Chip 'n Dale Rescue Rangers"", 'Mighty Ducks (TV series)', 'DuckTales (2017 series)']","[""Chip 'n Dale Rescue Rangers (video game)"", ""Chip 'n Dale Rescue Rangers: The Adventure in Nimnul's Castle"", ""Chip 'n Dale Rescue Rangers 2"", 'Disney Emoji Blitz', ""Disney Sorcerer's Arena""]",[],[],[],2021-04-12T03:11:00.863Z,2021-12-20T20:40:32.673Z
159,Zombies,['The Haunted Mansion (2003 film)'],[],[],[],[],[],[],2021-04-12T03:11:04.097Z,2021-12-20T20:40:32.673Z
160,Victor,[],[],['K.C. Undercover'],[],[],[],[],2021-04-12T03:05:57.332Z,2021-12-20T20:40:28.691Z
161,Wang Daiyu,[],[],['Stitch & Ai'],[],[],[],[],2021-04-12T03:06:55.424Z,2021-12-20T20:40:29.248Z
162,Prince Wazoo,[],[],['Aladdin (TV series)'],[],[],[],[],2021-04-12T03:07:12.751Z,2021-12-20T20:40:29.666Z
163,Weasels,['The Adventures of Ichabod and Mr. Toad'],"['How to Be a Detective', ""Mickey's Christmas Carol"", 'The Prince and the Pauper']","['Bonkers', 'DuckTales', 'House of Mouse', 'The Wonderful World of Mickey Mouse']","['Magical Tetris Challenge', 'Mickey Saves the Day 3D Adventure', ""Mickey's Speedway USA"", ""Chip 'n Dale Rescue Rangers 2"", 'The Great Circus Mystery starring Mickey and Minnie', 'Magical Tetris Challenge', 'Disney Infinity', 'Mickey Mania: The Timeless Adventures of Mickey Mouse', ""Disney Sorcerer's Arena""]","[""Mr. Toad's Wild Ride""]",[],[],2021-04-12T03:07:14.786Z,2021-12-20T20:40:29.666Z
164,White Wolf,['White Fang 2: Myth of the White Wolf'],[],[],[],[],[],[],2021-04-12T03:07:43.111Z,2021-12-20T20:40:30.260Z
165,Woodrow Wilkins,['Condorman'],[],['Toy Story Toons'],[],[],[],[],2021-04-12T03:08:13.540Z,2021-12-20T20:40:30.261Z
166,Mitch Wilkinson,['National Treasure: Book of Secrets'],[],[],[],[],[],[],2021-04-12T03:08:14.777Z,2021-12-20T20:40:30.261Z
167,Will Stutely,['The Story of Robin Hood and His Merrie Men'],[],[],[],[],[],[],2021-04-12T03:08:16.813Z,2021-12-20T20:40:30.261Z
168,Layla Williams,['Sky High'],[],[],[],[],[],[],2021-04-12T03:08:22.730Z,2021-12-20T20:40:30.722Z
169,Willie the Giant,"['Fun and Fancy Free', 'Who Framed Roger Rabbit', 'Honey, I Blew Up the Kid']","[""Mickey's Christmas Carol""]","['Walt Disney anthology series', 'House of Mouse', 'Mickey Mouse Clubhouse', 'Sing Me a Story with Belle']","['Mickey Mania', 'Disney Crossy Road', 'Disney Tsum Tsum (game)', 'Disney Emoji Blitz']","['Sorcerers of the Magic Kingdom', 'Wonderful World of Animation']",[],[],2021-04-12T03:08:25.461Z,2021-12-20T20:40:30.722Z
170,Willow,[],[],['Tangled: The Series'],[],[],[],[],2021-04-12T03:08:28.916Z,2021-12-20T20:40:30.722Z
171,Wingnut,['Mars Needs Moms'],[],[],[],[],[],[],2021-04-12T03:08:37.184Z,2021-12-20T20:40:30.722Z
172,Mr. Winkie,['The Adventures of Ichabod and Mr. Toad'],['The Wind in the Willows'],[],[],"[""Mr. Toad's Wild Ride""]",[],[],2021-04-12T03:08:40.658Z,2021-12-20T20:40:30.722Z
173,The Wolf,['Into the Woods'],[],[],[],[],[],[],2021-04-12T03:08:59.721Z,2021-12-20T20:40:30.723Z
174,Jenny Wren,['Who Framed Roger Rabbit'],"['Who Killed Cock Robin?', ""Mickey's Polo Team"", 'Toby Tortoise Returns']",[],[],[],[],[],2021-04-12T03:09:33.715Z,2021-12-20T20:40:31.264Z
175,Wyvern Clan,[],[],['Gargoyles'],[],[],[],[],2021-04-12T03:09:43.792Z,2021-12-20T20:40:31.770Z
176,Yama,[],[],['Gargoyles'],[],[],[],[],2021-04-12T03:09:56.257Z,2021-12-20T20:40:31.770Z
177,"Yao, Ling, and Chien Po","['Mulan', 'Mulan II', 'Mulan (2020 film)']",[],['House of Mouse'],"['Animated StoryBook: Mulan', 'Kingdom Hearts II', 'Disney Crossy Road']","['Mulan Parade', 'Fantasmic!', 'Disney in the Stars']",[],[],2021-04-12T03:10:00.142Z,2021-12-20T20:40:31.770Z
178,Stanley Yelnats III,['Holes'],[],[],[],[],[],[],2021-04-12T03:10:06.622Z,2021-12-20T20:40:31.770Z
179,Yin,['Leroy & Stitch'],[],"['Lilo & Stitch: The Series', 'Stitch!']",['Disney Tsum Tsum (game)'],[],[],[],2021-04-12T03:10:11.438Z,2021-12-20T20:40:31.770Z
180,Yuckalinda,[],[],['DuckTales'],[],[],[],[],2021-04-12T03:10:23.095Z,2021-12-20T20:40:32.236Z
181,Yun Mibu,[],[],['The Lion Guard'],[],[],[],[],2021-04-12T03:10:24.569Z,2021-12-20T20:40:32.236Z
182,Yupi,"[""The Emperor's New Groove"", ""Kronk's New Groove""]",[],"[""The Emperor's New School""]",[],[],[],[],2021-04-12T03:10:25.883Z,2021-12-20T20:40:32.236Z
183,Zan Olwson,[],[],['DuckTales (2017 series)'],[],[],[],[],2021-04-12T03:10:32.849Z,2021-12-20T20:40:32.236Z
184,Brock Zero,[],[],['Penn Zero: Part-Time Hero'],[],[],[],[],2021-04-12T03:10:48.898Z,2021-12-20T20:40:32.236Z
185,Zeus,[],[],['DuckTales (2017 series)'],[],[],[],[],2021-04-12T03:10:51.001Z,2021-12-20T20:40:32.236Z
186,Zigzag,['Holes'],[],[],[],[],[],[],2021-04-12T03:10:56.490Z,2021-12-20T20:40:32.673Z
187,Zooter,[],[],['Jungle Junction'],[],[],[],[],2021-04-12T03:11:08.434Z,2021-12-20T20:40:32.673Z
188,Zuzu,[],[],[],[],[],[],[],2021-04-12T03:11:17.693Z,2021-12-20T20:40:32.673Z
189,Ãnanda,[],[],['The Lion Guard'],[],[],[],[],2021-04-12T03:11:18.513Z,2021-12-20T20:40:32.673Z
190,Woozles,"['The Many Adventures of Winnie the Pooh', ""Pooh's Grand Adventure: The Search for Christopher Robin"", 'Christopher Robin (film)']",['Winnie the Pooh and the Blustery Day'],"['The New Adventures of Winnie the Pooh', 'My Friends Tigger and Pooh']","[""Tigger's Honey Hunt""]","['The Many Adventures of Winnie the Pooh (attraction)', ""Pooh's Hunny Hunt""]",[],[],2021-04-12T03:09:26.020Z,2021-12-20T20:40:31.264Z
191,Xandra,[],[],['Legend of the Three Caballeros'],[],[],[],[],2021-04-12T03:09:47.944Z,2021-12-20T20:40:31.770Z
192,Yan Yan,[],[],['American Dragon: Jake Long'],[],[],[],[],2021-04-12T03:09:58.200Z,2021-12-20T20:40:31.770Z
193,Yori,['Tron'],[],[],[],[],[],[],2021-04-12T03:10:16.886Z,2021-12-20T20:40:32.236Z
194,Kyoko Yoshiko,['Kim Possible Movie: So the Drama'],[],['Kim Possible'],[],[],[],[],2021-04-12T03:10:17.647Z,2021-12-20T20:40:32.236Z
195,Shan-Yu,"['Mulan', 'Once Upon a Halloween', 'Mulan (2020 film)']",[],['House of Mouse'],"[""Disney's Arcade Frenzy"", 'Kingdom Hearts II', 'Disney Crossy Road', ""Disney Sorcerer's Arena"", 'Disney Emoji Blitz', 'Disney Heroes: Battle Mode', 'Disney Getaway Blast']","['World of Color', 'Villains Night Out!', 'The Nightmare Experiment', ""Cinderella's Surprise Celebration""]",[],[],2021-04-12T03:10:22.245Z,2021-12-20T20:40:32.236Z
196,Zipper,"[""Chip 'n Dale Rescue Rangers (film)""]",[],"[""Chip 'n Dale Rescue Rangers"", 'Mighty Ducks (TV series)', 'DuckTales (2017 series)']","[""Chip 'n Dale Rescue Rangers (video game)"", ""Chip 'n Dale Rescue Rangers: The Adventure in Nimnul's Castle"", ""Chip 'n Dale Rescue Rangers 2"", 'Disney Emoji Blitz', ""Disney Sorcerer's Arena""]",[],[],[],2021-04-12T03:11:00.863Z,2021-12-20T20:40:32.673Z
197,Zombies,['The Haunted Mansion (2003 film)'],[],[],[],[],[],[],2021-04-12T03:11:04.097Z,2021-12-20T20:40:32.673Z
198,Victor,[],[],['K.C. Undercover'],[],[],[],[],2021-04-12T03:05:57.332Z,2021-12-20T20:40:28.691Z
199,Wang Daiyu,[],[],['Stitch & Ai'],[],[],[],[],2021-04-12T03:06:55.424Z,2021-12-20T20:40:29.248Z
200,Prince Wazoo,[],[],['Aladdin (TV series)'],[],[],[],[],2021-04-12T03:07:12.751Z,2021-12-20T20:40:29.666Z
201,Weasels,['The Adventures of Ichabod and Mr. Toad'],"['How to Be a Detective', ""Mickey's Christmas Carol"", 'The Prince and the Pauper']","['Bonkers', 'DuckTales', 'House of Mouse', 'The Wonderful World of Mickey Mouse']","['Magical Tetris Challenge', 'Mickey Saves the Day 3D Adventure', ""Mickey's Speedway USA"", ""Chip 'n Dale Rescue Rangers 2"", 'The Great Circus Mystery starring Mickey and Minnie', 'Magical Tetris Challenge', 'Disney Infinity', 'Mickey Mania: The Timeless Adventures of Mickey Mouse', ""Disney Sorcerer's Arena""]","[""Mr. Toad's Wild Ride""]",[],[],2021-04-12T03:07:14.786Z,2021-12-20T20:40:29.666Z
202,White Wolf,['White Fang 2: Myth of the White Wolf'],[],[],[],[],[],[],2021-04-12T03:07:43.111Z,2021-12-20T20:40:30.260Z
203,Woodrow Wilkins,['Condorman'],[],['Toy Story Toons'],[],[],[],[],2021-04-12T03:08:13.540Z,2021-12-20T20:40:30.261Z
204,Mitch Wilkinson,['National Treasure: Book of Secrets'],[],[],[],[],[],[],2021-04-12T03:08:14.777Z,2021-12-20T20:40:30.261Z
205,Will Stutely,['The Story of Robin Hood and His Merrie Men'],[],[],[],[],[],[],2021-04-12T03:08:16.813Z,2021-12-20T20:40:30.261Z
206,Layla Williams,['Sky High'],[],[],[],[],[],[],2021-04-12T03:08:22.730Z,2021-12-20T20:40:30.722Z
207,Willie the Giant,"['Fun and Fancy Free', 'Who Framed Roger Rabbit', 'Honey, I Blew Up the Kid']","[""Mickey's Christmas Carol""]","['Walt Disney anthology series', 'House of Mouse', 'Mickey Mouse Clubhouse', 'Sing Me a Story with Belle']","['Mickey Mania', 'Disney Crossy Road', 'Disney Tsum Tsum (game)', 'Disney Emoji Blitz']","['Sorcerers of the Magic Kingdom', 'Wonderful World of Animation']",[],[],2021-04-12T03:08:25.461Z,2021-12-20T20:40:30.722Z
208,Willow,[],[],['Tangled: The Series'],[],[],[],[],2021-04-12T03:08:28.916Z,2021-12-20T20:40:30.722Z
209,Wingnut,['Mars Needs Moms'],[],[],[],[],[],[],2021-04-12T03:08:37.184Z,2021-12-20T20:40:30.722Z
210,Mr. Winkie,['The Adventures of Ichabod and Mr. Toad'],['The Wind in the Willows'],[],[],"[""Mr. Toad's Wild Ride""]",[],[],2021-04-12T03:08:40.658Z,2021-12-20T20:40:30.722Z
211,The Wolf,['Into the Woods'],[],[],[],[],[],[],2021-04-12T03:08:59.721Z,2021-12-20T20:40:30.723Z
212,Jenny Wren,['Who Framed Roger Rabbit'],"['Who Killed Cock Robin?', ""Mickey's Polo Team"", 'Toby Tortoise Returns']",[],[],[],[],[],2021-04-12T03:09:33.715Z,2021-12-20T20:40:31.264Z
213,Wyvern Clan,[],[],['Gargoyles'],[],[],[],[],2021-04-12T03:09:43.792Z,2021-12-20T20:40:31.770Z
214,Yama,[],[],['Gargoyles'],[],[],[],[],2021-04-12T03:09:56.257Z,2021-12-20T20:40:31.770Z
215,"Yao, Ling, and Chien Po","['Mulan', 'Mulan II', 'Mulan (2020 film)']",[],['House of Mouse'],"['Animated StoryBook: Mulan', 'Kingdom Hearts II', 'Disney Crossy Road']","['Mulan Parade', 'Fantasmic!', 'Disney in the Stars']",[],[],2021-04-12T03:10:00.142Z,2021-12-20T20:40:31.770Z
216,Stanley Yelnats III,['Holes'],[],[],[],[],[],[],2021-04-12T03:10:06.622Z,2021-12-20T20:40:31.770Z
217,Yin,['Leroy & Stitch'],[],"['Lilo & Stitch: The Series', 'Stitch!']",['Disney Tsum Tsum (game)'],[],[],[],2021-04-12T03:10:11.438Z,2021-12-20T20:40:31.770Z
218,Yuckalinda,[],[],['DuckTales'],[],[],[],[],2021-04-12T03:10:23.095Z,2021-12-20T20:40:32.236Z
219,Yun Mibu,[],[],['The Lion Guard'],[],[],[],[],2021-04-12T03:10:24.569Z,2021-12-20T20:40:32.236Z
220,Yupi,"[""The Emperor's New Groove"", ""Kronk's New Groove""]",[],"[""The Emperor's New School""]",[],[],[],[],2021-04-12T03:10:25.883Z,2021-12-20T20:40:32.236Z
221,Zan Olwson,[],[],['DuckTales (2017 series)'],[],[],[],[],2021-04-12T03:10:32.849Z,2021-12-20T20:40:32.236Z
222,Brock Zero,[],[],['Penn Zero: Part-Time Hero'],[],[],[],[],2021-04-12T03:10:48.898Z,2021-12-20T20:40:32.236Z
223,Zeus,[],[],['DuckTales (2017 series)'],[],[],[],[],2021-04-12T03:10:51.001Z,2021-12-20T20:40:32.236Z
224,Zigzag,['Holes'],[],[],[],[],[],[],2021-04-12T03:10:56.490Z,2021-12-20T20:40:32.673Z
225,Zooter,[],[],['Jungle Junction'],[],[],[],[],2021-04-12T03:11:08.434Z,2021-12-20T20:40:32.673Z
226,Zuzu,[],[],[],[],[],[],[],2021-04-12T03:11:17.693Z,2021-12-20T20:40:32.673Z
227,Ãnanda,[],[],['The Lion Guard'],[],[],[],[],2021-04-12T03:11:18.513Z,2021-12-20T20:40:32.673Z
228,Woozles,"['The Many Adventures of Winnie the Pooh', ""Pooh's Grand Adventure: The Search for Christopher Robin"", 'Christopher Robin (film)']",['Winnie the Pooh and the Blustery Day'],"['The New Adventures of Winnie the Pooh', 'My Friends Tigger and Pooh']","[""Tigger's Honey Hunt""]","['The Many Adventures of Winnie the Pooh (attraction)', ""Pooh's Hunny Hunt""]",[],[],2021-04-12T03:09:26.020Z,2021-12-20T20:40:31.264Z
229,Xandra,[],[],['Legend of the Three Caballeros'],[],[],[],[],2021-04-12T03:09:47.944Z,2021-12-20T20:40:31.770Z
230,Yan Yan,[],[],['American Dragon: Jake Long'],[],[],[],[],2021-04-12T03:09:58.200Z,2021-12-20T20:40:31.770Z
231,Yori,['Tron'],[],[],[],[],[],[],2021-04-12T03:10:16.886Z,2021-12-20T20:40:32.236Z
232,Kyoko Yoshiko,['Kim Possible Movie: So the Drama'],[],['Kim Possible'],[],[],[],[],2021-04-12T03:10:17.647Z,2021-12-20T20:40:32.236Z
233,Shan-Yu,"['Mulan', 'Once Upon a Halloween', 'Mulan (2020 film)']",[],['House of Mouse'],"[""Disney's Arcade Frenzy"", 'Kingdom Hearts II', 'Disney Crossy Road', ""Disney Sorcerer's Arena"", 'Disney Emoji Blitz', 'Disney Heroes: Battle Mode', 'Disney Getaway Blast']","['World of Color', 'Villains Night Out!', 'The Nightmare Experiment', ""Cinderella's Surprise Celebration""]",[],[],2021-04-12T03:10:22.245Z,2021-12-20T20:40:32.236Z
234,Zipper,"[""Chip 'n Dale Rescue Rangers (film)""]",[],"[""Chip 'n Dale Rescue Rangers"", 'Mighty Ducks (TV series)', 'DuckTales (2017 series)']","[""Chip 'n Dale Rescue Rangers (video game)"", ""Chip 'n Dale Rescue Rangers: The Adventure in Nimnul's Castle"", ""Chip 'n Dale Rescue Rangers 2"", 'Disney Emoji Blitz', ""Disney Sorcerer's Arena""]",[],[],[],2021-04-12T03:11:00.863Z,2021-12-20T20:40:32.673Z
235,Zombies,['The Haunted Mansion (2003 film)'],[],[],[],[],[],[],2021-04-12T03:11:04.097Z,2021-12-20T20:40:32.673Z
236,Victor,[],[],['K.C. Undercover'],[],[],[],[],2021-04-12T03:05:57.332Z,2021-12-20T20:40:28.691Z
237,Wang Daiyu,[],[],['Stitch & Ai'],[],[],[],[],2021-04-12T03:06:55.424Z,2021-12-20T20:40:29.248Z
238,Prince Wazoo,[],[],['Aladdin (TV series)'],[],[],[],[],2021-04-12T03:07:12.751Z,2021-12-20T20:40:29.666Z
239,Weasels,['The Adventures of Ichabod and Mr. Toad'],"['How to Be a Detective', ""Mickey's Christmas Carol"", 'The Prince and the Pauper']","['Bonkers', 'DuckTales', 'House of Mouse', 'The Wonderful World of Mickey Mouse']","['Magical Tetris Challenge', 'Mickey Saves the Day 3D Adventure', ""Mickey's Speedway USA"", ""Chip 'n Dale Rescue Rangers 2"", 'The Great Circus Mystery starring Mickey and Minnie', 'Magical Tetris Challenge', 'Disney Infinity', 'Mickey Mania: The Timeless Adventures of Mickey Mouse', ""Disney Sorcerer's Arena""]","[""Mr. Toad's Wild Ride""]",[],[],2021-04-12T03:07:14.786Z,2021-12-20T20:40:29.666Z
240,White Wolf,['White Fang 2: Myth of the White Wolf'],[],[],[],[],[],[],2021-04-12T03:07:43.111Z,2021-12-20T20:40:30.260Z
241,Woodrow Wilkins,['Condorman'],[],['Toy Story Toons'],[],[],[],[],2021-04-12T03:08:13.540Z,2021-12-20T20:40:30.261Z
242,Mitch Wilkinson,['National Treasure: Book of Secrets'],[],[],[],[],[],[],2021-04-12T03:08:14.777Z,2021-12-20T20:40:30.261Z
243,Will Stutely,['The Story of Robin Hood and His Merrie Men'],[],[],[],[],[],[],2021-04-12T03:08:16.813Z,2021-12-20T20:40:30.261Z
244,Layla Williams,['Sky High'],[],[],[],[],[],[],2021-04-12T03:08:22.730Z,2021-12-20T20:40:30.722Z
245,Willie the Giant,"['Fun and Fancy Free', 'Who Framed Roger Rabbit', 'Honey, I Blew Up the Kid']","[""Mickey's Christmas Carol""]","['Walt Disney anthology series', 'House of Mouse', 'Mickey Mouse Clubhouse', 'Sing Me a Story with Belle']","['Mickey Mania', 'Disney Crossy Road', 'Disney Tsum Tsum (game)', 'Disney Emoji Blitz']","['Sorcerers of the Magic Kingdom', 'Wonderful World of Animation']",[],[],2021-04-12T03:08:25.461Z,2021-12-20T20:40:30.722Z
246,Willow,[],[],['Tangled: The Series'],[],[],[],[],2021-04-12T03:08:28.916Z,2021-12-20T20:40:30.722Z
247,Wingnut,['Mars Needs Moms'],[],[],[],[],[],[],2021-04-12T03:08:37.184Z,2021-12-20T20:40:30.722Z
248,Mr. Winkie,['The Adventures of Ichabod and Mr. Toad'],['The Wind in the Willows'],[],[],"[""Mr. Toad's Wild Ride""]",[],[],2021-04-12T03:08:40.658Z,2021-12-20T20:40:30.722Z
249,The Wolf,['Into the Woods'],[],[],[],[],[],[],2021-04-12T03:08:59.721Z,2021-12-20T20:40:30.723Z
250,Jenny Wren,['Who Framed Roger Rabbit'],"['Who Killed Cock Robin?', ""Mickey's Polo Team"", 'Toby Tortoise Returns']",[],[],[],[],[],2021-04-12T03:09:33.715Z,2021-12-20T20:40:31.264Z
251,Wyvern Clan,[],[],['Gargoyles'],[],[],[],[],2021-04-12T03:09:43.792Z,2021-12-20T20:40:31.770Z
252,Yama,[],[],['Gargoyles'],[],[],[],[],2021-04-12T03:09:56.257Z,2021-12-20T20:40:31.770Z
253,"Yao, Ling, and Chien Po","['Mulan', 'Mulan II', 'Mulan (2020 film)']",[],['House of Mouse'],"['Animated StoryBook: Mulan', 'Kingdom Hearts II', 'Disney Crossy Road']","['Mulan Parade', 'Fantasmic!', 'Disney in the Stars']",[],[],2021-04-12T03:10:00.142Z,2021-12-20T20:40:31.770Z
254,Stanley Yelnats III,['Holes'],[],[],[],[],[],[],2021-04-12T03:10:06.622Z,2021-12-20T20:40:31.770Z
255,Yin,['Leroy & Stitch'],[],"['Lilo & Stitch: The Series', 'Stitch!']",['Disney Tsum Tsum (game)'],[],[],[],2021-04-12T03:10:11.438Z,2021-12-20T20:40:31.770Z
256,Yuckalinda,[],[],['DuckTales'],[],[],[],[],2021-04-12T03:10:23.095Z,2021-12-20T20:40:32.236Z
257,Yun Mibu,[],[],['The Lion Guard'],[],[],[],[],2021-04-12T03:10:24.569Z,2021-12-20T20:40:32.236Z
258,Yupi,"[""The Emperor's New Groove"", ""Kronk's New Groove""]",[],"[""The Emperor's New School""]",[],[],[],[],2021-04-12T03:10:25.883Z,2021-12-20T20:40:32.236Z
259,Zan Olwson,[],[],['DuckTales (2017 series)'],[],[],[],[],2021-04-12T03:10:32.849Z,2021-12-20T20:40:32.236Z
260,Brock Zero,[],[],['Penn Zero: Part-Time Hero'],[],[],[],[],2021-04-12T03:10:48.898Z,2021-12-20T20:40:32.236Z
261,Zeus,[],[],['DuckTales (2017 series)'],[],[],[],[],2021-04-12T03:10:51.001Z,2021-12-20T20:40:32.236Z
262,Zigzag,['Holes'],[],[],[],[],[],[],2021-04-12T03:10:56.490Z,2021-12-20T20:40:32.673Z
263,Zooter,[],[],['Jungle Junction'],[],[],[],[],2021-04-12T03:11:08.434Z,2021-12-20T20:40:32.673Z
264,Zuzu,[],[],[],[],[],[],[],2021-04-12T03:11:17.693Z,2021-12-20T20:40:32.673Z
265,Ãnanda,[],[],['The Lion Guard'],[],[],[],[],2021-04-12T03:11:18.513Z,2021-12-20T20:40:32.673Z
266,Woozles,"['The Many Adventures of Winnie the Pooh', ""Pooh's Grand Adventure: The Search for Christopher Robin"", 'Christopher Robin (film)']",['Winnie the Pooh and the Blustery Day'],"['The New Adventures of Winnie the Pooh', 'My Friends Tigger and Pooh']","[""Tigger's Honey Hunt""]","['The Many Adventures of Winnie the Pooh (attraction)', ""Pooh's Hunny Hunt""]",[],[],2021-04-12T03:09:26.020Z,2021-12-20T20:40:31.264Z
267,Xandra,[],[],['Legend of the Three Caballeros'],[],[],[],[],2021-04-12T03:09:47.944Z,2021-12-20T20:40:31.770Z
268,Yan Yan,[],[],['American Dragon: Jake Long'],[],[],[],[],2021-04-12T03:09:58.200Z,2021-12-20T20:40:31.770Z
269,Yori,['Tron'],[],[],[],[],[],[],2021-04-12T03:10:16.886Z,2021-12-20T20:40:32.236Z
270,Kyoko Yoshiko,['Kim Possible Movie: So the Drama'],[],['Kim Possible'],[],[],[],[],2021-04-12T03:10:17.647Z,2021-12-20T20:40:32.236Z
271,Shan-Yu,"['Mulan', 'Once Upon a Halloween', 'Mulan (2020 film)']",[],['House of Mouse'],"[""Disney's Arcade Frenzy"", 'Kingdom Hearts II', 'Disney Crossy Road', ""Disney Sorcerer's Arena"", 'Disney Emoji Blitz', 'Disney Heroes: Battle Mode', 'Disney Getaway Blast']","['World of Color', 'Villains Night Out!', 'The Nightmare Experiment', ""Cinderella's Surprise Celebration""]",[],[],2021-04-12T03:10:22.245Z,2021-12-20T20:40:32.236Z
272,Zipper,"[""Chip 'n Dale Rescue Rangers (film)""]",[],"[""Chip 'n Dale Rescue Rangers"", 'Mighty Ducks (TV series)', 'DuckTales (2017 series)']","[""Chip 'n Dale Rescue Rangers (video game)"", ""Chip 'n Dale Rescue Rangers: The Adventure in Nimnul's Castle"", ""Chip 'n Dale Rescue Rangers 2"", 'Disney Emoji Blitz', ""Disney Sorcerer's Arena""]",[],[],[],2021-04-12T03:11:00.863Z,2021-12-20T20:40:32.673Z
273,Zombies,['The Haunted Mansion (2003 film)'],[],[],[],[],[],[],2021-04-12T03:11:04.097Z,2021-12-20T20:40:32.673Z
274,Victor,[],[],['K.C. Undercover'],[],[],[],[],2021-04-12T03:05:57.332Z,2021-12-20T20:40:28.691Z
275,Wang Daiyu,[],[],['Stitch & Ai'],[],[],[],[],2021-04-12T03:06:55.424Z,2021-12-20T20:40:29.248Z
276,Prince Wazoo,[],[],['Aladdin (TV series)'],[],[],[],[],2021-04-12T03:07:12.751Z,2021-12-20T20:40:29.666Z
277,Weasels,['The Adventures of Ichabod and Mr. Toad'],"['How to Be a Detective', ""Mickey's Christmas Carol"", 'The Prince and the Pauper']","['Bonkers', 'DuckTales', 'House of Mouse', 'The Wonderful World of Mickey Mouse']","['Magical Tetris Challenge', 'Mickey Saves the Day 3D Adventure', ""Mickey's Speedway USA"", ""Chip 'n Dale Rescue Rangers 2"", 'The Great Circus Mystery starring Mickey and Minnie', 'Magical Tetris Challenge', 'Disney Infinity', 'Mickey Mania: The Timeless Adventures of Mickey Mouse', ""Disney Sorcerer's Arena""]","[""Mr. Toad's Wild Ride""]",[],[],2021-04-12T03:07:14.786Z,2021-12-20T20:40:29.666Z
278,White Wolf,['White Fang 2: Myth of the White Wolf'],[],[],[],[],[],[],2021-04-12T03:07:43.111Z,2021-12-20T20:40:30.260Z
279,Woodrow Wilkins,['Condorman'],[],['Toy Story Toons'],[],[],[],[],2021-04-12T03:08:13.540Z,2021-12-20T20:40:30.261Z
280,Mitch Wilkinson,['National Treasure: Book of Secrets'],[],[],[],[],[],[],2021-04-12T03:08:14.777Z,2021-12-20T20:40:30.261Z
281,Will Stutely,['The Story of Robin Hood and His Merrie Men'],[],[],[],[],[],[],2021-04-12T03:08:16.813Z,2021-12-20T20:40:30.261Z
282,Layla Williams,['Sky High'],[],[],[],[],[],[],2021-04-12T03:08:22.730Z,2021-12-20T20:40:30.722Z
283,Willie the Giant,"['Fun and Fancy Free', 'Who Framed Roger Rabbit', 'Honey, I Blew Up the Kid']","[""Mickey's Christmas Carol""]","['Walt Disney anthology series', 'House of Mouse', 'Mickey Mouse Clubhouse', 'Sing Me a Story with Belle']","['Mickey Mania', 'Disney Crossy Road', 'Disney Tsum Tsum (game)', 'Disney Emoji Blitz']","['Sorcerers of the Magic Kingdom', 'Wonderful World of Animation']",[],[],2021-04-12T03:08:25.461Z,2021-12-20T20:40:30.722Z
284,Willow,[],[],['Tangled: The Series'],[],[],[],[],2021-04-12T03:08:28.916Z,2021-12-20T20:40:30.722Z
285,Wingnut,['Mars Needs Moms'],[],[],[],[],[],[],2021-04-12T03:08:37.184Z,2021-12-20T20:40:30.722Z
286,Mr. Winkie,['The Adventures of Ichabod and Mr. Toad'],['The Wind in the Willows'],[],[],"[""Mr. Toad's Wild Ride""]",[],[],2021-04-12T03:08:40.658Z,2021-12-20T20:40:30.722Z
287,The Wolf,['Into the Woods'],[],[],[],[],[],[],2021-04-12T03:08:59.721Z,2021-12-20T20:40:30.723Z
288,Jenny Wren,['Who Framed Roger Rabbit'],"['Who Killed Cock Robin?', ""Mickey's Polo Team"", 'Toby Tortoise Returns']",[],[],[],[],[],2021-04-12T03:09:33.715Z,2021-12-20T20:40:31.264Z
289,Wyvern Clan,[],[],['Gargoyles'],[],[],[],[],2021-04-12T03:09:43.792Z,2021-12-20T20:40:31.770Z
290,Yama,[],[],['Gargoyles'],[],[],[],[],2021-04-12T03:09:56.257Z,2021-12-20T20:40:31.770Z
291,"Yao, Ling, and Chien Po","['Mulan', 'Mulan II', 'Mulan (2020 film)']",[],['House of Mouse'],"['Animated StoryBook: Mulan', 'Kingdom Hearts II', 'Disney Crossy Road']","['Mulan Parade', 'Fantasmic!', 'Disney in the Stars']",[],[],2021-04-12T03:10:00.142Z,2021-12-20T20:40:31.770Z
292,Stanley Yelnats III,['Holes'],[],[],[],[],[],[],2021-04-12T03:10:06.622Z,2021-12-20T20:40:31.770Z
293,Yin,['Leroy & Stitch'],[],"['Lilo & Stitch: The Series', 'Stitch!']",['Disney Tsum Tsum (game)'],[],[],[],2021-04-12T03:10:11.438Z,2021-12-20T20:40:31.770Z
294,Yuckalinda,[],[],['DuckTales'],[],[],[],[],2021-04-12T03:10:23.095Z,2021-12-20T20:40:32.236Z
295,Yun Mibu,[],[],['The Lion Guard'],[],[],[],[],2021-04-12T03:10:24.569Z,2021-12-20T20:40:32.236Z
296,Yupi,"[""The Emperor's New Groove"", ""Kronk's New Groove""]",[],"[""The Emperor's New School""]",[],[],[],[],2021-04-12T03:10:25.883Z,2021-12-20T20:40:32.236Z
297,Zan Olwson,[],[],['DuckTales (2017 series)'],[],[],[],[],2021-04-12T03:10:32.849Z,2021-12-20T20:40:32.236Z
298,Brock Zero,[],[],['Penn Zero: Part-Time Hero'],[],[],[],[],2021-04-12T03:10:48.898Z,2021-12-20T20:40:32.236Z
299,Zeus,[],[],['DuckTales (2017 series)'],[],[],[],[],2021-04-12T03:10:51.001Z,2021-12-20T20:40:32.236Z
300,Zigzag,['Holes'],[],[],[],[],[],[],2021-04-12T03:10:56.490Z,2021-12-20T20:40:32.673Z
301,Zooter,[],[],['Jungle Junction'],[],[],[],[],2021-04-12T03:11:08.434Z,2021-12-20T20:40:32.673Z
302,Zuzu,[],[],[],[],[],[],[],2021-04-12T03:11:17.693Z,2021-12-20T20:40:32.673Z
303,Ãnanda,[],[],['The Lion Guard'],[],[],[],[],2021-04-12T03:11:18.513Z,2021-12-20T20:40:32.673Z
304,Woozles,"['The Many Adventures of Winnie the Pooh', ""Pooh's Grand Adventure: The Search for Christopher Robin"", 'Christopher Robin (film)']",['Winnie the Pooh and the Blustery Day'],"['The New Adventures of Winnie the Pooh', 'My Friends Tigger and Pooh']","[""Tigger's Honey Hunt""]","['The Many Adventures of Winnie the Pooh (attraction)', ""Pooh's Hunny Hunt""]",[],[],2021-04-12T03:09:26.020Z,2021-12-20T20:40:31.264Z
305,Xandra,[],[],['Legend of the Three Caballeros'],[],[],[],[],2021-04-12T03:09:47.944Z,2021-12-20T20:40:31.770Z
306,Yan Yan,[],[],['American Dragon: Jake Long'],[],[],[],[],2021-04-12T03:09:58.200Z,2021-12-20T20:40:31.770Z
307,Yori,['Tron'],[],[],[],[],[],[],2021-04-12T03:10:16.886Z,2021-12-20T20:40:32.236Z
308,Kyoko Yoshiko,['Kim Possible Movie: So the Drama'],[],['Kim Possible'],[],[],[],[],2021-04-12T03:10:17.647Z,2021-12-20T20:40:32.236Z
309,Shan-Yu,"['Mulan', 'Once Upon a Halloween', 'Mulan (2020 film)']",[],['House of Mouse'],"[""Disney's Arcade Frenzy"", 'Kingdom Hearts II', 'Disney Crossy Road', ""Disney Sorcerer's Arena"", 'Disney Emoji Blitz', 'Disney Heroes: Battle Mode', 'Disney Getaway Blast']","['World of Color', 'Villains Night Out!', 'The Nightmare Experiment', ""Cinderella's Surprise Celebration""]",[],[],2021-04-12T03:10:22.245Z,2021-12-20T20:40:32.236Z
310,Zipper,"[""Chip 'n Dale Rescue Rangers (film)""]",[],"[""Chip 'n Dale Rescue Rangers"", 'Mighty Ducks (TV series)', 'DuckTales (2017 series)']","[""Chip 'n Dale Rescue Rangers (video game)"", ""Chip 'n Dale Rescue Rangers: The Adventure in Nimnul's Castle"", ""Chip 'n Dale Rescue Rangers 2"", 'Disney Emoji Blitz', ""Disney Sorcerer's Arena""]",[],[],[],2021-04-12T03:11:00.863Z,2021-12-20T20:40:32.673Z
311,Zombies,['The Haunted Mansion (2003 film)'],[],[],[],[],[],[],2021-04-12T03:11:04.097Z,2021-12-20T20:40:32.673Z
312,Victor,[],[],['K.C. Undercover'],[],[],[],[],2021-04-12T03:05:57.332Z,2021-12-20T20:40:28.691Z
313,Wang Daiyu,[],[],['Stitch & Ai'],[],[],[],[],2021-04-12T03:06:55.424Z,2021-12-20T20:40:29.248Z
314,Prince Wazoo,[],[],['Aladdin (TV series)'],[],[],[],[],2021-04-12T03:07:12.751Z,2021-12-20T20:40:29.666Z
315,Weasels,['The Adventures of Ichabod and Mr. Toad'],"['How to Be a Detective', ""Mickey's Christmas Carol"", 'The Prince and the Pauper']","['Bonkers', 'DuckTales', 'House of Mouse', 'The Wonderful World of Mickey Mouse']","['Magical Tetris Challenge', 'Mickey Saves the Day 3D Adventure', ""Mickey's Speedway USA"", ""Chip 'n Dale Rescue Rangers 2"", 'The Great Circus Mystery starring Mickey and Minnie', 'Magical Tetris Challenge', 'Disney Infinity', 'Mickey Mania: The Timeless Adventures of Mickey Mouse', ""Disney Sorcerer's Arena""]","[""Mr. Toad's Wild Ride""]",[],[],2021-04-12T03:07:14.786Z,2021-12-20T20:40:29.666Z
316,White Wolf,['White Fang 2: Myth of the White Wolf'],[],[],[],[],[],[],2021-04-12T03:07:43.111Z,2021-12-20T20:40:30.260Z
317,Woodrow Wilkins,['Condorman'],[],['Toy Story Toons'],[],[],[],[],2021-04-12T03:08:13.540Z,2021-12-20T20:40:30.261Z
318,Mitch Wilkinson,['National Treasure: Book of Secrets'],[],[],[],[],[],[],2021-04-12T03:08:14.777Z,2021-12-20T20:40:30.261Z
319,Will Stutely,['The Story of Robin Hood and His Merrie Men'],[],[],[],[],[],[],2021-04-12T03:08:16.813Z,2021-12-20T20:40:30.261Z
320,Layla Williams,['Sky High'],[],[],[],[],[],[],2021-04-12T03:08:22.730Z,2021-12-20T20:40:30.722Z
321,Willie the Giant,"['Fun and Fancy Free', 'Who Framed Roger Rabbit', 'Honey, I Blew Up the Kid']","[""Mickey's Christmas Carol""]","['Walt Disney anthology series', 'House of Mouse', 'Mickey Mouse Clubhouse', 'Sing Me a Story with Belle']","['Mickey Mania', 'Disney Crossy Road', 'Disney Tsum Tsum (game)', 'Disney Emoji Blitz']","['Sorcerers of the Magic Kingdom', 'Wonderful World of Animation']",[],[],2021-04-12T03:08:25.461Z,2021-12-20T20:40:30.722Z
322,Willow,[],[],['Tangled: The Series'],[],[],[],[],2021-04-12T03:08:28.916Z,2021-12-20T20:40:30.722Z
323,Wingnut,['Mars Needs Moms'],[],[],[],[],[],[],2021-04-12T03:08:37.184Z,2021-12-20T20:40:30.722Z
324,Mr. Winkie,['The Adventures of Ichabod and Mr. Toad'],['The Wind in the Willows'],[],[],"[""Mr. Toad's Wild Ride""]",[],[],2021-04-12T03:08:40.658Z,2021-12-20T20:40:30.722Z
325,The Wolf,['Into the Woods'],[],[],[],[],[],[],2021-04-12T03:08:59.721Z,2021-12-20T20:40:30.723Z
326,Jenny Wren,['Who Framed Roger Rabbit'],"['Who Killed Cock Robin?', ""Mickey's Polo Team"", 'Toby Tortoise Returns']",[],[],[],[],[],2021-04-12T03:09:33.715Z,2021-12-20T20:40:31.264Z
327,Wyvern Clan,[],[],['Gargoyles'],[],[],[],[],2021-04-12T03:09:43.792Z,2021-12-20T20:40:31.770Z
328,Yama,[],[],['Gargoyles'],[],[],[],[],2021-04-12T03:09:56.257Z,2021-12-20T20:40:31.770Z
329,"Yao, Ling, and Chien Po","['Mulan', 'Mulan II', 'Mulan (2020 film)']",[],['House of Mouse'],"['Animated StoryBook: Mulan', 'Kingdom Hearts II', 'Disney Crossy Road']","['Mulan Parade', 'Fantasmic!', 'Disney in the Stars']",[],[],2021-04-12T03:10:00.142Z,2021-12-20T20:40:31.770Z
330,Stanley Yelnats III,['Holes'],[],[],[],[],[],[],2021-04-12T03:10:06.622Z,2021-12-20T20:40:31.770Z
331,Yin,['Leroy & Stitch'],[],"['Lilo & Stitch: The Series', 'Stitch!']",['Disney Tsum Tsum (game)'],[],[],[],2021-04-12T03:10:11.438Z,2021-12-20T20:40:31.770Z
332,Yuckalinda,[],[],['DuckTales'],[],[],[],[],2021-04-12T03:10:23.095Z,2021-12-20T20:40:32.236Z
333,Yun Mibu,[],[],['The Lion Guard'],[],[],[],[],2021-04-12T03:10:24.569Z,2021-12-20T20:40:32.236Z
334,Yupi,"[""The Emperor's New Groove"", ""Kronk's New Groove""]",[],"[""The Emperor's New School""]",[],[],[],[],2021-04-12T03:10:25.883Z,2021-12-20T20:40:32.236Z
335,Zan Olwson,[],[],['DuckTales (2017 series)'],[],[],[],[],2021-04-12T03:10:32.849Z,2021-12-20T20:40:32.236Z
336,Brock Zero,[],[],['Penn Zero: Part-Time Hero'],[],[],[],[],2021-04-12T03:10:48.898Z,2021-12-20T20:40:32.236Z
337,Zeus,[],[],['DuckTales (2017 series)'],[],[],[],[],2021-04-12T03:10:51.001Z,2021-12-20T20:40:32.236Z
338,Zigzag,['Holes'],[],[],[],[],[],[],2021-04-12T03:10:56.490Z,2021-12-20T20:40:32.673Z
339,Zooter,[],[],['Jungle Junction'],[],[],[],[],2021-04-12T03:11:08.434Z,2021-12-20T20:40:32.673Z
340,Zuzu,[],[],[],[],[],[],[],2021-04-12T03:11:17.693Z,2021-12-20T20:40:32.673Z
341,Ãnanda,[],[],['The Lion Guard'],[],[],[],[],2021-04-12T03:11:18.513Z,2021-12-20T20:40:32.673Z
342,Woozles,"['The Many Adventures of Winnie the Pooh', ""Pooh's Grand Adventure: The Search for Christopher Robin"", 'Christopher Robin (film)']",['Winnie the Pooh and the Blustery Day'],"['The New Adventures of Winnie the Pooh', 'My Friends Tigger and Pooh']","[""Tigger's Honey Hunt""]","['The Many Adventures of Winnie the Pooh (attraction)', ""Pooh's Hunny Hunt""]",[],[],2021-04-12T03:09:26.020Z,2021-12-20T20:40:31.264Z
343,Xandra,[],[],['Legend of the Three Caballeros'],[],[],[],[],2021-04-12T03:09:47.944Z,2021-12-20T20:40:31.770Z
344,Yan Yan,[],[],['American Dragon: Jake Long'],[],[],[],[],2021-04-12T03:09:58.200Z,2021-12-20T20:40:31.770Z
345,Yori,['Tron'],[],[],[],[],[],[],2021-04-12T03:10:16.886Z,2021-12-20T20:40:32.236Z
346,Kyoko Yoshiko,['Kim Possible Movie: So the Drama'],[],['Kim Possible'],[],[],[],[],2021-04-12T03:10:17.647Z,2021-12-20T20:40:32.236Z
347,Shan-Yu,"['Mulan', 'Once Upon a Halloween', 'Mulan (2020 film)']",[],['House of Mouse'],"[""Disney's Arcade Frenzy"", 'Kingdom Hearts II', 'Disney Crossy Road', ""Disney Sorcerer's Arena"", 'Disney Emoji Blitz', 'Disney Heroes: Battle Mode', 'Disney Getaway Blast']","['World of Color', 'Villains Night Out!', 'The Nightmare Experiment', ""Cinderella's Surprise Celebration""]",[],[],2021-04-12T03:10:22.245Z,2021-12-20T20:40:32.236Z
348,Zipper,"[""Chip 'n Dale Rescue Rangers (film)""]",[],"[""Chip 'n Dale Rescue Rangers"", 'Mighty Ducks (TV series)', 'DuckTales (2017 series)']","[""Chip 'n Dale Rescue Rangers (video game)"", ""Chip 'n Dale Rescue Rangers: The Adventure in Nimnul's Castle"", ""Chip 'n Dale Rescue Rangers 2"", 'Disney Emoji Blitz', ""Disney Sorcerer's Arena""]",[],[],[],2021-04-12T03:11:00.863Z,2021-12-20T20:40:32.673Z
349,Zombies,['The Haunted Mansion (2003 film)'],[],[],[],[],[],[],2021-04-12T03:11:04.097Z,2021-12-20T20:40:32.673Z
350,Victor,[],[],['K.C. Undercover'],[],[],[],[],2021-04-12T03:05:57.332Z,2021-12-20T20:40:28.691Z
351,Wang Daiyu,[],[],['Stitch & Ai'],[],[],[],[],2021-04-12T03:06:55.424Z,2021-12-20T20:40:29.248Z
352,Prince Wazoo,[],[],['Aladdin (TV series)'],[],[],[],[],2021-04-12T03:07:12.751Z,2021-12-20T20:40:29.666Z
353,Weasels,['The Adventures of Ichabod and Mr. Toad'],"['How to Be a Detective', ""Mickey's Christmas Carol"", 'The Prince and the Pauper']","['Bonkers', 'DuckTales', 'House of Mouse', 'The Wonderful World of Mickey Mouse']","['Magical Tetris Challenge', 'Mickey Saves the Day 3D Adventure', ""Mickey's Speedway USA"", ""Chip 'n Dale Rescue Rangers 2"", 'The Great Circus Mystery starring Mickey and Minnie', 'Magical Tetris Challenge', 'Disney Infinity', 'Mickey Mania: The Timeless Adventures of Mickey Mouse', ""Disney Sorcerer's Arena""]","[""Mr. Toad's Wild Ride""]",[],[],2021-04-12T03:07:14.786Z,2021-12-20T20:40:29.666Z
354,White Wolf,['White Fang 2: Myth of the White Wolf'],[],[],[],[],[],[],2021-04-12T03:07:43.111Z,2021-12-20T20:40:30.260Z
355,Woodrow Wilkins,['Condorman'],[],['Toy Story Toons'],[],[],[],[],2021-04-12T03:08:13.540Z,2021-12-20T20:40:30.261Z
356,Mitch Wilkinson,['National Treasure: Book of Secrets'],[],[],[],[],[],[],2021-04-12T03:08:14.777Z,2021-12-20T20:40:30.261Z
357,Will Stutely,['The Story of Robin Hood and His Merrie Men'],[],[],[],[],[],[],2021-04-12T03:08:16.813Z,2021-12-20T20:40:30.261Z
358,Layla Williams,['Sky High'],[],[],[],[],[],[],2021-04-12T03:08:22.730Z,2021-12-20T20:40:30.722Z
359,Willie the Giant,"['Fun and Fancy Free', 'Who Framed Roger Rabbit', 'Honey, I Blew Up the Kid']","[""Mickey's Christmas Carol""]","['Walt Disney anthology series', 'House of Mouse', 'Mickey Mouse Clubhouse', 'Sing Me a Story with Belle']","['Mickey Mania', 'Disney Crossy Road', 'Disney Tsum Tsum (game)', 'Disney Emoji Blitz']","['Sorcerers of the Magic Kingdom', 'Wonderful World of Animation']",[],[],2021-04-12T03:08:25.461Z,2021-12-20T20:40:30.722Z
360,Willow,[],[],['Tangled: The Series'],[],[],[],[],2021-04-12T03:08:28.916Z,2021-12-20T20:40:30.722Z
361,Wingnut,['Mars Needs Moms'],[],[],[],[],[],[],2021-04-12T03:08:37.184Z,2021-12-20T20:40:30.722Z
362,Mr. Winkie,['The Adventures of Ichabod and Mr. Toad'],['The Wind in the Willows'],[],[],"[""Mr. Toad's Wild Ride""]",[],[],2021-04-12T03:08:40.658Z,2021-12-20T20:40:30.722Z
363,The Wolf,['Into the Woods'],[],[],[],[],[],[],2021-04-12T03:08:59.721Z,2021-12-20T20:40:30.723Z
364,Jenny Wren,['Who Framed Roger Rabbit'],"['Who Killed Cock Robin?', ""Mickey's Polo Team"", 'Toby Tortoise Returns']",[],[],[],[],[],2021-04-12T03:09:33.715Z,2021-12-20T20:40:31.264Z
365,Wyvern Clan,[],[],['Gargoyles'],[],[],[],[],2021-04-12T03:09:43.792Z,2021-12-20T20:40:31.770Z
366,Yama,[],[],['Gargoyles'],[],[],[],[],2021-04-12T03:09:56.257Z,2021-12-20T20:40:31.770Z
367,"Yao, Ling, and Chien Po","['Mulan', 'Mulan II', 'Mulan (2020 film)']",[],['House of Mouse'],"['Animated StoryBook: Mulan', 'Kingdom Hearts II', 'Disney Crossy Road']","['Mulan Parade', 'Fantasmic!', 'Disney in the Stars']",[],[],2021-04-12T03:10:00.142Z,2021-12-20T20:40:31.770Z
368,Stanley Yelnats III,['Holes'],[],[],[],[],[],[],2021-04-12T03:10:06.622Z,2021-12-20T20:40:31.770Z
369,Yin,['Leroy & Stitch'],[],"['Lilo & Stitch: The Series', 'Stitch!']",['Disney Tsum Tsum (game)'],[],[],[],2021-04-12T03:10:11.438Z,2021-12-20T20:40:31.770Z
370,Yuckalinda,[],[],['DuckTales'],[],[],[],[],2021-04-12T03:10:23.095Z,2021-12-20T20:40:32.236Z
371,Yun Mibu,[],[],['The Lion Guard'],[],[],[],[],2021-04-12T03:10:24.569Z,2021-12-20T20:40:32.236Z
372,Yupi,"[""The Emperor's New Groove"", ""Kronk's New Groove""]",[],"[""The Emperor's New School""]",[],[],[],[],2021-04-12T03:10:25.883Z,2021-12-20T20:40:32.236Z
373,Zan Olwson,[],[],['DuckTales (2017 series)'],[],[],[],[],2021-04-12T03:10:32.849Z,2021-12-20T20:40:32.236Z
374,Brock Zero,[],[],['Penn Zero: Part-Time Hero'],[],[],[],[],2021-04-12T03:10:48.898Z,2021-12-20T20:40:32.236Z
375,Zeus,[],[],['DuckTales (2017 series)'],[],[],[],[],2021-04-12T03:10:51.001Z,2021-12-20T20:40:32.236Z
376,Zigzag,['Holes'],[],[],[],[],[],[],2021-04-12T03:10:56.490Z,2021-12-20T20:40:32.673Z
377,Zooter,[],[],['Jungle Junction'],[],[],[],[],2021-04-12T03:11:08.434Z,2021-12-20T20:40:32.673Z
378,Zuzu,[],[],[],[],[],[],[],2021-04-12T03:11:17.693Z,2021-12-20T20:40:32.673Z
379,Ãnanda,[],[],['The Lion Guard'],[],[],[],[],2021-04-12T03:11:18.513Z,2021-12-20T20:40:32.673Z
380,Woozles,"['The Many Adventures of Winnie the Pooh', ""Pooh's Grand Adventure: The Search for Christopher Robin"", 'Christopher Robin (film)']",['Winnie the Pooh and the Blustery Day'],"['The New Adventures of Winnie the Pooh', 'My Friends Tigger and Pooh']","[""Tigger's Honey Hunt""]","['The Many Adventures of Winnie the Pooh (attraction)', ""Pooh's Hunny Hunt""]",[],[],2021-04-12T03:09:26.020Z,2021-12-20T20:40:31.264Z
381,Xandra,[],[],['Legend of the Three Caballeros'],[],[],[],[],2021-04-12T03:09:47.944Z,2021-12-20T20:40:31.770Z
382,Yan Yan,[],[],['American Dragon: Jake Long'],[],[],[],[],2021-04-12T03:09:58.200Z,2021-12-20T20:40:31.770Z
383,Yori,['Tron'],[],[],[],[],[],[],2021-04-12T03:10:16.886Z,2021-12-20T20:40:32.236Z
384,Kyoko Yoshiko,['Kim Possible Movie: So the Drama'],[],['Kim Possible'],[],[],[],[],2021-04-12T03:10:17.647Z,2021-12-20T20:40:32.236Z
385,Shan-Yu,"['Mulan', 'Once Upon a Halloween', 'Mulan (2020 film)']",[],['House of Mouse'],"[""Disney's Arcade Frenzy"", 'Kingdom Hearts II', 'Disney Crossy Road', ""Disney Sorcerer's Arena"", 'Disney Emoji Blitz', 'Disney Heroes: Battle Mode', 'Disney Getaway Blast']","['World of Color', 'Villains Night Out!', 'The Nightmare Experiment', ""Cinderella's Surprise Celebration""]",[],[],2021-04-12T03:10:22.245Z,2021-12-20T20:40:32.236Z
386,Zipper,"[""Chip 'n Dale Rescue Rangers (film)""]",[],"[""Chip 'n Dale Rescue Rangers"", 'Mighty Ducks (TV series)', 'DuckTales (2017 series)']","[""Chip 'n Dale Rescue Rangers (video game)"", ""Chip 'n Dale Rescue Rangers: The Adventure in Nimnul's Castle"", ""Chip 'n Dale Rescue Rangers 2"", 'Disney Emoji Blitz', ""Disney Sorcerer's Arena""]",[],[],[],2021-04-12T03:11:00.863Z,2021-12-20T20:40:32.673Z
387,Zombies,['The Haunted Mansion (2003 film)'],[],[],[],[],[],[],2021-04-12T03:11:04.097Z,2021-12-20T20:40:32.673Z
388,Victor,[],[],['K.C. Undercover'],[],[],[],[],2021-04-12T03:05:57.332Z,2021-12-20T20:40:28.691Z
389,Wang Daiyu,[],[],['Stitch & Ai'],[],[],[],[],2021-04-12T03:06:55.424Z,2021-12-20T20:40:29.248Z
390,Prince Wazoo,[],[],['Aladdin (TV series)'],[],[],[],[],2021-04-12T03:07:12.751Z,2021-12-20T20:40:29.666Z
391,Weasels,['The Adventures of Ichabod and Mr. Toad'],"['How to Be a Detective', ""Mickey's Christmas Carol"", 'The Prince and the Pauper']","['Bonkers', 'DuckTales', 'House of Mouse', 'The Wonderful World of Mickey Mouse']","['Magical Tetris Challenge', 'Mickey Saves the Day 3D Adventure', ""Mickey's Speedway USA"", ""Chip 'n Dale Rescue Rangers 2"", 'The Great Circus Mystery starring Mickey and Minnie', 'Magical Tetris Challenge', 'Disney Infinity', 'Mickey Mania: The Timeless Adventures of Mickey Mouse', ""Disney Sorcerer's Arena""]","[""Mr. Toad's Wild Ride""]",[],[],2021-04-12T03:07:14.786Z,2021-12-20T20:40:29.666Z
392,White Wolf,['White Fang 2: Myth of the White Wolf'],[],[],[],[],[],[],2021-04-12T03:07:43.111Z,2021-12-20T20:40:30.260Z
393,Woodrow Wilkins,['Condorman'],[],['Toy Story Toons'],[],[],[],[],2021-04-12T03:08:13.540Z,2021-12-20T20:40:30.261Z
394,Mitch Wilkinson,['National Treasure: Book of Secrets'],[],[],[],[],[],[],2021-04-12T03:08:14.777Z,2021-12-20T20:40:30.261Z
395,Will Stutely,['The Story of Robin Hood and His Merrie Men'],[],[],[],[],[],[],2021-04-12T03:08:16.813Z,2021-12-20T20:40:30.261Z
396,Layla Williams,['Sky High'],[],[],[],[],[],[],2021-04-12T03:08:22.730Z,2021-12-20T20:40:30.722Z
397,Willie the Giant,"['Fun and Fancy Free', 'Who Framed Roger Rabbit', 'Honey, I Blew Up the Kid']","[""Mickey's Christmas Carol""]","['Walt Disney anthology series', 'House of Mouse', 'Mickey Mouse Clubhouse', 'Sing Me a Story with Belle']","['Mickey Mania', 'Disney Crossy Road', 'Disney Tsum Tsum (game)', 'Disney Emoji Blitz']","['Sorcerers of the Magic Kingdom', 'Wonderful World of Animation']",[],[],2021-04-12T03:08:25.461Z,2021-12-20T20:40:30.722Z
398,Willow,[],[],['Tangled: The Series'],[],[],[],[],2021-04-12T03:08:28.916Z,2021-12-20T20:40:30.722Z
399,Wingnut,['Mars Needs Moms'],[],[],[],[],[],[],2021-04-12T03:08:37.184Z,2021-12-20T20:40:30.722Z
400,Mr. Winkie,['The Adventures of Ichabod and Mr. Toad'],['The Wind in the Willows'],[],[],"[""Mr. Toad's Wild Ride""]",[],[],2021-04-12T03:08:40.658Z,2021-12-20T20:40:30.722Z
401,The Wolf,['Into the Woods'],[],[],[],[],[],[],2021-04-12T03:08:59.721Z,2021-12-20T20:40:30.723Z
402,Jenny Wren,['Who Framed Roger Rabbit'],"['Who Killed Cock Robin?', ""Mickey's Polo Team"", 'Toby Tortoise Returns']",[],[],[],[],[],2021-04-12T03:09:33.715Z,2021-12-20T20:40:31.264Z
403,Wyvern Clan,[],[],['Gargoyles'],[],[],[],[],2021-04-12T03:09:43.792Z,2021-12-20T20:40:31.770Z
404,Yama,[],[],['Gargoyles'],[],[],[],[],2021-04-12T03:09:56.257Z,2021-12-20T20:40:31.770Z
405,"Yao, Ling, and Chien Po","['Mulan', 'Mulan II', 'Mulan (2020 film)']",[],['House of Mouse'],"['Animated StoryBook: Mulan', 'Kingdom Hearts II', 'Disney Crossy Road']","['Mulan Parade', 'Fantasmic!', 'Disney in the Stars']",[],[],2021-04-12T03:10:00.142Z,2021-12-20T20:40:31.770Z
406,Stanley Yelnats III,['Holes'],[],[],[],[],[],[],2021-04-12T03:10:06.622Z,2021-12-20T20:40:31.770Z
407,Yin,['Leroy & Stitch'],[],"['Lilo & Stitch: The Series', 'Stitch!']",['Disney Tsum Tsum (game)'],[],[],[],2021-04-12T03:10:11.438Z,2021-12-20T20:40:31.770Z
408,Yuckalinda,[],[],['DuckTales'],[],[],[],[],2021-04-12T03:10:23.095Z,2021-12-20T20:40:32.236Z
409,Yun Mibu,[],[],['The Lion Guard'],[],[],[],[],2021-04-12T03:10:24.569Z,2021-12-20T20:40:32.236Z
410,Yupi,"[""The Emperor's New Groove"", ""Kronk's New Groove""]",[],"[""The Emperor's New School""]",[],[],[],[],2021-04-12T03:10:25.883Z,2021-12-20T20:40:32.236Z
411,Zan Olwson,[],[],['DuckTales (2017 series)'],[],[],[],[],2021-04-12T03:10:32.849Z,2021-12-20T20:40:32.236Z
412,Brock Zero,[],[],['Penn Zero: Part-Time Hero'],[],[],[],[],2021-04-12T03:10:48.898Z,2021-12-20T20:40:32.236Z
413,Zeus,[],[],['DuckTales (2017 series)'],[],[],[],[],2021-04-12T03:10:51.001Z,2021-12-20T20:40:32.236Z
414,Zigzag,['Holes'],[],[],[],[],[],[],2021-04-12T03:10:56.490Z,2021-12-20T20:40:32.673Z
415,Zooter,[],[],['Jungle Junction'],[],[],[],[],2021-04-12T03:11:08.434Z,2021-12-20T20:40:32.673Z
416,Zuzu,[],[],[],[],[],[],[],2021-04-12T03:11:17.693Z,2021-12-20T20:40:32.673Z
417,Ãnanda,[],[],['The Lion Guard'],[],[],[],[],2021-04-12T03:11:18.513Z,2021-12-20T20:40:32.673Z
418,Woozles,"['The Many Adventures of Winnie the Pooh', ""Pooh's Grand Adventure: The Search for Christopher Robin"", 'Christopher Robin (film)']",['Winnie the Pooh and the Blustery Day'],"['The New Adventures of Winnie the Pooh', 'My Friends Tigger and Pooh']","[""Tigger's Honey Hunt""]","['The Many Adventures of Winnie the Pooh (attraction)', ""Pooh's Hunny Hunt""]",[],[],2021-04-12T03:09:26.020Z,2021-12-20T20:40:31.264Z
419,Xandra,[],[],['Legend of the Three Caballeros'],[],[],[],[],2021-04-12T03:09:47.944Z,2021-12-20T20:40:31.770Z
420,Yan Yan,[],[],['American Dragon: Jake Long'],[],[],[],[],2021-04-12T03:09:58.200Z,2021-12-20T20:40:31.770Z
421,Yori,['Tron'],[],[],[],[],[],[],2021-04-12T03:10:16.886Z,2021-12-20T20:40:32.236Z
422,Kyoko Yoshiko,['Kim Possible Movie: So the Drama'],[],['Kim Possible'],[],[],[],[],2021-04-12T03:10:17.647Z,2021-12-20T20:40:32.236Z
423,Shan-Yu,"['Mulan', 'Once Upon a Halloween', 'Mulan (2020 film)']",[],['House of Mouse'],"[""Disney's Arcade Frenzy"", 'Kingdom Hearts II', 'Disney Crossy Road', ""Disney Sorcerer's Arena"", 'Disney Emoji Blitz', 'Disney Heroes: Battle Mode', 'Disney Getaway Blast']","['World of Color', 'Villains Night Out!', 'The Nightmare Experiment', ""Cinderella's Surprise Celebration""]",[],[],2021-04-12T03:10:22.245Z,2021-12-20T20:40:32.236Z
424,Zipper,"[""Chip 'n Dale Rescue Rangers (film)""]",[],"[""Chip 'n Dale Rescue Rangers"", 'Mighty Ducks (TV series)', 'DuckTales (2017 series)']","[""Chip 'n Dale Rescue Rangers (video game)"", ""Chip 'n Dale Rescue Rangers: The Adventure in Nimnul's Castle"", ""Chip 'n Dale Rescue Rangers 2"", 'Disney Emoji Blitz', ""Disney Sorcerer's Arena""]",[],[],[],2021-04-12T03:11:00.863Z,2021-12-20T20:40:32.673Z
425,Zombies,['The Haunted Mansion (2003 film)'],[],[],[],[],[],[],2021-04-12T03:11:04.097Z,2021-12-20T20:40:32.673Z
426,Victor,[],[],['K.C. Undercover'],[],[],[],[],2021-04-12T03:05:57.332Z,2021-12-20T20:40:28.691Z
427,Wang Daiyu,[],[],['Stitch & Ai'],[],[],[],[],2021-04-12T03:06:55.424Z,2021-12-20T20:40:29.248Z
428,Prince Wazoo,[],[],['Aladdin (TV series)'],[],[],[],[],2021-04-12T03:07:12.751Z,2021-12-20T20:40:29.666Z
429,Weasels,['The Adventures of Ichabod and Mr. Toad'],"['How to Be a Detective', ""Mickey's Christmas Carol"", 'The Prince and the Pauper']","['Bonkers', 'DuckTales', 'House of Mouse', 'The Wonderful World of Mickey Mouse']","['Magical Tetris Challenge', 'Mickey Saves the Day 3D Adventure', ""Mickey's Speedway USA"", ""Chip 'n Dale Rescue Rangers 2"", 'The Great Circus Mystery starring Mickey and Minnie', 'Magical Tetris Challenge', 'Disney Infinity', 'Mickey Mania: The Timeless Adventures of Mickey Mouse', ""Disney Sorcerer's Arena""]","[""Mr. Toad's Wild Ride""]",[],[],2021-04-12T03:07:14.786Z,2021-12-20T20:40:29.666Z
430,White Wolf,['White Fang 2: Myth of the White Wolf'],[],[],[],[],[],[],2021-04-12T03:07:43.111Z,2021-12-20T20:40:30.260Z
431,Woodrow Wilkins,['Condorman'],[],['Toy Story Toons'],[],[],[],[],2021-04-12T03:08:13.540Z,2021-12-20T20:40:30.261Z
432,Mitch Wilkinson,['National Treasure: Book of Secrets'],[],[],[],[],[],[],2021-04-12T03:08:14.777Z,2021-12-20T20:40:30.261Z
433,Will Stutely,['The Story of Robin Hood and His Merrie Men'],[],[],[],[],[],[],2021-04-12T03:08:16.813Z,2021-12-20T20:40:30.261Z
434,Layla Williams,['Sky High'],[],[],[],[],[],[],2021-04-12T03:08:22.730Z,2021-12-20T20:40:30.722Z
435,Willie the Giant,"['Fun and Fancy Free', 'Who Framed Roger Rabbit', 'Honey, I Blew Up the Kid']","[""Mickey's Christmas Carol""]","['Walt Disney anthology series', 'House of Mouse', 'Mickey Mouse Clubhouse', 'Sing Me a Story with Belle']","['Mickey Mania', 'Disney Crossy Road', 'Disney Tsum Tsum (game)', 'Disney Emoji Blitz']","['Sorcerers of the Magic Kingdom', 'Wonderful World of Animation']",[],[],2021-04-12T03:08:25.461Z,2021-12-20T20:40:30.722Z
436,Willow,[],[],['Tangled: The Series'],[],[],[],[],2021-04-12T03:08:28.916Z,2021-12-20T20:40:30.722Z
437,Wingnut,['Mars Needs Moms'],[],[],[],[],[],[],2021-04-12T03:08:37.184Z,2021-12-20T20:40:30.722Z
438,Mr. Winkie,['The Adventures of Ichabod and Mr. Toad'],['The Wind in the Willows'],[],[],"[""Mr. Toad's Wild Ride""]",[],[],2021-04-12T03:08:40.658Z,2021-12-20T20:40:30.722Z
439,The Wolf,['Into the Woods'],[],[],[],[],[],[],2021-04-12T03:08:59.721Z,2021-12-20T20:40:30.723Z
440,Jenny Wren,['Who Framed Roger Rabbit'],"['Who Killed Cock Robin?', ""Mickey's Polo Team"", 'Toby Tortoise Returns']",[],[],[],[],[],2021-04-12T03:09:33.715Z,2021-12-20T20:40:31.264Z
441,Wyvern Clan,[],[],['Gargoyles'],[],[],[],[],2021-04-12T03:09:43.792Z,2021-12-20T20:40:31.770Z
442,Yama,[],[],['Gargoyles'],[],[],[],[],2021-04-12T03:09:56.257Z,2021-12-20T20:40:31.770Z
443,"Yao, Ling, and Chien Po","['Mulan', 'Mulan II', 'Mulan (2020 film)']",[],['House of Mouse'],"['Animated StoryBook: Mulan', 'Kingdom Hearts II', 'Disney Crossy Road']","['Mulan Parade', 'Fantasmic!', 'Disney in the Stars']",[],[],2021-04-12T03:10:00.142Z,2021-12-20T20:40:31.770Z
444,Stanley Yelnats III,['Holes'],[],[],[],[],[],[],2021-04-12T03:10:06.622Z,2021-12-20T20:40:31.770Z
445,Yin,['Leroy & Stitch'],[],"['Lilo & Stitch: The Series', 'Stitch!']",['Disney Tsum Tsum (game)'],[],[],[],2021-04-12T03:10:11.438Z,2021-12-20T20:40:31.770Z
446,Yuckalinda,[],[],['DuckTales'],[],[],[],[],2021-04-12T03:10:23.095Z,2021-12-20T20:40:32.236Z
447,Yun Mibu,[],[],['The Lion Guard'],[],[],[],[],2021-04-12T03:10:24.569Z,2021-12-20T20:40:32.236Z
448,Yupi,"[""The Emperor's New Groove"", ""Kronk's New Groove""]",[],"[""The Emperor's New School""]",[],[],[],[],2021-04-12T03:10:25.883Z,2021-12-20T20:40:32.236Z
449,Zan Olwson,[],[],['DuckTales (2017 series)'],[],[],[],[],2021-04-12T03:10:32.849Z,2021-12-20T20:40:32.236Z
450,Brock Zero,[],[],['Penn Zero: Part-Time Hero'],[],[],[],[],2021-04-12T03:10:48.898Z,2021-12-20T20:40:32.236Z
451,Zeus,[],[],['DuckTales (2017 series)'],[],[],[],[],2021-04-12T03:10:51.001Z,2021-12-20T20:40:32.236Z
452,Zigzag,['Holes'],[],[],[],[],[],[],2021-04-12T03:10:56.490Z,2021-12-20T20:40:32.673Z
453,Zooter,[],[],['Jungle Junction'],[],[],[],[],2021-04-12T03:11:08.434Z,2021-12-20T20:40:32.673Z
454,Zuzu,[],[],[],[],[],[],[],2021-04-12T03:11:17.693Z,2021-12-20T20:40:32.673Z
455,Ãnanda,[],[],['The Lion Guard'],[],[],[],[],2021-04-12T03:11:18.513Z,2021-12-20T20:40:32.673Z
456,Woozles,"['The Many Adventures of Winnie the Pooh', ""Pooh's Grand Adventure: The Search for Christopher Robin"", 'Christopher Robin (film)']",['Winnie the Pooh and the Blustery Day'],"['The New Adventures of Winnie the Pooh', 'My Friends Tigger and Pooh']","[""Tigger's Honey Hunt""]","['The Many Adventures of Winnie the Pooh (attraction)', ""Pooh's Hunny Hunt""]",[],[],2021-04-12T03:09:26.020Z,2021-12-20T20:40:31.264Z
457,Xandra,[],[],['Legend of the Three Caballeros'],[],[],[],[],2021-04-12T03:09:47.944Z,2021-12-20T20:40:31.770Z
458,Yan Yan,[],[],['American Dragon: Jake Long'],[],[],[],[],2021-04-12T03:09:58.200Z,2021-12-20T20:40:31.770Z
459,Yori,['Tron'],[],[],[],[],[],[],2021-04-12T03:10:16.886Z,2021-12-20T20:40:32.236Z
460,Kyoko Yoshiko,['Kim Possible Movie: So the Drama'],[],['Kim Possible'],[],[],[],[],2021-04-12T03:10:17.647Z,2021-12-20T20:40:32.236Z
461,Shan-Yu,"['Mulan', 'Once Upon a Halloween', 'Mulan (2020 film)']",[],['House of Mouse'],"[""Disney's Arcade Frenzy"", 'Kingdom Hearts II', 'Disney Crossy Road', ""Disney Sorcerer's Arena"", 'Disney Emoji Blitz', 'Disney Heroes: Battle Mode', 'Disney Getaway Blast']","['World of Color', 'Villains Night Out!', 'The Nightmare Experiment', ""Cinderella's Surprise Celebration""]",[],[],2021-04-12T03:10:22.245Z,2021-12-20T20:40:32.236Z
462,Zipper,"[""Chip 'n Dale Rescue Rangers (film)""]",[],"[""Chip 'n Dale Rescue Rangers"", 'Mighty Ducks (TV series)', 'DuckTales (2017 series)']","[""Chip 'n Dale Rescue Rangers (video game)"", ""Chip 'n Dale Rescue Rangers: The Adventure in Nimnul's Castle"", ""Chip 'n Dale Rescue Rangers 2"", 'Disney Emoji Blitz', ""Disney Sorcerer's Arena""]",[],[],[],2021-04-12T03:11:00.863Z,2021-12-20T20:40:32.673Z
463,Zombies,['The Haunted Mansion (2003 film)'],[],[],[],[],[],[],2021-04-12T03:11:04.097Z,2021-12-20T20:40:32.673Z
464,Victor,[],[],['K.C. Undercover'],[],[],[],[],2021-04-12T03:05:57.332Z,2021-12-20T20:40:28.691Z
465,Wang Daiyu,[],[],['Stitch & Ai'],[],[],[],[],2021-04-12T03:06:55.424Z,2021-12-20T20:40:29.248Z
466,Prince Wazoo,[],[],['Aladdin (TV series)'],[],[],[],[],2021-04-12T03:07:12.751Z,2021-12-20T20:40:29.666Z
467,Weasels,['The Adventures of Ichabod and Mr. Toad'],"['How to Be a Detective', ""Mickey's Christmas Carol"", 'The Prince and the Pauper']","['Bonkers', 'DuckTales', 'House of Mouse', 'The Wonderful World of Mickey Mouse']","['Magical Tetris Challenge', 'Mickey Saves the Day 3D Adventure', ""Mickey's Speedway USA"", ""Chip 'n Dale Rescue Rangers 2"", 'The Great Circus Mystery starring Mickey and Minnie', 'Magical Tetris Challenge', 'Disney Infinity', 'Mickey Mania: The Timeless Adventures of Mickey Mouse', ""Disney Sorcerer's Arena""]","[""Mr. Toad's Wild Ride""]",[],[],2021-04-12T03:07:14.786Z,2021-12-20T20:40:29.666Z
468,White Wolf,['White Fang 2: Myth of the White Wolf'],[],[],[],[],[],[],2021-04-12T03:07:43.111Z,2021-12-20T20:40:30.260Z
469,Woodrow Wilkins,['Condorman'],[],['Toy Story Toons'],[],[],[],[],2021-04-12T03:08:13.540Z,2021-12-20T20:40:30.261Z
470,Mitch Wilkinson,['National Treasure: Book of Secrets'],[],[],[],[],[],[],2021-04-12T03:08:14.777Z,2021-12-20T20:40:30.261Z
471,Will Stutely,['The Story of Robin Hood and His Merrie Men'],[],[],[],[],[],[],2021-04-12T03:08:16.813Z,2021-12-20T20:40:30.261Z
472,Layla Williams,['Sky High'],[],[],[],[],[],[],2021-04-12T03:08:22.730Z,2021-12-20T20:40:30.722Z
473,Willie the Giant,"['Fun and Fancy Free', 'Who Framed Roger Rabbit', 'Honey, I Blew Up the Kid']","[""Mickey's Christmas Carol""]","['Walt Disney anthology series', 'House of Mouse', 'Mickey Mouse Clubhouse', 'Sing Me a Story with Belle']","['Mickey Mania', 'Disney Crossy Road', 'Disney Tsum Tsum (game)', 'Disney Emoji Blitz']","['Sorcerers of the Magic Kingdom', 'Wonderful World of Animation']",[],[],2021-04-12T03:08:25.461Z,2021-12-20T20:40:30.722Z
474,Willow,[],[],['Tangled: The Series'],[],[],[],[],2021-04-12T03:08:28.916Z,2021-12-20T20:40:30.722Z
475,Wingnut,['Mars Needs Moms'],[],[],[],[],[],[],2021-04-12T03:08:37.184Z,2021-12-20T20:40:30.722Z
476,Mr. Winkie,['The Adventures of Ichabod and Mr. Toad'],['The Wind in the Willows'],[],[],"[""Mr. Toad's Wild Ride""]",[],[],2021-04-12T03:08:40.658Z,2021-12-20T20:40:30.722Z
477,The Wolf,['Into the Woods'],[],[],[],[],[],[],2021-04-12T03:08:59.721Z,2021-12-20T20:40:30.723Z
478,Jenny Wren,['Who Framed Roger Rabbit'],"['Who Killed Cock Robin?', ""Mickey's Polo Team"", 'Toby Tortoise Returns']",[],[],[],[],[],2021-04-12T03:09:33.715Z,2021-12-20T20:40:31.264Z
479,Wyvern Clan,[],[],['Gargoyles'],[],[],[],[],2021-04-12T03:09:43.792Z,2021-12-20T20:40:31.770Z
480,Yama,[],[],['Gargoyles'],[],[],[],[],2021-04-12T03:09:56.257Z,2021-12-20T20:40:31.770Z
481,"Yao, Ling, and Chien Po","['Mulan', 'Mulan II', 'Mulan (2020 film)']",[],['House of Mouse'],"['Animated StoryBook: Mulan', 'Kingdom Hearts II', 'Disney Crossy Road']","['Mulan Parade', 'Fantasmic!', 'Disney in the Stars']",[],[],2021-04-12T03:10:00.142Z,2021-12-20T20:40:31.770Z
482,Stanley Yelnats III,['Holes'],[],[],[],[],[],[],2021-04-12T03:10:06.622Z,2021-12-20T20:40:31.770Z
483,Yin,['Leroy & Stitch'],[],"['Lilo & Stitch: The Series', 'Stitch!']",['Disney Tsum Tsum (game)'],[],[],[],2021-04-12T03:10:11.438Z,2021-12-20T20:40:31.770Z
484,Yuckalinda,[],[],['DuckTales'],[],[],[],[],2021-04-12T03:10:23.095Z,2021-12-20T20:40:32.236Z
485,Yun Mibu,[],[],['The Lion Guard'],[],[],[],[],2021-04-12T03:10:24.569Z,2021-12-20T20:40:32.236Z
486,Yupi,"[""The Emperor's New Groove"", ""Kronk's New Groove""]",[],"[""The Emperor's New School""]",[],[],[],[],2021-04-12T03:10:25.883Z,2021-12-20T20:40:32.236Z
487,Zan Olwson,[],[],['DuckTales (2017 series)'],[],[],[],[],2021-04-12T03:10:32.849Z,2021-12-20T20:40:32.236Z
488,Brock Zero,[],[],['Penn Zero: Part-Time Hero'],[],[],[],[],2021-04-12T03:10:48.898Z,2021-12-20T20:40:32.236Z
489,Zeus,[],[],['DuckTales (2017 series)'],[],[],[],[],2021-04-12T03:10:51.001Z,2021-12-20T20:40:32.236Z
490,Zigzag,['Holes'],[],[],[],[],[],[],2021-04-12T03:10:56.490Z,2021-12-20T20:40:32.673Z
491,Zooter,[],[],['Jungle Junction'],[],[],[],[],2021-04-12T03:11:08.434Z,2021-12-20T20:40:32.673Z
492,Zuzu,[],[],[],[],[],[],[],2021-04-12T03:11:17.693Z,2021-12-20T20:40:32.673Z
493,Ãnanda,[],[],['The Lion Guard'],[],[],[],[],2021-04-12T03:11:18.513Z,2021-12-20T20:40:32.673Z
494,Woozles,"['The Many Adventures of Winnie the Pooh', ""Pooh's Grand Adventure: The Search for Christopher Robin"", 'Christopher Robin (film)']",['Winnie the Pooh and the Blustery Day'],"['The New Adventures of Winnie the Pooh', 'My Friends Tigger and Pooh']","[""Tigger's Honey Hunt""]","['The Many Adventures of Winnie the Pooh (attraction)', ""Pooh's Hunny Hunt""]",[],[],2021-04-12T03:09:26.020Z,2021-12-20T20:40:31.264Z
495,Xandra,[],[],['Legend of the Three Caballeros'],[],[],[],[],2021-04-12T03:09:47.944Z,2021-12-20T20:40:31.770Z
496,Yan Yan,[],[],['American Dragon: Jake Long'],[],[],[],[],2021-04-12T03:09:58.200Z,2021-12-20T20:40:31.770Z
497,Yori,['Tron'],[],[],[],[],[],[],2021-04-12T03:10:16.886Z,2021-12-20T20:40:32.236Z
498,Kyoko Yoshiko,['Kim Possible Movie: So the Drama'],[],['Kim Possible'],[],[],[],[],2021-04-12T03:10:17.647Z,2021-12-20T20:40:32.236Z
499,Shan-Yu,"['Mulan', 'Once Upon a Halloween', 'Mulan (2020 film)']",[],['House of Mouse'],"[""Disney's Arcade Frenzy"", 'Kingdom Hearts II', 'Disney Crossy Road', ""Disney Sorcerer's Arena"", 'Disney Emoji Blitz', 'Disney Heroes: Battle Mode', 'Disney Getaway Blast']","['World of Color', 'Villains Night Out!', 'The Nightmare Experiment', ""Cinderella's Surprise Celebration""]",[],[],2021-04-12T03:10:22.245Z,2021-12-20T20:40:32.236Z
500,Zipper,"[""Chip 'n Dale Rescue Rangers (film)""]",[],"[""Chip 'n Dale Rescue Rangers"", 'Mighty Ducks (TV series)', 'DuckTales (2017 series)']","[""Chip 'n Dale Rescue Rangers (video game)"", ""Chip 'n Dale Rescue Rangers: The Adventure in Nimnul's Castle"", ""Chip 'n Dale Rescue Rangers 2"", 'Disney Emoji Blitz', ""Disney Sorcerer's Arena""]",[],[],[],2021-04-12T03:11:00.863Z,2021-12-20T20:40:32.673Z
501,Zombies,['The Haunted Mansion (2003 film)'],[],[],[],[],[],[],2021-04-12T03:11:04.097Z,2021-12-20T20:40:32.673Z
502,Victor,[],[],['K.C. Undercover'],[],[],[],[],2021-04-12T03:05:57.332Z,2021-12-20T20:40:28.691Z
503,Wang Daiyu,[],[],['Stitch & Ai'],[],[],[],[],2021-04-12T03:06:55.424Z,2021-12-20T20:40:29.248Z
504,Prince Wazoo,[],[],['Aladdin (TV series)'],[],[],[],[],2021-04-12T03:07:12.751Z,2021-12-20T20:40:29.666Z
505,Weasels,['The Adventures of Ichabod and Mr. Toad'],"['How to Be a Detective', ""Mickey's Christmas Carol"", 'The Prince and the Pauper']","['Bonkers', 'DuckTales', 'House of Mouse', 'The Wonderful World of Mickey Mouse']","['Magical Tetris Challenge', 'Mickey Saves the Day 3D Adventure', ""Mickey's Speedway USA"", ""Chip 'n Dale Rescue Rangers 2"", 'The Great Circus Mystery starring Mickey and Minnie', 'Magical Tetris Challenge', 'Disney Infinity', 'Mickey Mania: The Timeless Adventures of Mickey Mouse', ""Disney Sorcerer's Arena""]","[""Mr. Toad's Wild Ride""]",[],[],2021-04-12T03:07:14.786Z,2021-12-20T20:40:29.666Z
506,White Wolf,['White Fang 2: Myth of the White Wolf'],[],[],[],[],[],[],2021-04-12T03:07:43.111Z,2021-12-20T20:40:30.260Z
507,Woodrow Wilkins,['Condorman'],[],['Toy Story Toons'],[],[],[],[],2021-04-12T03:08:13.540Z,2021-12-20T20:40:30.261Z
508,Mitch Wilkinson,['National Treasure: Book of Secrets'],[],[],[],[],[],[],2021-04-12T03:08:14.777Z,2021-12-20T20:40:30.261Z
509,Will Stutely,['The Story of Robin Hood and His Merrie Men'],[],[],[],[],[],[],2021-04-12T03:08:16.813Z,2021-12-20T20:40:30.261Z
510,Layla Williams,['Sky High'],[],[],[],[],[],[],2021-04-12T03:08:22.730Z,2021-12-20T20:40:30.722Z
511,Willie the Giant,"['Fun and Fancy Free', 'Who Framed Roger Rabbit', 'Honey, I Blew Up the Kid']","[""Mickey's Christmas Carol""]","['Walt Disney anthology series', 'House of Mouse', 'Mickey Mouse Clubhouse', 'Sing Me a Story with Belle']","['Mickey Mania', 'Disney Crossy Road', 'Disney Tsum Tsum (game)', 'Disney Emoji Blitz']","['Sorcerers of the Magic Kingdom', 'Wonderful World of Animation']",[],[],2021-04-12T03:08:25.461Z,2021-12-20T20:40:30.722Z
512,Willow,[],[],['Tangled: The Series'],[],[],[],[],2021-04-12T03:08:28.916Z,2021-12-20T20:40:30.722Z
513,Wingnut,['Mars Needs Moms'],[],[],[],[],[],[],2021-04-12T03:08:37.184Z,2021-12-20T20:40:30.722Z
514,Mr. Winkie,['The Adventures of Ichabod and Mr. Toad'],['The Wind in the Willows'],[],[],"[""Mr. Toad's Wild Ride""]",[],[],2021-04-12T03:08:40.658Z,2021-12-20T20:40:30.722Z
515,The Wolf,['Into the Woods'],[],[],[],[],[],[],2021-04-12T03:08:59.721Z,2021-12-20T20:40:30.723Z
516,Jenny Wren,['Who Framed Roger Rabbit'],"['Who Killed Cock Robin?', ""Mickey's Polo Team"", 'Toby Tortoise Returns']",[],[],[],[],[],2021-04-12T03:09:33.715Z,2021-12-20T20:40:31.264Z
517,Wyvern Clan,[],[],['Gargoyles'],[],[],[],[],2021-04-12T03:09:43.792Z,2021-12-20T20:40:31.770Z
518,Yama,[],[],['Gargoyles'],[],[],[],[],2021-04-12T03:09:56.257Z,2021-12-20T20:40:31.770Z
519,"Yao, Ling, and Chien Po","['Mulan', 'Mulan II', 'Mulan (2020 film)']",[],['House of Mouse'],"['Animated StoryBook: Mulan', 'Kingdom Hearts II', 'Disney Crossy Road']","['Mulan Parade', 'Fantasmic!', 'Disney in the Stars']",[],[],2021-04-12T03:10:00.142Z,2021-12-20T20:40:31.770Z
520,Stanley Yelnats III,['Holes'],[],[],[],[],[],[],2021-04-12T03:10:06.622Z,2021-12-20T20:40:31.770Z
521,Yin,['Leroy & Stitch'],[],"['Lilo & Stitch: The Series', 'Stitch!']",['Disney Tsum Tsum (game)'],[],[],[],2021-04-12T03:10:11.438Z,2021-12-20T20:40:31.770Z
522,Yuckalinda,[],[],['DuckTales'],[],[],[],[],2021-04-12T03:10:23.095Z,2021-12-20T20:40:32.236Z
523,Yun Mibu,[],[],['The Lion Guard'],[],[],[],[],2021-04-12T03:10:24.569Z,2021-12-20T20:40:32.236Z
524,Yupi,"[""The Emperor's New Groove"", ""Kronk's New Groove""]",[],"[""The Emperor's New School""]",[],[],[],[],2021-04-12T03:10:25.883Z,2021-12-20T20:40:32.236Z
525,Zan Olwson,[],[],['DuckTales (2017 series)'],[],[],[],[],2021-04-12T03:10:32.849Z,2021-12-20T20:40:32.236Z
526,Brock Zero,[],[],['Penn Zero: Part-Time Hero'],[],[],[],[],2021-04-12T03:10:48.898Z,2021-12-20T20:40:32.236Z
527,Zeus,[],[],['DuckTales (2017 series)'],[],[],[],[],2021-04-12T03:10:51.001Z,2021-12-20T20:40:32.236Z
528,Zigzag,['Holes'],[],[],[],[],[],[],2021-04-12T03:10:56.490Z,2021-12-20T20:40:32.673Z
529,Zooter,[],[],['Jungle Junction'],[],[],[],[],2021-04-12T03:11:08.434Z,2021-12-20T20:40:32.673Z
530,Zuzu,[],[],[],[],[],[],[],2021-04-12T03:11:17.693Z,2021-12-20T20:40:32.673Z
531,Ãnanda,[],[],['The Lion Guard'],[],[],[],[],2021-04-12T03:11:18.513Z,2021-12-20T20:40:32.673Z
532,Woozles,"['The Many Adventures of Winnie the Pooh', ""Pooh's Grand Adventure: The Search for Christopher Robin"", 'Christopher Robin (film)']",['Winnie the Pooh and the Blustery Day'],"['The New Adventures of Winnie the Pooh', 'My Friends Tigger and Pooh']","[""Tigger's Honey Hunt""]","['The Many Adventures of Winnie the Pooh (attraction)', ""Pooh's Hunny Hunt""]",[],[],2021-04-12T03:09:26.020Z,2021-12-20T20:40:31.264Z
533,Xandra,[],[],['Legend of the Three Caballeros'],[],[],[],[],2021-04-12T03:09:47.944Z,2021-12-20T20:40:31.770Z
534,Yan Yan,[],[],['American Dragon: Jake Long'],[],[],[],[],2021-04-12T03:09:58.200Z,2021-12-20T20:40:31.770Z
535,Yori,['Tron'],[],[],[],[],[],[],2021-04-12T03:10:16.886Z,2021-12-20T20:40:32.236Z
536,Kyoko Yoshiko,['Kim Possible Movie: So the Drama'],[],['Kim Possible'],[],[],[],[],2021-04-12T03:10:17.647Z,2021-12-20T20:40:32.236Z
537,Shan-Yu,"['Mulan', 'Once Upon a Halloween', 'Mulan (2020 film)']",[],['House of Mouse'],"[""Disney's Arcade Frenzy"", 'Kingdom Hearts II', 'Disney Crossy Road', ""Disney Sorcerer's Arena"", 'Disney Emoji Blitz', 'Disney Heroes: Battle Mode', 'Disney Getaway Blast']","['World of Color', 'Villains Night Out!', 'The Nightmare Experiment', ""Cinderella's Surprise Celebration""]",[],[],2021-04-12T03:10:22.245Z,2021-12-20T20:40:32.236Z
538,Zipper,"[""Chip 'n Dale Rescue Rangers (film)""]",[],"[""Chip 'n Dale Rescue Rangers"", 'Mighty Ducks (TV series)', 'DuckTales (2017 series)']","[""Chip 'n Dale Rescue Rangers (video game)"", ""Chip 'n Dale Rescue Rangers: The Adventure in Nimnul's Castle"", ""Chip 'n Dale Rescue Rangers 2"", 'Disney Emoji Blitz', ""Disney Sorcerer's Arena""]",[],[],[],2021-04-12T03:11:00.863Z,2021-12-20T20:40:32.673Z
539,Zombies,['The Haunted Mansion (2003 film)'],[],[],[],[],[],[],2021-04-12T03:11:04.097Z,2021-12-20T20:40:32.673Z
540,Victor,[],[],['K.C. Undercover'],[],[],[],[],2021-04-12T03:05:57.332Z,2021-12-20T20:40:28.691Z
541,Wang Daiyu,[],[],['Stitch & Ai'],[],[],[],[],2021-04-12T03:06:55.424Z,2021-12-20T20:40:29.248Z
542,Prince Wazoo,[],[],['Aladdin (TV series)'],[],[],[],[],2021-04-12T03:07:12.751Z,2021-12-20T20:40:29.666Z
543,Weasels,['The Adventures of Ichabod and Mr. Toad'],"['How to Be a Detective', ""Mickey's Christmas Carol"", 'The Prince and the Pauper']","['Bonkers', 'DuckTales', 'House of Mouse', 'The Wonderful World of Mickey Mouse']","['Magical Tetris Challenge', 'Mickey Saves the Day 3D Adventure', ""Mickey's Speedway USA"", ""Chip 'n Dale Rescue Rangers 2"", 'The Great Circus Mystery starring Mickey and Minnie', 'Magical Tetris Challenge', 'Disney Infinity', 'Mickey Mania: The Timeless Adventures of Mickey Mouse', ""Disney Sorcerer's Arena""]","[""Mr. Toad's Wild Ride""]",[],[],2021-04-12T03:07:14.786Z,2021-12-20T20:40:29.666Z
544,White Wolf,['White Fang 2: Myth of the White Wolf'],[],[],[],[],[],[],2021-04-12T03:07:43.111Z,2021-12-20T20:40:30.260Z
545,Woodrow Wilkins,['Condorman'],[],['Toy Story Toons'],[],[],[],[],2021-04-12T03:08:13.540Z,2021-12-20T20:40:30.261Z
546,Mitch Wilkinson,['National Treasure: Book of Secrets'],[],[],[],[],[],[],2021-04-12T03:08:14.777Z,2021-12-20T20:40:30.261Z
547,Will Stutely,['The Story of Robin Hood and His Merrie Men'],[],[],[],[],[],[],2021-04-12T03:08:16.813Z,2021-12-20T20:40:30.261Z
548,Layla Williams,['Sky High'],[],[],[],[],[],[],2021-04-12T03:08:22.730Z,2021-12-20T20:40:30.722Z
549,Willie the Giant,"['Fun and Fancy Free', 'Who Framed Roger Rabbit', 'Honey, I Blew Up the Kid']","[""Mickey's Christmas Carol""]","['Walt Disney anthology series', 'House of Mouse', 'Mickey Mouse Clubhouse', 'Sing Me a Story with Belle']","['Mickey Mania', 'Disney Crossy Road', 'Disney Tsum Tsum (game)', 'Disney Emoji Blitz']","['Sorcerers of the Magic Kingdom', 'Wonderful World of Animation']",[],[],2021-04-12T03:08:25.461Z,2021-12-20T20:40:30.722Z
550,Willow,[],[],['Tangled: The Series'],[],[],[],[],2021-04-12T03:08:28.916Z,2021-12-20T20:40:30.722Z
551,Wingnut,['Mars Needs Moms'],[],[],[],[],[],[],2021-04-12T03:08:37.184Z,2021-12-20T20:40:30.722Z
552,Mr. Winkie,['The Adventures of Ichabod and Mr. Toad'],['The Wind in the Willows'],[],[],"[""Mr. Toad's Wild Ride""]",[],[],2021-04-12T03:08:40.658Z,2021-12-20T20:40:30.722Z
553,The Wolf,['Into the Woods'],[],[],[],[],[],[],2021-04-12T03:08:59.721Z,2021-12-20T20:40:30.723Z
554,Jenny Wren,['Who Framed Roger Rabbit'],"['Who Killed Cock Robin?', ""Mickey's Polo Team"", 'Toby Tortoise Returns']",[],[],[],[],[],2021-04-12T03:09:33.715Z,2021-12-20T20:40:31.264Z
555,Wyvern Clan,[],[],['Gargoyles'],[],[],[],[],2021-04-12T03:09:43.792Z,2021-12-20T20:40:31.770Z
556,Yama,[],[],['Gargoyles'],[],[],[],[],2021-04-12T03:09:56.257Z,2021-12-20T20:40:31.770Z
557,"Yao, Ling, and Chien Po","['Mulan', 'Mulan II', 'Mulan (2020 film)']",[],['House of Mouse'],"['Animated StoryBook: Mulan', 'Kingdom Hearts II', 'Disney Crossy Road']","['Mulan Parade', 'Fantasmic!', 'Disney in the Stars']",[],[],2021-04-12T03:10:00.142Z,2021-12-20T20:40:31.770Z
558,Stanley Yelnats III,['Holes'],[],[],[],[],[],[],2021-04-12T03:10:06.622Z,2021-12-20T20:40:31.770Z
559,Yin,['Leroy & Stitch'],[],"['Lilo & Stitch: The Series', 'Stitch!']",['Disney Tsum Tsum (game)'],[],[],[],2021-04-12T03:10:11.438Z,2021-12-20T20:40:31.770Z
560,Yuckalinda,[],[],['DuckTales'],[],[],[],[],2021-04-12T03:10:23.095Z,2021-12-20T20:40:32.236Z
561,Yun Mibu,[],[],['The Lion Guard'],[],[],[],[],2021-04-12T03:10:24.569Z,2021-12-20T20:40:32.236Z
562,Yupi,"[""The Emperor's New Groove"", ""Kronk's New Groove""]",[],"[""The Emperor's New School""]",[],[],[],[],2021-04-12T03:10:25.883Z,2021-12-20T20:40:32.236Z
563,Zan Olwson,[],[],['DuckTales (2017 series)'],[],[],[],[],2021-04-12T03:10:32.849Z,2021-12-20T20:40:32.236Z
564,Brock Zero,[],[],['Penn Zero: Part-Time Hero'],[],[],[],[],2021-04-12T03:10:48.898Z,2021-12-20T20:40:32.236Z
565,Zeus,[],[],['DuckTales (2017 series)'],[],[],[],[],2021-04-12T03:10:51.001Z,2021-12-20T20:40:32.236Z
566,Zigzag,['Holes'],[],[],[],[],[],[],2021-04-12T03:10:56.490Z,2021-12-20T20:40:32.673Z
567,Zooter,[],[],['Jungle Junction'],[],[],[],[],2021-04-12T03:11:08.434Z,2021-12-20T20:40:32.673Z
568,Zuzu,[],[],[],[],[],[],[],2021-04-12T03:11:17.693Z,2021-12-20T20:40:32.673Z
569,Ãnanda,[],[],['The Lion Guard'],[],[],[],[],2021-04-12T03:11:18.513Z,2021-12-20T20:40:32.673Z
570,Woozles,"['The Many Adventures of Winnie the Pooh', ""Pooh's Grand Adventure: The Search for Christopher Robin"", 'Christopher Robin (film)']",['Winnie the Pooh and the Blustery Day'],"['The New Adventures of Winnie the Pooh', 'My Friends Tigger and Pooh']","[""Tigger's Honey Hunt""]","['The Many Adventures of Winnie the Pooh (attraction)', ""Pooh's Hunny Hunt""]",[],[],2021-04-12T03:09:26.020Z,2021-12-20T20:40:31.264Z
571,Xandra,[],[],['Legend of the Three Caballeros'],[],[],[],[],2021-04-12T03:09:47.944Z,2021-12-20T20:40:31.770Z
572,Yan Yan,[],[],['American Dragon: Jake Long'],[],[],[],[],2021-04-12T03:09:58.200Z,2021-12-20T20:40:31.770Z
573,Yori,['Tron'],[],[],[],[],[],[],2021-04-12T03:10:16.886Z,2021-12-20T20:40:32.236Z
574,Kyoko Yoshiko,['Kim Possible Movie: So the Drama'],[],['Kim Possible'],[],[],[],[],2021-04-12T03:10:17.647Z,2021-12-20T20:40:32.236Z
575,Shan-Yu,"['Mulan', 'Once Upon a Halloween', 'Mulan (2020 film)']",[],['House of Mouse'],"[""Disney's Arcade Frenzy"", 'Kingdom Hearts II', 'Disney Crossy Road', ""Disney Sorcerer's Arena"", 'Disney Emoji Blitz', 'Disney Heroes: Battle Mode', 'Disney Getaway Blast']","['World of Color', 'Villains Night Out!', 'The Nightmare Experiment', ""Cinderella's Surprise Celebration""]",[],[],2021-04-12T03:10:22.245Z,2021-12-20T20:40:32.236Z
576,Zipper,"[""Chip 'n Dale Rescue Rangers (film)""]",[],"[""Chip 'n Dale Rescue Rangers"", 'Mighty Ducks (TV series)', 'DuckTales (2017 series)']","[""Chip 'n Dale Rescue Rangers (video game)"", ""Chip 'n Dale Rescue Rangers: The Adventure in Nimnul's Castle"", ""Chip 'n Dale Rescue Rangers 2"", 'Disney Emoji Blitz', ""Disney Sorcerer's Arena""]",[],[],[],2021-04-12T03:11:00.863Z,2021-12-20T20:40:32.673Z
577,Zombies,['The Haunted Mansion (2003 film)'],[],[],[],[],[],[],2021-04-12T03:11:04.097Z,2021-12-20T20:40:32.673Z
578,Victor,[],[],['K.C. Undercover'],[],[],[],[],2021-04-12T03:05:57.332Z,2021-12-20T20:40:28.691Z
579,Wang Daiyu,[],[],['Stitch & Ai'],[],[],[],[],2021-04-12T03:06:55.424Z,2021-12-20T20:40:29.248Z
580,Prince Wazoo,[],[],['Aladdin (TV series)'],[],[],[],[],2021-04-12T03:07:12.751Z,2021-12-20T20:40:29.666Z
581,Weasels,['The Adventures of Ichabod and Mr. Toad'],"['How to Be a Detective', ""Mickey's Christmas Carol"", 'The Prince and the Pauper']","['Bonkers', 'DuckTales', 'House of Mouse', 'The Wonderful World of Mickey Mouse']","['Magical Tetris Challenge', 'Mickey Saves the Day 3D Adventure', ""Mickey's Speedway USA"", ""Chip 'n Dale Rescue Rangers 2"", 'The Great Circus Mystery starring Mickey and Minnie', 'Magical Tetris Challenge', 'Disney Infinity', 'Mickey Mania: The Timeless Adventures of Mickey Mouse', ""Disney Sorcerer's Arena""]","[""Mr. Toad's Wild Ride""]",[],[],2021-04-12T03:07:14.786Z,2021-12-20T20:40:29.666Z
582,White Wolf,['White Fang 2: Myth of the White Wolf'],[],[],[],[],[],[],2021-04-12T03:07:43.111Z,2021-12-20T20:40:30.260Z
583,Woodrow Wilkins,['Condorman'],[],['Toy Story Toons'],[],[],[],[],2021-04-12T03:08:13.540Z,2021-12-20T20:40:30.261Z
584,Mitch Wilkinson,['National Treasure: Book of Secrets'],[],[],[],[],[],[],2021-04-12T03:08:14.777Z,2021-12-20T20:40:30.261Z
585,Will Stutely,['The Story of Robin Hood and His Merrie Men'],[],[],[],[],[],[],2021-04-12T03:08:16.813Z,2021-12-20T20:40:30.261Z
586,Layla Williams,['Sky High'],[],[],[],[],[],[],2021-04-12T03:08:22.730Z,2021-12-20T20:40:30.722Z
587,Willie the Giant,"['Fun and Fancy Free', 'Who Framed Roger Rabbit', 'Honey, I Blew Up the Kid']","[""Mickey's Christmas Carol""]","['Walt Disney anthology series', 'House of Mouse', 'Mickey Mouse Clubhouse', 'Sing Me a Story with Belle']","['Mickey Mania', 'Disney Crossy Road', 'Disney Tsum Tsum (game)', 'Disney Emoji Blitz']","['Sorcerers of the Magic Kingdom', 'Wonderful World of Animation']",[],[],2021-04-12T03:08:25.461Z,2021-12-20T20:40:30.722Z
588,Willow,[],[],['Tangled: The Series'],[],[],[],[],2021-04-12T03:08:28.916Z,2021-12-20T20:40:30.722Z
589,Wingnut,['Mars Needs Moms'],[],[],[],[],[],[],2021-04-12T03:08:37.184Z,2021-12-20T20:40:30.722Z
590,Mr. Winkie,['The Adventures of Ichabod and Mr. Toad'],['The Wind in the Willows'],[],[],"[""Mr. Toad's Wild Ride""]",[],[],2021-04-12T03:08:40.658Z,2021-12-20T20:40:30.722Z
591,The Wolf,['Into the Woods'],[],[],[],[],[],[],2021-04-12T03:08:59.721Z,2021-12-20T20:40:30.723Z
592,Jenny Wren,['Who Framed Roger Rabbit'],"['Who Killed Cock Robin?', ""Mickey's Polo Team"", 'Toby Tortoise Returns']",[],[],[],[],[],2021-04-12T03:09:33.715Z,2021-12-20T20:40:31.264Z
593,Wyvern Clan,[],[],['Gargoyles'],[],[],[],[],2021-04-12T03:09:43.792Z,2021-12-20T20:40:31.770Z
594,Yama,[],[],['Gargoyles'],[],[],[],[],2021-04-12T03:09:56.257Z,2021-12-20T20:40:31.770Z
595,"Yao, Ling, and Chien Po","['Mulan', 'Mulan II', 'Mulan (2020 film)']",[],['House of Mouse'],"['Animated StoryBook: Mulan', 'Kingdom Hearts II', 'Disney Crossy Road']","['Mulan Parade', 'Fantasmic!', 'Disney in the Stars']",[],[],2021-04-12T03:10:00.142Z,2021-12-20T20:40:31.770Z
596,Stanley Yelnats III,['Holes'],[],[],[],[],[],[],2021-04-12T03:10:06.622Z,2021-12-20T20:40:31.770Z
597,Yin,['Leroy & Stitch'],[],"['Lilo & Stitch: The Series', 'Stitch!']",['Disney Tsum Tsum (game)'],[],[],[],2021-04-12T03:10:11.438Z,2021-12-20T20:40:31.770Z
598,Yuckalinda,[],[],['DuckTales'],[],[],[],[],2021-04-12T03:10:23.095Z,2021-12-20T20:40:32.236Z
599,Yun Mibu,[],[],['The Lion Guard'],[],[],[],[],2021-04-12T03:10:24.569Z,2021-12-20T20:40:32.236Z
600,Yupi,"[""The Emperor's New Groove"", ""Kronk's New Groove""]",[],"[""The Emperor's New School""]",[],[],[],[],2021-04-12T03:10:25.883Z,2021-12-20T20:40:32.236Z
601,Zan Olwson,[],[],['DuckTales (2017 series)'],[],[],[],[],2021-04-12T03:10:32.849Z,2021-12-20T20:40:32.236Z
602,Brock Zero,[],[],['Penn Zero: Part-Time Hero'],[],[],[],[],2021-04-12T03:10:48.898Z,2021-12-20T20:40:32.236Z
603,Zeus,[],[],['DuckTales (2017 series)'],[],[],[],[],2021-04-12T03:10:51.001Z,2021-12-20T20:40:32.236Z
604,Zigzag,['Holes'],[],[],[],[],[],[],2021-04-12T03:10:56.490Z,2021-12-20T20:40:32.673Z
605,Zooter,[],[],['Jungle Junction'],[],[],[],[],2021-04-12T03:11:08.434Z,2021-12-20T20:40:32.673Z
606,Zuzu,[],[],[],[],[],[],[],2021-04-12T03:11:17.693Z,2021-12-20T20:40:32.673Z
607,Ãnanda,[],[],['The Lion Guard'],[],[],[],[],2021-04-12T03:11:18.513Z,2021-12-20T20:40:32.673Z
608,Woozles,"['The Many Adventures of Winnie the Pooh', ""Pooh's Grand Adventure: The Search for Christopher Robin"", 'Christopher Robin (film)']",['Winnie the Pooh and the Blustery Day'],"['The New Adventures of Winnie the Pooh', 'My Friends Tigger and Pooh']","[""Tigger's Honey Hunt""]","['The Many Adventures of Winnie the Pooh (attraction)', ""Pooh's Hunny Hunt""]",[],[],2021-04-12T03:09:26.020Z,2021-12-20T20:40:31.264Z
609,Xandra,[],[],['Legend of the Three Caballeros'],[],[],[],[],2021-04-12T03:09:47.944Z,2021-12-20T20:40:31.770Z
610,Yan Yan,[],[],['American Dragon: Jake Long'],[],[],[],[],2021-04-12T03:09:58.200Z,2021-12-20T20:40:31.770Z
611,Yori,['Tron'],[],[],[],[],[],[],2021-04-12T03:10:16.886Z,2021-12-20T20:40:32.236Z
612,Kyoko Yoshiko,['Kim Possible Movie: So the Drama'],[],['Kim Possible'],[],[],[],[],2021-04-12T03:10:17.647Z,2021-12-20T20:40:32.236Z
613,Shan-Yu,"['Mulan', 'Once Upon a Halloween', 'Mulan (2020 film)']",[],['House of Mouse'],"[""Disney's Arcade Frenzy"", 'Kingdom Hearts II', 'Disney Crossy Road', ""Disney Sorcerer's Arena"", 'Disney Emoji Blitz', 'Disney Heroes: Battle Mode', 'Disney Getaway Blast']","['World of Color', 'Villains Night Out!', 'The Nightmare Experiment', ""Cinderella's Surprise Celebration""]",[],[],2021-04-12T03:10:22.245Z,2021-12-20T20:40:32.236Z
614,Zipper,"[""Chip 'n Dale Rescue Rangers (film)""]",[],"[""Chip 'n Dale Rescue Rangers"", 'Mighty Ducks (TV series)', 'DuckTales (2017 series)']","[""Chip 'n Dale Rescue Rangers (video game)"", ""Chip 'n Dale Rescue Rangers: The Adventure in Nimnul's Castle"", ""Chip 'n Dale Rescue Rangers 2"", 'Disney Emoji Blitz', ""Disney Sorcerer's Arena""]",[],[],[],2021-04-12T03:11:00.863Z,2021-12-20T20:40:32.673Z
615,Zombies,['The Haunted Mansion (2003 film)'],[],[],[],[],[],[],2021-04-12T03:11:04.097Z,2021-12-20T20:40:32.673Z
616,Victor,[],[],['K.C. Undercover'],[],[],[],[],2021-04-12T03:05:57.332Z,2021-12-20T20:40:28.691Z
617,Wang Daiyu,[],[],['Stitch & Ai'],[],[],[],[],2021-04-12T03:06:55.424Z,2021-12-20T20:40:29.248Z
618,Prince Wazoo,[],[],['Aladdin (TV series)'],[],[],[],[],2021-04-12T03:07:12.751Z,2021-12-20T20:40:29.666Z
619,Weasels,['The Adventures of Ichabod and Mr. Toad'],"['How to Be a Detective', ""Mickey's Christmas Carol"", 'The Prince and the Pauper']","['Bonkers', 'DuckTales', 'House of Mouse', 'The Wonderful World of Mickey Mouse']","['Magical Tetris Challenge', 'Mickey Saves the Day 3D Adventure', ""Mickey's Speedway USA"", ""Chip 'n Dale Rescue Rangers 2"", 'The Great Circus Mystery starring Mickey and Minnie', 'Magical Tetris Challenge', 'Disney Infinity', 'Mickey Mania: The Timeless Adventures of Mickey Mouse', ""Disney Sorcerer's Arena""]","[""Mr. Toad's Wild Ride""]",[],[],2021-04-12T03:07:14.786Z,2021-12-20T20:40:29.666Z
620,White Wolf,['White Fang 2: Myth of the White Wolf'],[],[],[],[],[],[],2021-04-12T03:07:43.111Z,2021-12-20T20:40:30.260Z
621,Woodrow Wilkins,['Condorman'],[],['Toy Story Toons'],[],[],[],[],2021-04-12T03:08:13.540Z,2021-12-20T20:40:30.261Z
622,Mitch Wilkinson,['National Treasure: Book of Secrets'],[],[],[],[],[],[],2021-04-12T03:08:14.777Z,2021-12-20T20:40:30.261Z
623,Will Stutely,['The Story of Robin Hood and His Merrie Men'],[],[],[],[],[],[],2021-04-12T03:08:16.813Z,2021-12-20T20:40:30.261Z
624,Layla Williams,['Sky High'],[],[],[],[],[],[],2021-04-12T03:08:22.730Z,2021-12-20T20:40:30.722Z
625,Willie the Giant,"['Fun and Fancy Free', 'Who Framed Roger Rabbit', 'Honey, I Blew Up the Kid']","[""Mickey's Christmas Carol""]","['Walt Disney anthology series', 'House of Mouse', 'Mickey Mouse Clubhouse', 'Sing Me a Story with Belle']","['Mickey Mania', 'Disney Crossy Road', 'Disney Tsum Tsum (game)', 'Disney Emoji Blitz']","['Sorcerers of the Magic Kingdom', 'Wonderful World of Animation']",[],[],2021-04-12T03:08:25.461Z,2021-12-20T20:40:30.722Z
626,Willow,[],[],['Tangled: The Series'],[],[],[],[],2021-04-12T03:08:28.916Z,2021-12-20T20:40:30.722Z
627,Wingnut,['Mars Needs Moms'],[],[],[],[],[],[],2021-04-12T03:08:37.184Z,2021-12-20T20:40:30.722Z
628,Mr. Winkie,['The Adventures of Ichabod and Mr. Toad'],['The Wind in the Willows'],[],[],"[""Mr. Toad's Wild Ride""]",[],[],2021-04-12T03:08:40.658Z,2021-12-20T20:40:30.722Z
629,The Wolf,['Into the Woods'],[],[],[],[],[],[],2021-04-12T03:08:59.721Z,2021-12-20T20:40:30.723Z
630,Jenny Wren,['Who Framed Roger Rabbit'],"['Who Killed Cock Robin?', ""Mickey's Polo Team"", 'Toby Tortoise Returns']",[],[],[],[],[],2021-04-12T03:09:33.715Z,2021-12-20T20:40:31.264Z
631,Wyvern Clan,[],[],['Gargoyles'],[],[],[],[],2021-04-12T03:09:43.792Z,2021-12-20T20:40:31.770Z
632,Yama,[],[],['Gargoyles'],[],[],[],[],2021-04-12T03:09:56.257Z,2021-12-20T20:40:31.770Z
633,"Yao, Ling, and Chien Po","['Mulan', 'Mulan II', 'Mulan (2020 film)']",[],['House of Mouse'],"['Animated StoryBook: Mulan', 'Kingdom Hearts II', 'Disney Crossy Road']","['Mulan Parade', 'Fantasmic!', 'Disney in the Stars']",[],[],2021-04-12T03:10:00.142Z,2021-12-20T20:40:31.770Z
634,Stanley Yelnats III,['Holes'],[],[],[],[],[],[],2021-04-12T03:10:06.622Z,2021-12-20T20:40:31.770Z
635,Yin,['Leroy & Stitch'],[],"['Lilo & Stitch: The Series', 'Stitch!']",['Disney Tsum Tsum (game)'],[],[],[],2021-04-12T03:10:11.438Z,2021-12-20T20:40:31.770Z
636,Yuckalinda,[],[],['DuckTales'],[],[],[],[],2021-04-12T03:10:23.095Z,2021-12-20T20:40:32.236Z
637,Yun Mibu,[],[],['The Lion Guard'],[],[],[],[],2021-04-12T03:10:24.569Z,2021-12-20T20:40:32.236Z
638,Yupi,"[""The Emperor's New Groove"", ""Kronk's New Groove""]",[],"[""The Emperor's New School""]",[],[],[],[],2021-04-12T03:10:25.883Z,2021-12-20T20:40:32.236Z
639,Zan Olwson,[],[],['DuckTales (2017 series)'],[],[],[],[],2021-04-12T03:10:32.849Z,2021-12-20T20:40:32.236Z
640,Brock Zero,[],[],['Penn Zero: Part-Time Hero'],[],[],[],[],2021-04-12T03:10:48.898Z,2021-12-20T20:40:32.236Z
641,Zeus,[],[],['DuckTales (2017 series)'],[],[],[],[],2021-04-12T03:10:51.001Z,2021-12-20T20:40:32.236Z
642,Zigzag,['Holes'],[],[],[],[],[],[],2021-04-12T03:10:56.490Z,2021-12-20T20:40:32.673Z
643,Zooter,[],[],['Jungle Junction'],[],[],[],[],2021-04-12T03:11:08.434Z,2021-12-20T20:40:32.673Z
644,Zuzu,[],[],[],[],[],[],[],2021-04-12T03:11:17.693Z,2021-12-20T20:40:32.673Z
645,Ãnanda,[],[],['The Lion Guard'],[],[],[],[],2021-04-12T03:11:18.513Z,2021-12-20T20:40:32.673Z
646,Woozles,"['The Many Adventures of Winnie the Pooh', ""Pooh's Grand Adventure: The Search for Christopher Robin"", 'Christopher Robin (film)']",['Winnie the Pooh and the Blustery Day'],"['The New Adventures of Winnie the Pooh', 'My Friends Tigger and Pooh']","[""Tigger's Honey Hunt""]","['The Many Adventures of Winnie the Pooh (attraction)', ""Pooh's Hunny Hunt""]",[],[],2021-04-12T03:09:26.020Z,2021-12-20T20:40:31.264Z
647,Xandra,[],[],['Legend of the Three Caballeros'],[],[],[],[],2021-04-12T03:09:47.944Z,2021-12-20T20:40:31.770Z
648,Yan Yan,[],[],['American Dragon: Jake Long'],[],[],[],[],2021-04-12T03:09:58.200Z,2021-12-20T20:40:31.770Z
649,Yori,['Tron'],[],[],[],[],[],[],2021-04-12T03:10:16.886Z,2021-12-20T20:40:32.236Z
650,Kyoko Yoshiko,['Kim Possible Movie: So the Drama'],[],['Kim Possible'],[],[],[],[],2021-04-12T03:10:17.647Z,2021-12-20T20:40:32.236Z
651,Shan-Yu,"['Mulan', 'Once Upon a Halloween', 'Mulan (2020 film)']",[],['House of Mouse'],"[""Disney's Arcade Frenzy"", 'Kingdom Hearts II', 'Disney Crossy Road', ""Disney Sorcerer's Arena"", 'Disney Emoji Blitz', 'Disney Heroes: Battle Mode', 'Disney Getaway Blast']","['World of Color', 'Villains Night Out!', 'The Nightmare Experiment', ""Cinderella's Surprise Celebration""]",[],[],2021-04-12T03:10:22.245Z,2021-12-20T20:40:32.236Z
652,Zipper,"[""Chip 'n Dale Rescue Rangers (film)""]",[],"[""Chip 'n Dale Rescue Rangers"", 'Mighty Ducks (TV series)', 'DuckTales (2017 series)']","[""Chip 'n Dale Rescue Rangers (video game)"", ""Chip 'n Dale Rescue Rangers: The Adventure in Nimnul's Castle"", ""Chip 'n Dale Rescue Rangers 2"", 'Disney Emoji Blitz', ""Disney Sorcerer's Arena""]",[],[],[],2021-04-12T03:11:00.863Z,2021-12-20T20:40:32.673Z
653,Zombies,['The Haunted Mansion (2003 film)'],[],[],[],[],[],[],2021-04-12T03:11:04.097Z,2021-12-20T20:40:32.673Z
654,Victor,[],[],['K.C. Undercover'],[],[],[],[],2021-04-12T03:05:57.332Z,2021-12-20T20:40:28.691Z
655,Wang Daiyu,[],[],['Stitch & Ai'],[],[],[],[],2021-04-12T03:06:55.424Z,2021-12-20T20:40:29.248Z
656,Prince Wazoo,[],[],['Aladdin (TV series)'],[],[],[],[],2021-04-12T03:07:12.751Z,2021-12-20T20:40:29.666Z
657,Weasels,['The Adventures of Ichabod and Mr. Toad'],"['How to Be a Detective', ""Mickey's Christmas Carol"", 'The Prince and the Pauper']","['Bonkers', 'DuckTales', 'House of Mouse', 'The Wonderful World of Mickey Mouse']","['Magical Tetris Challenge', 'Mickey Saves the Day 3D Adventure', ""Mickey's Speedway USA"", ""Chip 'n Dale Rescue Rangers 2"", 'The Great Circus Mystery starring Mickey and Minnie', 'Magical Tetris Challenge', 'Disney Infinity', 'Mickey Mania: The Timeless Adventures of Mickey Mouse', ""Disney Sorcerer's Arena""]","[""Mr. Toad's Wild Ride""]",[],[],2021-04-12T03:07:14.786Z,2021-12-20T20:40:29.666Z
658,White Wolf,['White Fang 2: Myth of the White Wolf'],[],[],[],[],[],[],2021-04-12T03:07:43.111Z,2021-12-20T20:40:30.260Z
659,Woodrow Wilkins,['Condorman'],[],['Toy Story Toons'],[],[],[],[],2021-04-12T03:08:13.540Z,2021-12-20T20:40:30.261Z
660,Mitch Wilkinson,['National Treasure: Book of Secrets'],[],[],[],[],[],[],2021-04-12T03:08:14.777Z,2021-12-20T20:40:30.261Z
661,Will Stutely,['The Story of Robin Hood and His Merrie Men'],[],[],[],[],[],[],2021-04-12T03:08:16.813Z,2021-12-20T20:40:30.261Z
662,Layla Williams,['Sky High'],[],[],[],[],[],[],2021-04-12T03:08:22.730Z,2021-12-20T20:40:30.722Z
663,Willie the Giant,"['Fun and Fancy Free', 'Who Framed Roger Rabbit', 'Honey, I Blew Up the Kid']","[""Mickey's Christmas Carol""]","['Walt Disney anthology series', 'House of Mouse', 'Mickey Mouse Clubhouse', 'Sing Me a Story with Belle']","['Mickey Mania', 'Disney Crossy Road', 'Disney Tsum Tsum (game)', 'Disney Emoji Blitz']","['Sorcerers of the Magic Kingdom', 'Wonderful World of Animation']",[],[],2021-04-12T03:08:25.461Z,2021-12-20T20:40:30.722Z
664,Willow,[],[],['Tangled: The Series'],[],[],[],[],2021-04-12T03:08:28.916Z,2021-12-20T20:40:30.722Z
665,Wingnut,['Mars Needs Moms'],[],[],[],[],[],[],2021-04-12T03:08:37.184Z,2021-12-20T20:40:30.722Z
666,Mr. Winkie,['The Adventures of Ichabod and Mr. Toad'],['The Wind in the Willows'],[],[],"[""Mr. Toad's Wild Ride""]",[],[],2021-04-12T03:08:40.658Z,2021-12-20T20:40:30.722Z
667,The Wolf,['Into the Woods'],[],[],[],[],[],[],2021-04-12T03:08:59.721Z,2021-12-20T20:40:30.723Z
668,Jenny Wren,['Who Framed Roger Rabbit'],"['Who Killed Cock Robin?', ""Mickey's Polo Team"", 'Toby Tortoise Returns']",[],[],[],[],[],2021-04-12T03:09:33.715Z,2021-12-20T20:40:31.264Z
669,Wyvern Clan,[],[],['Gargoyles'],[],[],[],[],2021-04-12T03:09:43.792Z,2021-12-20T20:40:31.770Z
670,Yama,[],[],['Gargoyles'],[],[],[],[],2021-04-12T03:09:56.257Z,2021-12-20T20:40:31.770Z
671,"Yao, Ling, and Chien Po","['Mulan', 'Mulan II', 'Mulan (2020 film)']",[],['House of Mouse'],"['Animated StoryBook: Mulan', 'Kingdom Hearts II', 'Disney Crossy Road']","['Mulan Parade', 'Fantasmic!', 'Disney in the Stars']",[],[],2021-04-12T03:10:00.142Z,2021-12-20T20:40:31.770Z
672,Stanley Yelnats III,['Holes'],[],[],[],[],[],[],2021-04-12T03:10:06.622Z,2021-12-20T20:40:31.770Z
673,Yin,['Leroy & Stitch'],[],"['Lilo & Stitch: The Series', 'Stitch!']",['Disney Tsum Tsum (game)'],[],[],[],2021-04-12T03:10:11.438Z,2021-12-20T20:40:31.770Z
674,Yuckalinda,[],[],['DuckTales'],[],[],[],[],2021-04-12T03:10:23.095Z,2021-12-20T20:40:32.236Z
675,Yun Mibu,[],[],['The Lion Guard'],[],[],[],[],2021-04-12T03:10:24.569Z,2021-12-20T20:40:32.236Z
676,Yupi,"[""The Emperor's New Groove"", ""Kronk's New Groove""]",[],"[""The Emperor's New School""]",[],[],[],[],2021-04-12T03:10:25.883Z,2021-12-20T20:40:32.236Z
677,Zan Olwson,[],[],['DuckTales (2017 series)'],[],[],[],[],2021-04-12T03:10:32.849Z,2021-12-20T20:40:32.236Z
678,Brock Zero,[],[],['Penn Zero: Part-Time Hero'],[],[],[],[],2021-04-12T03:10:48.898Z,2021-12-20T20:40:32.236Z
679,Zeus,[],[],['DuckTales (2017 series)'],[],[],[],[],2021-04-12T03:10:51.001Z,2021-12-20T20:40:32.236Z
680,Zigzag,['Holes'],[],[],[],[],[],[],2021-04-12T03:10:56.490Z,2021-12-20T20:40:32.673Z
681,Zooter,[],[],['Jungle Junction'],[],[],[],[],2021-04-12T03:11:08.434Z,2021-12-20T20:40:32.673Z
682,Zuzu,[],[],[],[],[],[],[],2021-04-12T03:11:17.693Z,2021-12-20T20:40:32.673Z
683,Ãnanda,[],[],['The Lion Guard'],[],[],[],[],2021-04-12T03:11:18.513Z,2021-12-20T20:40:32.673Z
684,Woozles,"['The Many Adventures of Winnie the Pooh', ""Pooh's Grand Adventure: The Search for Christopher Robin"", 'Christopher Robin (film)']",['Winnie the Pooh and the Blustery Day'],"['The New Adventures of Winnie the Pooh', 'My Friends Tigger and Pooh']","[""Tigger's Honey Hunt""]","['The Many Adventures of Winnie the Pooh (attraction)', ""Pooh's Hunny Hunt""]",[],[],2021-04-12T03:09:26.020Z,2021-12-20T20:40:31.264Z
685,Xandra,[],[],['Legend of the Three Caballeros'],[],[],[],[],2021-04-12T03:09:47.944Z,2021-12-20T20:40:31.770Z
686,Yan Yan,[],[],['American Dragon: Jake Long'],[],[],[],[],2021-04-12T03:09:58.200Z,2021-12-20T20:40:31.770Z
687,Yori,['Tron'],[],[],[],[],[],[],2021-04-12T03:10:16.886Z,2021-12-20T20:40:32.236Z
688,Kyoko Yoshiko,['Kim Possible Movie: So the Drama'],[],['Kim Possible'],[],[],[],[],2021-04-12T03:10:17.647Z,2021-12-20T20:40:32.236Z
689,Shan-Yu,"['Mulan', 'Once Upon a Halloween', 'Mulan (2020 film)']",[],['House of Mouse'],"[""Disney's Arcade Frenzy"", 'Kingdom Hearts II', 'Disney Crossy Road', ""Disney Sorcerer's Arena"", 'Disney Emoji Blitz', 'Disney Heroes: Battle Mode', 'Disney Getaway Blast']","['World of Color', 'Villains Night Out!', 'The Nightmare Experiment', ""Cinderella's Surprise Celebration""]",[],[],2021-04-12T03:10:22.245Z,2021-12-20T20:40:32.236Z
690,Zipper,"[""Chip 'n Dale Rescue Rangers (film)""]",[],"[""Chip 'n Dale Rescue Rangers"", 'Mighty Ducks (TV series)', 'DuckTales (2017 series)']","[""Chip 'n Dale Rescue Rangers (video game)"", ""Chip 'n Dale Rescue Rangers: The Adventure in Nimnul's Castle"", ""Chip 'n Dale Rescue Rangers 2"", 'Disney Emoji Blitz', ""Disney Sorcerer's Arena""]",[],[],[],2021-04-12T03:11:00.863Z,2021-12-20T20:40:32.673Z
691,Zombies,['The Haunted Mansion (2003 film)'],[],[],[],[],[],[],2021-04-12T03:11:04.097Z,2021-12-20T20:40:32.673Z
692,Victor,[],[],['K.C. Undercover'],[],[],[],[],2021-04-12T03:05:57.332Z,2021-12-20T20:40:28.691Z
693,Wang Daiyu,[],[],['Stitch & Ai'],[],[],[],[],2021-04-12T03:06:55.424Z,2021-12-20T20:40:29.248Z
694,Prince Wazoo,[],[],['Aladdin (TV series)'],[],[],[],[],2021-04-12T03:07:12.751Z,2021-12-20T20:40:29.666Z
695,Weasels,['The Adventures of Ichabod and Mr. Toad'],"['How to Be a Detective', ""Mickey's Christmas Carol"", 'The Prince and the Pauper']","['Bonkers', 'DuckTales', 'House of Mouse', 'The Wonderful World of Mickey Mouse']","['Magical Tetris Challenge', 'Mickey Saves the Day 3D Adventure', ""Mickey's Speedway USA"", ""Chip 'n Dale Rescue Rangers 2"", 'The Great Circus Mystery starring Mickey and Minnie', 'Magical Tetris Challenge', 'Disney Infinity', 'Mickey Mania: The Timeless Adventures of Mickey Mouse', ""Disney Sorcerer's Arena""]","[""Mr. Toad's Wild Ride""]",[],[],2021-04-12T03:07:14.786Z,2021-12-20T20:40:29.666Z
696,White Wolf,['White Fang 2: Myth of the White Wolf'],[],[],[],[],[],[],2021-04-12T03:07:43.111Z,2021-12-20T20:40:30.260Z
697,Woodrow Wilkins,['Condorman'],[],['Toy Story Toons'],[],[],[],[],2021-04-12T03:08:13.540Z,2021-12-20T20:40:30.261Z
698,Mitch Wilkinson,['National Treasure: Book of Secrets'],[],[],[],[],[],[],2021-04-12T03:08:14.777Z,2021-12-20T20:40:30.261Z
699,Will Stutely,['The Story of Robin Hood and His Merrie Men'],[],[],[],[],[],[],2021-04-12T03:08:16.813Z,2021-12-20T20:40:30.261Z
700,Layla Williams,['Sky High'],[],[],[],[],[],[],2021-04-12T03:08:22.730Z,2021-12-20T20:40:30.722Z
701,Willie the Giant,"['Fun and Fancy Free', 'Who Framed Roger Rabbit', 'Honey, I Blew Up the Kid']","[""Mickey's Christmas Carol""]","['Walt Disney anthology series', 'House of Mouse', 'Mickey Mouse Clubhouse', 'Sing Me a Story with Belle']","['Mickey Mania', 'Disney Crossy Road', 'Disney Tsum Tsum (game)', 'Disney Emoji Blitz']","['Sorcerers of the Magic Kingdom', 'Wonderful World of Animation']",[],[],2021-04-12T03:08:25.461Z,2021-12-20T20:40:30.722Z
702,Willow,[],[],['Tangled: The Series'],[],[],[],[],2021-04-12T03:08:28.916Z,2021-12-20T20:40:30.722Z
703,Wingnut,['Mars Needs Moms'],[],[],[],[],[],[],2021-04-12T03:08:37.184Z,2021-12-20T20:40:30.722Z
704,Mr. Winkie,['The Adventures of Ichabod and Mr. Toad'],['The Wind in the Willows'],[],[],"[""Mr. Toad's Wild Ride""]",[],[],2021-04-12T03:08:40.658Z,2021-12-20T20:40:30.722Z
705,The Wolf,['Into the Woods'],[],[],[],[],[],[],2021-04-12T03:08:59.721Z,2021-12-20T20:40:30.723Z
706,Jenny Wren,['Who Framed Roger Rabbit'],"['Who Killed Cock Robin?', ""Mickey's Polo Team"", 'Toby Tortoise Returns']",[],[],[],[],[],2021-04-12T03:09:33.715Z,2021-12-20T20:40:31.264Z
707,Wyvern Clan,[],[],['Gargoyles'],[],[],[],[],2021-04-12T03:09:43.792Z,2021-12-20T20:40:31.770Z
708,Yama,[],[],['Gargoyles'],[],[],[],[],2021-04-12T03:09:56.257Z,2021-12-20T20:40:31.770Z
709,"Yao, Ling, and Chien Po","['Mulan', 'Mulan II', 'Mulan (2020 film)']",[],['House of Mouse'],"['Animated StoryBook: Mulan', 'Kingdom Hearts II', 'Disney Crossy Road']","['Mulan Parade', 'Fantasmic!', 'Disney in the Stars']",[],[],2021-04-12T03:10:00.142Z,2021-12-20T20:40:31.770Z
710,Stanley Yelnats III,['Holes'],[],[],[],[],[],[],2021-04-12T03:10:06.622Z,2021-12-20T20:40:31.770Z
711,Yin,['Leroy & Stitch'],[],"['Lilo & Stitch: The Series', 'Stitch!']",['Disney Tsum Tsum (game)'],[],[],[],2021-04-12T03:10:11.438Z,2021-12-20T20:40:31.770Z
712,Yuckalinda,[],[],['DuckTales'],[],[],[],[],2021-04-12T03:10:23.095Z,2021-12-20T20:40:32.236Z
713,Yun Mibu,[],[],['The Lion Guard'],[],[],[],[],2021-04-12T03:10:24.569Z,2021-12-20T20:40:32.236Z
714,Yupi,"[""The Emperor's New Groove"", ""Kronk's New Groove""]",[],"[""The Emperor's New School""]",[],[],[],[],2021-04-12T03:10:25.883Z,2021-12-20T20:40:32.236Z
715,Zan Olwson,[],[],['DuckTales (2017 series)'],[],[],[],[],2021-04-12T03:10:32.849Z,2021-12-20T20:40:32.236Z
716,Brock Zero,[],[],['Penn Zero: Part-Time Hero'],[],[],[],[],2021-04-12T03:10:48.898Z,2021-12-20T20:40:32.236Z
717,Zeus,[],[],['DuckTales (2017 series)'],[],[],[],[],2021-04-12T03:10:51.001Z,2021-12-20T20:40:32.236Z
718,Zigzag,['Holes'],[],[],[],[],[],[],2021-04-12T03:10:56.490Z,2021-12-20T20:40:32.673Z
719,Zooter,[],[],['Jungle Junction'],[],[],[],[],2021-04-12T03:11:08.434Z,2021-12-20T20:40:32.673Z
720,Zuzu,[],[],[],[],[],[],[],2021-04-12T03:11:17.693Z,2021-12-20T20:40:32.673Z
721,Ãnanda,[],[],['The Lion Guard'],[],[],[],[],2021-04-12T03:11:18.513Z,2021-12-20T20:40:32.673Z
722,Woozles,"['The Many Adventures of Winnie the Pooh', ""Pooh's Grand Adventure: The Search for Christopher Robin"", 'Christopher Robin (film)']",['Winnie the Pooh and the Blustery Day'],"['The New Adventures of Winnie the Pooh', 'My Friends Tigger and Pooh']","[""Tigger's Honey Hunt""]","['The Many Adventures of Winnie the Pooh (attraction)', ""Pooh's Hunny Hunt""]",[],[],2021-04-12T03:09:26.020Z,2021-12-20T20:40:31.264Z
723,Xandra,[],[],['Legend of the Three Caballeros'],[],[],[],[],2021-04-12T03:09:47.944Z,2021-12-20T20:40:31.770Z
724,Yan Yan,[],[],['American Dragon: Jake Long'],[],[],[],[],2021-04-12T03:09:58.200Z,2021-12-20T20:40:31.770Z
725,Yori,['Tron'],[],[],[],[],[],[],2021-04-12T03:10:16.886Z,2021-12-20T20:40:32.236Z
726,Kyoko Yoshiko,['Kim Possible Movie: So the Drama'],[],['Kim Possible'],[],[],[],[],2021-04-12T03:10:17.647Z,2021-12-20T20:40:32.236Z
727,Shan-Yu,"['Mulan', 'Once Upon a Halloween', 'Mulan (2020 film)']",[],['House of Mouse'],"[""Disney's Arcade Frenzy"", 'Kingdom Hearts II', 'Disney Crossy Road', ""Disney Sorcerer's Arena"", 'Disney Emoji Blitz', 'Disney Heroes: Battle Mode', 'Disney Getaway Blast']","['World of Color', 'Villains Night Out!', 'The Nightmare Experiment', ""Cinderella's Surprise Celebration""]",[],[],2021-04-12T03:10:22.245Z,2021-12-20T20:40:32.236Z
728,Zipper,"[""Chip 'n Dale Rescue Rangers (film)""]",[],"[""Chip 'n Dale Rescue Rangers"", 'Mighty Ducks (TV series)', 'DuckTales (2017 series)']","[""Chip 'n Dale Rescue Rangers (video game)"", ""Chip 'n Dale Rescue Rangers: The Adventure in Nimnul's Castle"", ""Chip 'n Dale Rescue Rangers 2"", 'Disney Emoji Blitz', ""Disney Sorcerer's Arena""]",[],[],[],2021-04-12T03:11:00.863Z,2021-12-20T20:40:32.673Z
729,Zombies,['The Haunted Mansion (2003 film)'],[],[],[],[],[],[],2021-04-12T03:11:04.097Z,2021-12-20T20:40:32.673Z
730,Victor,[],[],['K.C. Undercover'],[],[],[],[],2021-04-12T03:05:57.332Z,2021-12-20T20:40:28.691Z
731,Wang Daiyu,[],[],['Stitch & Ai'],[],[],[],[],2021-04-12T03:06:55.424Z,2021-12-20T20:40:29.248Z
732,Prince Wazoo,[],[],['Aladdin (TV series)'],[],[],[],[],2021-04-12T03:07:12.751Z,2021-12-20T20:40:29.666Z
733,Weasels,['The Adventures of Ichabod and Mr. Toad'],"['How to Be a Detective', ""Mickey's Christmas Carol"", 'The Prince and the Pauper']","['Bonkers', 'DuckTales', 'House of Mouse', 'The Wonderful World of Mickey Mouse']","['Magical Tetris Challenge', 'Mickey Saves the Day 3D Adventure', ""Mickey's Speedway USA"", ""Chip 'n Dale Rescue Rangers 2"", 'The Great Circus Mystery starring Mickey and Minnie', 'Magical Tetris Challenge', 'Disney Infinity', 'Mickey Mania: The Timeless Adventures of Mickey Mouse', ""Disney Sorcerer's Arena""]","[""Mr. Toad's Wild Ride""]",[],[],2021-04-12T03:07:14.786Z,2021-12-20T20:40:29.666Z
734,White Wolf,['White Fang 2: Myth of the White Wolf'],[],[],[],[],[],[],2021-04-12T03:07:43.111Z,2021-12-20T20:40:30.260Z
735,Woodrow Wilkins,['Condorman'],[],['Toy Story Toons'],[],[],[],[],2021-04-12T03:08:13.540Z,2021-12-20T20:40:30.261Z
736,Mitch Wilkinson,['National Treasure: Book of Secrets'],[],[],[],[],[],[],2021-04-12T03:08:14.777Z,2021-12-20T20:40:30.261Z
737,Will Stutely,['The Story of Robin Hood and His Merrie Men'],[],[],[],[],[],[],2021-04-12T03:08:16.813Z,2021-12-20T20:40:30.261Z
738,Layla Williams,['Sky High'],[],[],[],[],[],[],2021-04-12T03:08:22.730Z,2021-12-20T20:40:30.722Z
739,Willie the Giant,"['Fun and Fancy Free', 'Who Framed Roger Rabbit', 'Honey, I Blew Up the Kid']","[""Mickey's Christmas Carol""]","['Walt Disney anthology series', 'House of Mouse', 'Mickey Mouse Clubhouse', 'Sing Me a Story with Belle']","['Mickey Mania', 'Disney Crossy Road', 'Disney Tsum Tsum (game)', 'Disney Emoji Blitz']","['Sorcerers of the Magic Kingdom', 'Wonderful World of Animation']",[],[],2021-04-12T03:08:25.461Z,2021-12-20T20:40:30.722Z
740,Willow,[],[],['Tangled: The Series'],[],[],[],[],2021-04-12T03:08:28.916Z,2021-12-20T20:40:30.722Z
741,Wingnut,['Mars Needs Moms'],[],[],[],[],[],[],2021-04-12T03:08:37.184Z,2021-12-20T20:40:30.722Z
742,Mr. Winkie,['The Adventures of Ichabod and Mr. Toad'],['The Wind in the Willows'],[],[],"[""Mr. Toad's Wild Ride""]",[],[],2021-04-12T03:08:40.658Z,2021-12-20T20:40:30.722Z
743,The Wolf,['Into the Woods'],[],[],[],[],[],[],2021-04-12T03:08:59.721Z,2021-12-20T20:40:30.723Z
744,Jenny Wren,['Who Framed Roger Rabbit'],"['Who Killed Cock Robin?', ""Mickey's Polo Team"", 'Toby Tortoise Returns']",[],[],[],[],[],2021-04-12T03:09:33.715Z,2021-12-20T20:40:31.264Z
745,Wyvern Clan,[],[],['Gargoyles'],[],[],[],[],2021-04-12T03:09:43.792Z,2021-12-20T20:40:31.770Z
746,Yama,[],[],['Gargoyles'],[],[],[],[],2021-04-12T03:09:56.257Z,2021-12-20T20:40:31.770Z
747,"Yao, Ling, and Chien Po","['Mulan', 'Mulan II', 'Mulan (2020 film)']",[],['House of Mouse'],"['Animated StoryBook: Mulan', 'Kingdom Hearts II', 'Disney Crossy Road']","['Mulan Parade', 'Fantasmic!', 'Disney in the Stars']",[],[],2021-04-12T03:10:00.142Z,2021-12-20T20:40:31.770Z
748,Stanley Yelnats III,['Holes'],[],[],[],[],[],[],2021-04-12T03:10:06.622Z,2021-12-20T20:40:31.770Z
749,Yin,['Leroy & Stitch'],[],"['Lilo & Stitch: The Series', 'Stitch!']",['Disney Tsum Tsum (game)'],[],[],[],2021-04-12T03:10:11.438Z,2021-12-20T20:40:31.770Z
750,Yuckalinda,[],[],['DuckTales'],[],[],[],[],2021-04-12T03:10:23.095Z,2021-12-20T20:40:32.236Z
751,Yun Mibu,[],[],['The Lion Guard'],[],[],[],[],2021-04-12T03:10:24.569Z,2021-12-20T20:40:32.236Z
752,Yupi,"[""The Emperor's New Groove"", ""Kronk's New Groove""]",[],"[""The Emperor's New School""]",[],[],[],[],2021-04-12T03:10:25.883Z,2021-12-20T20:40:32.236Z
753,Zan Olwson,[],[],['DuckTales (2017 series)'],[],[],[],[],2021-04-12T03:10:32.849Z,2021-12-20T20:40:32.236Z
754,Brock Zero,[],[],['Penn Zero: Part-Time Hero'],[],[],[],[],2021-04-12T03:10:48.898Z,2021-12-20T20:40:32.236Z
755,Zeus,[],[],['DuckTales (2017 series)'],[],[],[],[],2021-04-12T03:10:51.001Z,2021-12-20T20:40:32.236Z
756,Zigzag,['Holes'],[],[],[],[],[],[],2021-04-12T03:10:56.490Z,2021-12-20T20:40:32.673Z
757,Zooter,[],[],['Jungle Junction'],[],[],[],[],2021-04-12T03:11:08.434Z,2021-12-20T20:40:32.673Z
758,Zuzu,[],[],[],[],[],[],[],2021-04-12T03:11:17.693Z,2021-12-20T20:40:32.673Z
759,Ãnanda,[],[],['The Lion Guard'],[],[],[],[],2021-04-12T03:11:18.513Z,2021-12-20T20:40:32.673Z
760,Woozles,"['The Many Adventures of Winnie the Pooh', ""Pooh's Grand Adventure: The Search for Christopher Robin"", 'Christopher Robin (film)']",['Winnie the Pooh and the Blustery Day'],"['The New Adventures of Winnie the Pooh', 'My Friends Tigger and Pooh']","[""Tigger's Honey Hunt""]","['The Many Adventures of Winnie the Pooh (attraction)', ""Pooh's Hunny Hunt""]",[],[],2021-04-12T03:09:26.020Z,2021-12-20T20:40:31.264Z
761,Xandra,[],[],['Legend of the Three Caballeros'],[],[],[],[],2021-04-12T03:09:47.944Z,2021-12-20T20:40:31.770Z
762,Yan Yan,[],[],['American Dragon: Jake Long'],[],[],[],[],2021-04-12T03:09:58.200Z,2021-12-20T20:40:31.770Z
763,Yori,['Tron'],[],[],[],[],[],[],2021-04-12T03:10:16.886Z,2021-12-20T20:40:32.236Z
764,Kyoko Yoshiko,['Kim Possible Movie: So the Drama'],[],['Kim Possible'],[],[],[],[],2021-04-12T03:10:17.647Z,2021-12-20T20:40:32.236Z
765,Shan-Yu,"['Mulan', 'Once Upon a Halloween', 'Mulan (2020 film)']",[],['House of Mouse'],"[""Disney's Arcade Frenzy"", 'Kingdom Hearts II', 'Disney Crossy Road', ""Disney Sorcerer's Arena"", 'Disney Emoji Blitz', 'Disney Heroes: Battle Mode', 'Disney Getaway Blast']","['World of Color', 'Villains Night Out!', 'The Nightmare Experiment', ""Cinderella's Surprise Celebration""]",[],[],2021-04-12T03:10:22.245Z,2021-12-20T20:40:32.236Z
766,Zipper,"[""Chip 'n Dale Rescue Rangers (film)""]",[],"[""Chip 'n Dale Rescue Rangers"", 'Mighty Ducks (TV series)', 'DuckTales (2017 series)']","[""Chip 'n Dale Rescue Rangers (video game)"", ""Chip 'n Dale Rescue Rangers: The Adventure in Nimnul's Castle"", ""Chip 'n Dale Rescue Rangers 2"", 'Disney Emoji Blitz', ""Disney Sorcerer's Arena""]",[],[],[],2021-04-12T03:11:00.863Z,2021-12-20T20:40:32.673Z
767,Zombies,['The Haunted Mansion (2003 film)'],[],[],[],[],[],[],2021-04-12T03:11:04.097Z,2021-12-20T20:40:32.673Z
768,Victor,[],[],['K.C. Undercover'],[],[],[],[],2021-04-12T03:05:57.332Z,2021-12-20T20:40:28.691Z
769,Wang Daiyu,[],[],['Stitch & Ai'],[],[],[],[],2021-04-12T03:06:55.424Z,2021-12-20T20:40:29.248Z
770,Prince Wazoo,[],[],['Aladdin (TV series)'],[],[],[],[],2021-04-12T03:07:12.751Z,2021-12-20T20:40:29.666Z
771,Weasels,['The Adventures of Ichabod and Mr. Toad'],"['How to Be a Detective', ""Mickey's Christmas Carol"", 'The Prince and the Pauper']","['Bonkers', 'DuckTales', 'House of Mouse', 'The Wonderful World of Mickey Mouse']","['Magical Tetris Challenge', 'Mickey Saves the Day 3D Adventure', ""Mickey's Speedway USA"", ""Chip 'n Dale Rescue Rangers 2"", 'The Great Circus Mystery starring Mickey and Minnie', 'Magical Tetris Challenge', 'Disney Infinity', 'Mickey Mania: The Timeless Adventures of Mickey Mouse', ""Disney Sorcerer's Arena""]","[""Mr. Toad's Wild Ride""]",[],[],2021-04-12T03:07:14.786Z,2021-12-20T20:40:29.666Z
772,White Wolf,['White Fang 2: Myth of the White Wolf'],[],[],[],[],[],[],2021-04-12T03:07:43.111Z,2021-12-20T20:40:30.260Z
773,Woodrow Wilkins,['Condorman'],[],['Toy Story Toons'],[],[],[],[],2021-04-12T03:08:13.540Z,2021-12-20T20:40:30.261Z
774,Mitch Wilkinson,['National Treasure: Book of Secrets'],[],[],[],[],[],[],2021-04-12T03:08:14.777Z,2021-12-20T20:40:30.261Z
775,Will Stutely,['The Story of Robin Hood and His Merrie Men'],[],[],[],[],[],[],2021-04-12T03:08:16.813Z,2021-12-20T20:40:30.261Z
776,Layla Williams,['Sky High'],[],[],[],[],[],[],2021-04-12T03:08:22.730Z,2021-12-20T20:40:30.722Z
777,Willie the Giant,"['Fun and Fancy Free', 'Who Framed Roger Rabbit', 'Honey, I Blew Up the Kid']","[""Mickey's Christmas Carol""]","['Walt Disney anthology series', 'House of Mouse', 'Mickey Mouse Clubhouse', 'Sing Me a Story with Belle']","['Mickey Mania', 'Disney Crossy Road', 'Disney Tsum Tsum (game)', 'Disney Emoji Blitz']","['Sorcerers of the Magic Kingdom', 'Wonderful World of Animation']",[],[],2021-04-12T03:08:25.461Z,2021-12-20T20:40:30.722Z
778,Willow,[],[],['Tangled: The Series'],[],[],[],[],2021-04-12T03:08:28.916Z,2021-12-20T20:40:30.722Z
779,Wingnut,['Mars Needs Moms'],[],[],[],[],[],[],2021-04-12T03:08:37.184Z,2021-12-20T20:40:30.722Z
780,Mr. Winkie,['The Adventures of Ichabod and Mr. Toad'],['The Wind in the Willows'],[],[],"[""Mr. Toad's Wild Ride""]",[],[],2021-04-12T03:08:40.658Z,2021-12-20T20:40:30.722Z
781,The Wolf,['Into the Woods'],[],[],[],[],[],[],2021-04-12T03:08:59.721Z,2021-12-20T20:40:30.723Z
782,Jenny Wren,['Who Framed Roger Rabbit'],"['Who Killed Cock Robin?', ""Mickey's Polo Team"", 'Toby Tortoise Returns']",[],[],[],[],[],2021-04-12T03:09:33.715Z,2021-12-20T20:40:31.264Z
783,Wyvern Clan,[],[],['Gargoyles'],[],[],[],[],2021-04-12T03:09:43.792Z,2021-12-20T20:40:31.770Z
784,Yama,[],[],['Gargoyles'],[],[],[],[],2021-04-12T03:09:56.257Z,2021-12-20T20:40:31.770Z
785,"Yao, Ling, and Chien Po","['Mulan', 'Mulan II', 'Mulan (2020 film)']",[],['House of Mouse'],"['Animated StoryBook: Mulan', 'Kingdom Hearts II', 'Disney Crossy Road']","['Mulan Parade', 'Fantasmic!', 'Disney in the Stars']",[],[],2021-04-12T03:10:00.142Z,2021-12-20T20:40:31.770Z
786,Stanley Yelnats III,['Holes'],[],[],[],[],[],[],2021-04-12T03:10:06.622Z,2021-12-20T20:40:31.770Z
787,Yin,['Leroy & Stitch'],[],"['Lilo & Stitch: The Series', 'Stitch!']",['Disney Tsum Tsum (game)'],[],[],[],2021-04-12T03:10:11.438Z,2021-12-20T20:40:31.770Z
788,Yuckalinda,[],[],['DuckTales'],[],[],[],[],2021-04-12T03:10:23.095Z,2021-12-20T20:40:32.236Z
789,Yun Mibu,[],[],['The Lion Guard'],[],[],[],[],2021-04-12T03:10:24.569Z,2021-12-20T20:40:32.236Z
790,Yupi,"[""The Emperor's New Groove"", ""Kronk's New Groove""]",[],"[""The Emperor's New School""]",[],[],[],[],2021-04-12T03:10:25.883Z,2021-12-20T20:40:32.236Z
791,Zan Olwson,[],[],['DuckTales (2017 series)'],[],[],[],[],2021-04-12T03:10:32.849Z,2021-12-20T20:40:32.236Z
792,Brock Zero,[],[],['Penn Zero: Part-Time Hero'],[],[],[],[],2021-04-12T03:10:48.898Z,2021-12-20T20:40:32.236Z
793,Zeus,[],[],['DuckTales (2017 series)'],[],[],[],[],2021-04-12T03:10:51.001Z,2021-12-20T20:40:32.236Z
794,Zigzag,['Holes'],[],[],[],[],[],[],2021-04-12T03:10:56.490Z,2021-12-20T20:40:32.673Z
795,Zooter,[],[],['Jungle Junction'],[],[],[],[],2021-04-12T03:11:08.434Z,2021-12-20T20:40:32.673Z
796,Zuzu,[],[],[],[],[],[],[],2021-04-12T03:11:17.693Z,2021-12-20T20:40:32.673Z
797,Ãnanda,[],[],['The Lion Guard'],[],[],[],[],2021-04-12T03:11:18.513Z,2021-12-20T20:40:32.673Z
798,Woozles,"['The Many Adventures of Winnie the Pooh', ""Pooh's Grand Adventure: The Search for Christopher Robin"", 'Christopher Robin (film)']",['Winnie the Pooh and the Blustery Day'],"['The New Adventures of Winnie the Pooh', 'My Friends Tigger and Pooh']","[""Tigger's Honey Hunt""]","['The Many Adventures of Winnie the Pooh (attraction)', ""Pooh's Hunny Hunt""]",[],[],2021-04-12T03:09:26.020Z,2021-12-20T20:40:31.264Z
799,Xandra,[],[],['Legend of the Three Caballeros'],[],[],[],[],2021-04-12T03:09:47.944Z,2021-12-20T20:40:31.770Z
800,Yan Yan,[],[],['American Dragon: Jake Long'],[],[],[],[],2021-04-12T03:09:58.200Z,2021-12-20T20:40:31.770Z
801,Yori,['Tron'],[],[],[],[],[],[],2021-04-12T03:10:16.886Z,2021-12-20T20:40:32.236Z
802,Kyoko Yoshiko,['Kim Possible Movie: So the Drama'],[],['Kim Possible'],[],[],[],[],2021-04-12T03:10:17.647Z,2021-12-20T20:40:32.236Z
803,Shan-Yu,"['Mulan', 'Once Upon a Halloween', 'Mulan (2020 film)']",[],['House of Mouse'],"[""Disney's Arcade Frenzy"", 'Kingdom Hearts II', 'Disney Crossy Road', ""Disney Sorcerer's Arena"", 'Disney Emoji Blitz', 'Disney Heroes: Battle Mode', 'Disney Getaway Blast']","['World of Color', 'Villains Night Out!', 'The Nightmare Experiment', ""Cinderella's Surprise Celebration""]",[],[],2021-04-12T03:10:22.245Z,2021-12-20T20:40:32.236Z
804,Zipper,"[""Chip 'n Dale Rescue Rangers (film)""]",[],"[""Chip 'n Dale Rescue Rangers"", 'Mighty Ducks (TV series)', 'DuckTales (2017 series)']","[""Chip 'n Dale Rescue Rangers (video game)"", ""Chip 'n Dale Rescue Rangers: The Adventure in Nimnul's Castle"", ""Chip 'n Dale Rescue Rangers 2"", 'Disney Emoji Blitz', ""Disney Sorcerer's Arena""]",[],[],[],2021-04-12T03:11:00.863Z,2021-12-20T20:40:32.673Z
805,Zombies,['The Haunted Mansion (2003 film)'],[],[],[],[],[],[],2021-04-12T03:11:04.097Z,2021-12-20T20:40:32.673Z
806,Victor,[],[],['K.C. Undercover'],[],[],[],[],2021-04-12T03:05:57.332Z,2021-12-20T20:40:28.691Z
807,Wang Daiyu,[],[],['Stitch & Ai'],[],[],[],[],2021-04-12T03:06:55.424Z,2021-12-20T20:40:29.248Z
808,Prince Wazoo,[],[],['Aladdin (TV series)'],[],[],[],[],2021-04-12T03:07:12.751Z,2021-12-20T20:40:29.666Z
809,Weasels,['The Adventures of Ichabod and Mr. Toad'],"['How to Be a Detective', ""Mickey's Christmas Carol"", 'The Prince and the Pauper']","['Bonkers', 'DuckTales', 'House of Mouse', 'The Wonderful World of Mickey Mouse']","['Magical Tetris Challenge', 'Mickey Saves the Day 3D Adventure', ""Mickey's Speedway USA"", ""Chip 'n Dale Rescue Rangers 2"", 'The Great Circus Mystery starring Mickey and Minnie', 'Magical Tetris Challenge', 'Disney Infinity', 'Mickey Mania: The Timeless Adventures of Mickey Mouse', ""Disney Sorcerer's Arena""]","[""Mr. Toad's Wild Ride""]",[],[],2021-04-12T03:07:14.786Z,2021-12-20T20:40:29.666Z
810,White Wolf,['White Fang 2: Myth of the White Wolf'],[],[],[],[],[],[],2021-04-12T03:07:43.111Z,2021-12-20T20:40:30.260Z
811,Woodrow Wilkins,['Condorman'],[],['Toy Story Toons'],[],[],[],[],2021-04-12T03:08:13.540Z,2021-12-20T20:40:30.261Z
812,Mitch Wilkinson,['National Treasure: Book of Secrets'],[],[],[],[],[],[],2021-04-12T03:08:14.777Z,2021-12-20T20:40:30.261Z
813,Will Stutely,['The Story of Robin Hood and His Merrie Men'],[],[],[],[],[],[],2021-04-12T03:08:16.813Z,2021-12-20T20:40:30.261Z
814,Layla Williams,['Sky High'],[],[],[],[],[],[],2021-04-12T03:08:22.730Z,2021-12-20T20:40:30.722Z
815,Willie the Giant,"['Fun and Fancy Free', 'Who Framed Roger Rabbit', 'Honey, I Blew Up the Kid']","[""Mickey's Christmas Carol""]","['Walt Disney anthology series', 'House of Mouse', 'Mickey Mouse Clubhouse', 'Sing Me a Story with Belle']","['Mickey Mania', 'Disney Crossy Road', 'Disney Tsum Tsum (game)', 'Disney Emoji Blitz']","['Sorcerers of the Magic Kingdom', 'Wonderful World of Animation']",[],[],2021-04-12T03:08:25.461Z,2021-12-20T20:40:30.722Z
816,Willow,[],[],['Tangled: The Series'],[],[],[],[],2021-04-12T03:08:28.916Z,2021-12-20T20:40:30.722Z
817,Wingnut,['Mars Needs Moms'],[],[],[],[],[],[],2021-04-12T03:08:37.184Z,2021-12-20T20:40:30.722Z
818,Mr. Winkie,['The Adventures of Ichabod and Mr. Toad'],['The Wind in the Willows'],[],[],"[""Mr. Toad's Wild Ride""]",[],[],2021-04-12T03:08:40.658Z,2021-12-20T20:40:30.722Z
819,The Wolf,['Into the Woods'],[],[],[],[],[],[],2021-04-12T03:08:59.721Z,2021-12-20T20:40:30.723Z
820,Jenny Wren,['Who Framed Roger Rabbit'],"['Who Killed Cock Robin?', ""Mickey's Polo Team"", 'Toby Tortoise Returns']",[],[],[],[],[],2021-04-12T03:09:33.715Z,2021-12-20T20:40:31.264Z
821,Wyvern Clan,[],[],['Gargoyles'],[],[],[],[],2021-04-12T03:09:43.792Z,2021-12-20T20:40:31.770Z
822,Yama,[],[],['Gargoyles'],[],[],[],[],2021-04-12T03:09:56.257Z,2021-12-20T20:40:31.770Z
823,"Yao, Ling, and Chien Po","['Mulan', 'Mulan II', 'Mulan (2020 film)']",[],['House of Mouse'],"['Animated StoryBook: Mulan', 'Kingdom Hearts II', 'Disney Crossy Road']","['Mulan Parade', 'Fantasmic!', 'Disney in the Stars']",[],[],2021-04-12T03:10:00.142Z,2021-12-20T20:40:31.770Z
824,Stanley Yelnats III,['Holes'],[],[],[],[],[],[],2021-04-12T03:10:06.622Z,2021-12-20T20:40:31.770Z
825,Yin,['Leroy & Stitch'],[],"['Lilo & Stitch: The Series', 'Stitch!']",['Disney Tsum Tsum (game)'],[],[],[],2021-04-12T03:10:11.438Z,2021-12-20T20:40:31.770Z
826,Yuckalinda,[],[],['DuckTales'],[],[],[],[],2021-04-12T03:10:23.095Z,2021-12-20T20:40:32.236Z
827,Yun Mibu,[],[],['The Lion Guard'],[],[],[],[],2021-04-12T03:10:24.569Z,2021-12-20T20:40:32.236Z
828,Yupi,"[""The Emperor's New Groove"", ""Kronk's New Groove""]",[],"[""The Emperor's New School""]",[],[],[],[],2021-04-12T03:10:25.883Z,2021-12-20T20:40:32.236Z
829,Zan Olwson,[],[],['DuckTales (2017 series)'],[],[],[],[],2021-04-12T03:10:32.849Z,2021-12-20T20:40:32.236Z
830,Brock Zero,[],[],['Penn Zero: Part-Time Hero'],[],[],[],[],2021-04-12T03:10:48.898Z,2021-12-20T20:40:32.236Z
831,Zeus,[],[],['DuckTales (2017 series)'],[],[],[],[],2021-04-12T03:10:51.001Z,2021-12-20T20:40:32.236Z
832,Zigzag,['Holes'],[],[],[],[],[],[],2021-04-12T03:10:56.490Z,2021-12-20T20:40:32.673Z
833,Zooter,[],[],['Jungle Junction'],[],[],[],[],2021-04-12T03:11:08.434Z,2021-12-20T20:40:32.673Z
834,Zuzu,[],[],[],[],[],[],[],2021-04-12T03:11:17.693Z,2021-12-20T20:40:32.673Z
835,Ãnanda,[],[],['The Lion Guard'],[],[],[],[],2021-04-12T03:11:18.513Z,2021-12-20T20:40:32.673Z
836,Woozles,"['The Many Adventures of Winnie the Pooh', ""Pooh's Grand Adventure: The Search for Christopher Robin"", 'Christopher Robin (film)']",['Winnie the Pooh and the Blustery Day'],"['The New Adventures of Winnie the Pooh', 'My Friends Tigger and Pooh']","[""Tigger's Honey Hunt""]","['The Many Adventures of Winnie the Pooh (attraction)', ""Pooh's Hunny Hunt""]",[],[],2021-04-12T03:09:26.020Z,2021-12-20T20:40:31.264Z
837,Xandra,[],[],['Legend of the Three Caballeros'],[],[],[],[],2021-04-12T03:09:47.944Z,2021-12-20T20:40:31.770Z
838,Yan Yan,[],[],['American Dragon: Jake Long'],[],[],[],[],2021-04-12T03:09:58.200Z,2021-12-20T20:40:31.770Z
839,Yori,['Tron'],[],[],[],[],[],[],2021-04-12T03:10:16.886Z,2021-12-20T20:40:32.236Z
840,Kyoko Yoshiko,['Kim Possible Movie: So the Drama'],[],['Kim Possible'],[],[],[],[],2021-04-12T03:10:17.647Z,2021-12-20T20:40:32.236Z
841,Shan-Yu,"['Mulan', 'Once Upon a Halloween', 'Mulan (2020 film)']",[],['House of Mouse'],"[""Disney's Arcade Frenzy"", 'Kingdom Hearts II', 'Disney Crossy Road', ""Disney Sorcerer's Arena"", 'Disney Emoji Blitz', 'Disney Heroes: Battle Mode', 'Disney Getaway Blast']","['World of Color', 'Villains Night Out!', 'The Nightmare Experiment', ""Cinderella's Surprise Celebration""]",[],[],2021-04-12T03:10:22.245Z,2021-12-20T20:40:32.236Z
842,Zipper,"[""Chip 'n Dale Rescue Rangers (film)""]",[],"[""Chip 'n Dale Rescue Rangers"", 'Mighty Ducks (TV series)', 'DuckTales (2017 series)']","[""Chip 'n Dale Rescue Rangers (video game)"", ""Chip 'n Dale Rescue Rangers: The Adventure in Nimnul's Castle"", ""Chip 'n Dale Rescue Rangers 2"", 'Disney Emoji Blitz', ""Disney Sorcerer's Arena""]",[],[],[],2021-04-12T03:11:00.863Z,2021-12-20T20:40:32.673Z
843,Zombies,['The Haunted Mansion (2003 film)'],[],[],[],[],[],[],2021-04-12T03:11:04.097Z,2021-12-20T20:40:32.673Z
844,Victor,[],[],['K.C. Undercover'],[],[],[],[],2021-04-12T03:05:57.332Z,2021-12-20T20:40:28.691Z
845,Wang Daiyu,[],[],['Stitch & Ai'],[],[],[],[],2021-04-12T03:06:55.424Z,2021-12-20T20:40:29.248Z
846,Prince Wazoo,[],[],['Aladdin (TV series)'],[],[],[],[],2021-04-12T03:07:12.751Z,2021-12-20T20:40:29.666Z
847,Weasels,['The Adventures of Ichabod and Mr. Toad'],"['How to Be a Detective', ""Mickey's Christmas Carol"", 'The Prince and the Pauper']","['Bonkers', 'DuckTales', 'House of Mouse', 'The Wonderful World of Mickey Mouse']","['Magical Tetris Challenge', 'Mickey Saves the Day 3D Adventure', ""Mickey's Speedway USA"", ""Chip 'n Dale Rescue Rangers 2"", 'The Great Circus Mystery starring Mickey and Minnie', 'Magical Tetris Challenge', 'Disney Infinity', 'Mickey Mania: The Timeless Adventures of Mickey Mouse', ""Disney Sorcerer's Arena""]","[""Mr. Toad's Wild Ride""]",[],[],2021-04-12T03:07:14.786Z,2021-12-20T20:40:29.666Z
848,White Wolf,['White Fang 2: Myth of the White Wolf'],[],[],[],[],[],[],2021-04-12T03:07:43.111Z,2021-12-20T20:40:30.260Z
849,Woodrow Wilkins,['Condorman'],[],['Toy Story Toons'],[],[],[],[],2021-04-12T03:08:13.540Z,2021-12-20T20:40:30.261Z
850,Mitch Wilkinson,['National Treasure: Book of Secrets'],[],[],[],[],[],[],2021-04-12T03:08:14.777Z,2021-12-20T20:40:30.261Z
851,Will Stutely,['The Story of Robin Hood and His Merrie Men'],[],[],[],[],[],[],2021-04-12T03:08:16.813Z,2021-12-20T20:40:30.261Z
852,Layla Williams,['Sky High'],[],[],[],[],[],[],2021-04-12T03:08:22.730Z,2021-12-20T20:40:30.722Z
853,Willie the Giant,"['Fun and Fancy Free', 'Who Framed Roger Rabbit', 'Honey, I Blew Up the Kid']","[""Mickey's Christmas Carol""]","['Walt Disney anthology series', 'House of Mouse', 'Mickey Mouse Clubhouse', 'Sing Me a Story with Belle']","['Mickey Mania', 'Disney Crossy Road', 'Disney Tsum Tsum (game)', 'Disney Emoji Blitz']","['Sorcerers of the Magic Kingdom', 'Wonderful World of Animation']",[],[],2021-04-12T03:08:25.461Z,2021-12-20T20:40:30.722Z
854,Willow,[],[],['Tangled: The Series'],[],[],[],[],2021-04-12T03:08:28.916Z,2021-12-20T20:40:30.722Z
855,Wingnut,['Mars Needs Moms'],[],[],[],[],[],[],2021-04-12T03:08:37.184Z,2021-12-20T20:40:30.722Z
856,Mr. Winkie,['The Adventures of Ichabod and Mr. Toad'],['The Wind in the Willows'],[],[],"[""Mr. Toad's Wild Ride""]",[],[],2021-04-12T03:08:40.658Z,2021-12-20T20:40:30.722Z
857,The Wolf,['Into the Woods'],[],[],[],[],[],[],2021-04-12T03:08:59.721Z,2021-12-20T20:40:30.723Z
858,Jenny Wren,['Who Framed Roger Rabbit'],"['Who Killed Cock Robin?', ""Mickey's Polo Team"", 'Toby Tortoise Returns']",[],[],[],[],[],2021-04-12T03:09:33.715Z,2021-12-20T20:40:31.264Z
859,Wyvern Clan,[],[],['Gargoyles'],[],[],[],[],2021-04-12T03:09:43.792Z,2021-12-20T20:40:31.770Z
860,Yama,[],[],['Gargoyles'],[],[],[],[],2021-04-12T03:09:56.257Z,2021-12-20T20:40:31.770Z
861,"Yao, Ling, and Chien Po","['Mulan', 'Mulan II', 'Mulan (2020 film)']",[],['House of Mouse'],"['Animated StoryBook: Mulan', 'Kingdom Hearts II', 'Disney Crossy Road']","['Mulan Parade', 'Fantasmic!', 'Disney in the Stars']",[],[],2021-04-12T03:10:00.142Z,2021-12-20T20:40:31.770Z
862,Stanley Yelnats III,['Holes'],[],[],[],[],[],[],2021-04-12T03:10:06.622Z,2021-12-20T20:40:31.770Z
863,Yin,['Leroy & Stitch'],[],"['Lilo & Stitch: The Series', 'Stitch!']",['Disney Tsum Tsum (game)'],[],[],[],2021-04-12T03:10:11.438Z,2021-12-20T20:40:31.770Z
864,Yuckalinda,[],[],['DuckTales'],[],[],[],[],2021-04-12T03:10:23.095Z,2021-12-20T20:40:32.236Z
865,Yun Mibu,[],[],['The Lion Guard'],[],[],[],[],2021-04-12T03:10:24.569Z,2021-12-20T20:40:32.236Z
866,Yupi,"[""The Emperor's New Groove"", ""Kronk's New Groove""]",[],"[""The Emperor's New School""]",[],[],[],[],2021-04-12T03:10:25.883Z,2021-12-20T20:40:32.236Z
867,Zan Olwson,[],[],['DuckTales (2017 series)'],[],[],[],[],2021-04-12T03:10:32.849Z,2021-12-20T20:40:32.236Z
868,Brock Zero,[],[],['Penn Zero: Part-Time Hero'],[],[],[],[],2021-04-12T03:10:48.898Z,2021-12-20T20:40:32.236Z
869,Zeus,[],[],['DuckTales (2017 series)'],[],[],[],[],2021-04-12T03:10:51.001Z,2021-12-20T20:40:32.236Z
870,Zigzag,['Holes'],[],[],[],[],[],[],2021-04-12T03:10:56.490Z,2021-12-20T20:40:32.673Z
871,Zooter,[],[],['Jungle Junction'],[],[],[],[],2021-04-12T03:11:08.434Z,2021-12-20T20:40:32.673Z
872,Zuzu,[],[],[],[],[],[],[],2021-04-12T03:11:17.693Z,2021-12-20T20:40:32.673Z
873,Ãnanda,[],[],['The Lion Guard'],[],[],[],[],2021-04-12T03:11:18.513Z,2021-12-20T20:40:32.673Z
874,Woozles,"['The Many Adventures of Winnie the Pooh', ""Pooh's Grand Adventure: The Search for Christopher Robin"", 'Christopher Robin (film)']",['Winnie the Pooh and the Blustery Day'],"['The New Adventures of Winnie the Pooh', 'My Friends Tigger and Pooh']","[""Tigger's Honey Hunt""]","['The Many Adventures of Winnie the Pooh (attraction)', ""Pooh's Hunny Hunt""]",[],[],2021-04-12T03:09:26.020Z,2021-12-20T20:40:31.264Z
875,Xandra,[],[],['Legend of the Three Caballeros'],[],[],[],[],2021-04-12T03:09:47.944Z,2021-12-20T20:40:31.770Z
876,Yan Yan,[],[],['American Dragon: Jake Long'],[],[],[],[],2021-04-12T03:09:58.200Z,2021-12-20T20:40:31.770Z
877,Yori,['Tron'],[],[],[],[],[],[],2021-04-12T03:10:16.886Z,2021-12-20T20:40:32.236Z
878,Kyoko Yoshiko,['Kim Possible Movie: So the Drama'],[],['Kim Possible'],[],[],[],[],2021-04-12T03:10:17.647Z,2021-12-20T20:40:32.236Z
879,Shan-Yu,"['Mulan', 'Once Upon a Halloween', 'Mulan (2020 film)']",[],['House of Mouse'],"[""Disney's Arcade Frenzy"", 'Kingdom Hearts II', 'Disney Crossy Road', ""Disney Sorcerer's Arena"", 'Disney Emoji Blitz', 'Disney Heroes: Battle Mode', 'Disney Getaway Blast']","['World of Color', 'Villains Night Out!', 'The Nightmare Experiment', ""Cinderella's Surprise Celebration""]",[],[],2021-04-12T03:10:22.245Z,2021-12-20T20:40:32.236Z
880,Zipper,"[""Chip 'n Dale Rescue Rangers (film)""]",[],"[""Chip 'n Dale Rescue Rangers"", 'Mighty Ducks (TV series)', 'DuckTales (2017 series)']","[""Chip 'n Dale Rescue Rangers (video game)"", ""Chip 'n Dale Rescue Rangers: The Adventure in Nimnul's Castle"", ""Chip 'n Dale Rescue Rangers 2"", 'Disney Emoji Blitz', ""Disney Sorcerer's Arena""]",[],[],[],2021-04-12T03:11:00.863Z,2021-12-20T20:40:32.673Z
881,Zombies,['The Haunted Mansion (2003 film)'],[],[],[],[],[],[],2021-04-12T03:11:04.097Z,2021-12-20T20:40:32.673Z
882,Victor,[],[],['K.C. Undercover'],[],[],[],[],2021-04-12T03:05:57.332Z,2021-12-20T20:40:28.691Z
883,Wang Daiyu,[],[],['Stitch & Ai'],[],[],[],[],2021-04-12T03:06:55.424Z,2021-12-20T20:40:29.248Z
884,Prince Wazoo,[],[],['Aladdin (TV series)'],[],[],[],[],2021-04-12T03:07:12.751Z,2021-12-20T20:40:29.666Z
885,Weasels,['The Adventures of Ichabod and Mr. Toad'],"['How to Be a Detective', ""Mickey's Christmas Carol"", 'The Prince and the Pauper']","['Bonkers', 'DuckTales', 'House of Mouse', 'The Wonderful World of Mickey Mouse']","['Magical Tetris Challenge', 'Mickey Saves the Day 3D Adventure', ""Mickey's Speedway USA"", ""Chip 'n Dale Rescue Rangers 2"", 'The Great Circus Mystery starring Mickey and Minnie', 'Magical Tetris Challenge', 'Disney Infinity', 'Mickey Mania: The Timeless Adventures of Mickey Mouse', ""Disney Sorcerer's Arena""]","[""Mr. Toad's Wild Ride""]",[],[],2021-04-12T03:07:14.786Z,2021-12-20T20:40:29.666Z
886,White Wolf,['White Fang 2: Myth of the White Wolf'],[],[],[],[],[],[],2021-04-12T03:07:43.111Z,2021-12-20T20:40:30.260Z
887,Woodrow Wilkins,['Condorman'],[],['Toy Story Toons'],[],[],[],[],2021-04-12T03:08:13.540Z,2021-12-20T20:40:30.261Z
888,Mitch Wilkinson,['National Treasure: Book of Secrets'],[],[],[],[],[],[],2021-04-12T03:08:14.777Z,2021-12-20T20:40:30.261Z
889,Will Stutely,['The Story of Robin Hood and His Merrie Men'],[],[],[],[],[],[],2021-04-12T03:08:16.813Z,2021-12-20T20:40:30.261Z
890,Layla Williams,['Sky High'],[],[],[],[],[],[],2021-04-12T03:08:22.730Z,2021-12-20T20:40:30.722Z
891,Willie the Giant,"['Fun and Fancy Free', 'Who Framed Roger Rabbit', 'Honey, I Blew Up the Kid']","[""Mickey's Christmas Carol""]","['Walt Disney anthology series', 'House of Mouse', 'Mickey Mouse Clubhouse', 'Sing Me a Story with Belle']","['Mickey Mania', 'Disney Crossy Road', 'Disney Tsum Tsum (game)', 'Disney Emoji Blitz']","['Sorcerers of the Magic Kingdom', 'Wonderful World of Animation']",[],[],2021-04-12T03:08:25.461Z,2021-12-20T20:40:30.722Z
892,Willow,[],[],['Tangled: The Series'],[],[],[],[],2021-04-12T03:08:28.916Z,2021-12-20T20:40:30.722Z
893,Wingnut,['Mars Needs Moms'],[],[],[],[],[],[],2021-04-12T03:08:37.184Z,2021-12-20T20:40:30.722Z
894,Mr. Winkie,['The Adventures of Ichabod and Mr. Toad'],['The Wind in the Willows'],[],[],"[""Mr. Toad's Wild Ride""]",[],[],2021-04-12T03:08:40.658Z,2021-12-20T20:40:30.722Z
895,The Wolf,['Into the Woods'],[],[],[],[],[],[],2021-04-12T03:08:59.721Z,2021-12-20T20:40:30.723Z
896,Jenny Wren,['Who Framed Roger Rabbit'],"['Who Killed Cock Robin?', ""Mickey's Polo Team"", 'Toby Tortoise Returns']",[],[],[],[],[],2021-04-12T03:09:33.715Z,2021-12-20T20:40:31.264Z
897,Wyvern Clan,[],[],['Gargoyles'],[],[],[],[],2021-04-12T03:09:43.792Z,2021-12-20T20:40:31.770Z
898,Yama,[],[],['Gargoyles'],[],[],[],[],2021-04-12T03:09:56.257Z,2021-12-20T20:40:31.770Z
899,"Yao, Ling, and Chien Po","['Mulan', 'Mulan II', 'Mulan (2020 film)']",[],['House of Mouse'],"['Animated StoryBook: Mulan', 'Kingdom Hearts II', 'Disney Crossy Road']","['Mulan Parade', 'Fantasmic!', 'Disney in the Stars']",[],[],2021-04-12T03:10:00.142Z,2021-12-20T20:40:31.770Z
900,Stanley Yelnats III,['Holes'],[],[],[],[],[],[],2021-04-12T03:10:06.622Z,2021-12-20T20:40:31.770Z
901,Yin,['Leroy & Stitch'],[],"['Lilo & Stitch: The Series', 'Stitch!']",['Disney Tsum Tsum (game)'],[],[],[],2021-04-12T03:10:11.438Z,2021-12-20T20:40:31.770Z
902,Yuckalinda,[],[],['DuckTales'],[],[],[],[],2021-04-12T03:10:23.095Z,2021-12-20T20:40:32.236Z
903,Yun Mibu,[],[],['The Lion Guard'],[],[],[],[],2021-04-12T03:10:24.569Z,2021-12-20T20:40:32.236Z
904,Yupi,"[""The Emperor's New Groove"", ""Kronk's New Groove""]",[],"[""The Emperor's New School""]",[],[],[],[],2021-04-12T03:10:25.883Z,2021-12-20T20:40:32.236Z
905,Zan Olwson,[],[],['DuckTales (2017 series)'],[],[],[],[],2021-04-12T03:10:32.849Z,2021-12-20T20:40:32.236Z
906,Brock Zero,[],[],['Penn Zero: Part-Time Hero'],[],[],[],[],2021-04-12T03:10:48.898Z,2021-12-20T20:40:32.236Z
907,Zeus,[],[],['DuckTales (2017 series)'],[],[],[],[],2021-04-12T03:10:51.001Z,2021-12-20T20:40:32.236Z
908,Zigzag,['Holes'],[],[],[],[],[],[],2021-04-12T03:10:56.490Z,2021-12-20T20:40:32.673Z
909,Zooter,[],[],['Jungle Junction'],[],[],[],[],2021-04-12T03:11:08.434Z,2021-12-20T20:40:32.673Z
910,Zuzu,[],[],[],[],[],[],[],2021-04-12T03:11:17.693Z,2021-12-20T20:40:32.673Z
911,Ãnanda,[],[],['The Lion Guard'],[],[],[],[],2021-04-12T03:11:18.513Z,2021-12-20T20:40:32.673Z
912,Woozles,"['The Many Adventures of Winnie the Pooh', ""Pooh's Grand Adventure: The Search for Christopher Robin"", 'Christopher Robin (film)']",['Winnie the Pooh and the Blustery Day'],"['The New Adventures of Winnie the Pooh', 'My Friends Tigger and Pooh']","[""Tigger's Honey Hunt""]","['The Many Adventures of Winnie the Pooh (attraction)', ""Pooh's Hunny Hunt""]",[],[],2021-04-12T03:09:26.020Z,2021-12-20T20:40:31.264Z
913,Xandra,[],[],['Legend of the Three Caballeros'],[],[],[],[],2021-04-12T03:09:47.944Z,2021-12-20T20:40:31.770Z
914,Yan Yan,[],[],['American Dragon: Jake Long'],[],[],[],[],2021-04-12T03:09:58.200Z,2021-12-20T20:40:31.770Z
915,Yori,['Tron'],[],[],[],[],[],[],2021-04-12T03:10:16.886Z,2021-12-20T20:40:32.236Z
916,Kyoko Yoshiko,['Kim Possible Movie: So the Drama'],[],['Kim Possible'],[],[],[],[],2021-04-12T03:10:17.647Z,2021-12-20T20:40:32.236Z
917,Shan-Yu,"['Mulan', 'Once Upon a Halloween', 'Mulan (2020 film)']",[],['House of Mouse'],"[""Disney's Arcade Frenzy"", 'Kingdom Hearts II', 'Disney Crossy Road', ""Disney Sorcerer's Arena"", 'Disney Emoji Blitz', 'Disney Heroes: Battle Mode', 'Disney Getaway Blast']","['World of Color', 'Villains Night Out!', 'The Nightmare Experiment', ""Cinderella's Surprise Celebration""]",[],[],2021-04-12T03:10:22.245Z,2021-12-20T20:40:32.236Z
918,Zipper,"[""Chip 'n Dale Rescue Rangers (film)""]",[],"[""Chip 'n Dale Rescue Rangers"", 'Mighty Ducks (TV series)', 'DuckTales (2017 series)']","[""Chip 'n Dale Rescue Rangers (video game)"", ""Chip 'n Dale Rescue Rangers: The Adventure in Nimnul's Castle"", ""Chip 'n Dale Rescue Rangers 2"", 'Disney Emoji Blitz', ""Disney Sorcerer's Arena""]",[],[],[],2021-04-12T03:11:00.863Z,2021-12-20T20:40:32.673Z
919,Zombies,['The Haunted Mansion (2003 film)'],[],[],[],[],[],[],2021-04-12T03:11:04.097Z,2021-12-20T20:40:32.673Z
920,Victor,[],[],['K.C. Undercover'],[],[],[],[],2021-04-12T03:05:57.332Z,2021-12-20T20:40:28.691Z
921,Wang Daiyu,[],[],['Stitch & Ai'],[],[],[],[],2021-04-12T03:06:55.424Z,2021-12-20T20:40:29.248Z
922,Prince Wazoo,[],[],['Aladdin (TV series)'],[],[],[],[],2021-04-12T03:07:12.751Z,2021-12-20T20:40:29.666Z
923,Weasels,['The Adventures of Ichabod and Mr. Toad'],"['How to Be a Detective', ""Mickey's Christmas Carol"", 'The Prince and the Pauper']","['Bonkers', 'DuckTales', 'House of Mouse', 'The Wonderful World of Mickey Mouse']","['Magical Tetris Challenge', 'Mickey Saves the Day 3D Adventure', ""Mickey's Speedway USA"", ""Chip 'n Dale Rescue Rangers 2"", 'The Great Circus Mystery starring Mickey and Minnie', 'Magical Tetris Challenge', 'Disney Infinity', 'Mickey Mania: The Timeless Adventures of Mickey Mouse', ""Disney Sorcerer's Arena""]","[""Mr. Toad's Wild Ride""]",[],[],2021-04-12T03:07:14.786Z,2021-12-20T20:40:29.666Z
924,White Wolf,['White Fang 2: Myth of the White Wolf'],[],[],[],[],[],[],2021-04-12T03:07:43.111Z,2021-12-20T20:40:30.260Z
925,Woodrow Wilkins,['Condorman'],[],['Toy Story Toons'],[],[],[],[],2021-04-12T03:08:13.540Z,2021-12-20T20:40:30.261Z
926,Mitch Wilkinson,['National Treasure: Book of Secrets'],[],[],[],[],[],[],2021-04-12T03:08:14.777Z,2021-12-20T20:40:30.261Z
927,Will Stutely,['The Story of Robin Hood and His Merrie Men'],[],[],[],[],[],[],2021-04-12T03:08:16.813Z,2021-12-20T20:40:30.261Z
928,Layla Williams,['Sky High'],[],[],[],[],[],[],2021-04-12T03:08:22.730Z,2021-12-20T20:40:30.722Z
929,Willie the Giant,"['Fun and Fancy Free', 'Who Framed Roger Rabbit', 'Honey, I Blew Up the Kid']","[""Mickey's Christmas Carol""]","['Walt Disney anthology series', 'House of Mouse', 'Mickey Mouse Clubhouse', 'Sing Me a Story with Belle']","['Mickey Mania', 'Disney Crossy Road', 'Disney Tsum Tsum (game)', 'Disney Emoji Blitz']","['Sorcerers of the Magic Kingdom', 'Wonderful World of Animation']",[],[],2021-04-12T03:08:25.461Z,2021-12-20T20:40:30.722Z
930,Willow,[],[],['Tangled: The Series'],[],[],[],[],2021-04-12T03:08:28.916Z,2021-12-20T20:40:30.722Z
931,Wingnut,['Mars Needs Moms'],[],[],[],[],[],[],2021-04-12T03:08:37.184Z,2021-12-20T20:40:30.722Z
932,Mr. Winkie,['The Adventures of Ichabod and Mr. Toad'],['The Wind in the Willows'],[],[],"[""Mr. Toad's Wild Ride""]",[],[],2021-04-12T03:08:40.658Z,2021-12-20T20:40:30.722Z
933,The Wolf,['Into the Woods'],[],[],[],[],[],[],2021-04-12T03:08:59.721Z,2021-12-20T20:40:30.723Z
934,Jenny Wren,['Who Framed Roger Rabbit'],"['Who Killed Cock Robin?', ""Mickey's Polo Team"", 'Toby Tortoise Returns']",[],[],[],[],[],2021-04-12T03:09:33.715Z,2021-12-20T20:40:31.264Z
935,Wyvern Clan,[],[],['Gargoyles'],[],[],[],[],2021-04-12T03:09:43.792Z,2021-12-20T20:40:31.770Z
936,Yama,[],[],['Gargoyles'],[],[],[],[],2021-04-12T03:09:56.257Z,2021-12-20T20:40:31.770Z
937,"Yao, Ling, and Chien Po","['Mulan', 'Mulan II', 'Mulan (2020 film)']",[],['House of Mouse'],"['Animated StoryBook: Mulan', 'Kingdom Hearts II', 'Disney Crossy Road']","['Mulan Parade', 'Fantasmic!', 'Disney in the Stars']",[],[],2021-04-12T03:10:00.142Z,2021-12-20T20:40:31.770Z
938,Stanley Yelnats III,['Holes'],[],[],[],[],[],[],2021-04-12T03:10:06.622Z,2021-12-20T20:40:31.770Z
939,Yin,['Leroy & Stitch'],[],"['Lilo & Stitch: The Series', 'Stitch!']",['Disney Tsum Tsum (game)'],[],[],[],2021-04-12T03:10:11.438Z,2021-12-20T20:40:31.770Z
940,Yuckalinda,[],[],['DuckTales'],[],[],[],[],2021-04-12T03:10:23.095Z,2021-12-20T20:40:32.236Z
941,Yun Mibu,[],[],['The Lion Guard'],[],[],[],[],2021-04-12T03:10:24.569Z,2021-12-20T20:40:32.236Z
942,Yupi,"[""The Emperor's New Groove"", ""Kronk's New Groove""]",[],"[""The Emperor's New School""]",[],[],[],[],2021-04-12T03:10:25.883Z,2021-12-20T20:40:32.236Z
943,Zan Olwson,[],[],['DuckTales (2017 series)'],[],[],[],[],2021-04-12T03:10:32.849Z,2021-12-20T20:40:32.236Z
944,Brock Zero,[],[],['Penn Zero: Part-Time Hero'],[],[],[],[],2021-04-12T03:10:48.898Z,2021-12-20T20:40:32.236Z
945,Zeus,[],[],['DuckTales (2017 series)'],[],[],[],[],2021-04-12T03:10:51.001Z,2021-12-20T20:40:32.236Z
946,Zigzag,['Holes'],[],[],[],[],[],[],2021-04-12T03:10:56.490Z,2021-12-20T20:40:32.673Z
947,Zooter,[],[],['Jungle Junction'],[],[],[],[],2021-04-12T03:11:08.434Z,2021-12-20T20:40:32.673Z
948,Zuzu,[],[],[],[],[],[],[],2021-04-12T03:11:17.693Z,2021-12-20T20:40:32.673Z
949,Ãnanda,[],[],['The Lion Guard'],[],[],[],[],2021-04-12T03:11:18.513Z,2021-12-20T20:40:32.673Z
950,Woozles,"['The Many Adventures of Winnie the Pooh', ""Pooh's Grand Adventure: The Search for Christopher Robin"", 'Christopher Robin (film)']",['Winnie the Pooh and the Blustery Day'],"['The New Adventures of Winnie the Pooh', 'My Friends Tigger and Pooh']","[""Tigger's Honey Hunt""]","['The Many Adventures of Winnie the Pooh (attraction)', ""Pooh's Hunny Hunt""]",[],[],2021-04-12T03:09:26.020Z,2021-12-20T20:40:31.264Z
951,Xandra,[],[],['Legend of the Three Caballeros'],[],[],[],[],2021-04-12T03:09:47.944Z,2021-12-20T20:40:31.770Z
952,Yan Yan,[],[],['American Dragon: Jake Long'],[],[],[],[],2021-04-12T03:09:58.200Z,2021-12-20T20:40:31.770Z
953,Yori,['Tron'],[],[],[],[],[],[],2021-04-12T03:10:16.886Z,2021-12-20T20:40:32.236Z
954,Kyoko Yoshiko,['Kim Possible Movie: So the Drama'],[],['Kim Possible'],[],[],[],[],2021-04-12T03:10:17.647Z,2021-12-20T20:40:32.236Z
955,Shan-Yu,"['Mulan', 'Once Upon a Halloween', 'Mulan (2020 film)']",[],['House of Mouse'],"[""Disney's Arcade Frenzy"", 'Kingdom Hearts II', 'Disney Crossy Road', ""Disney Sorcerer's Arena"", 'Disney Emoji Blitz', 'Disney Heroes: Battle Mode', 'Disney Getaway Blast']","['World of Color', 'Villains Night Out!', 'The Nightmare Experiment', ""Cinderella's Surprise Celebration""]",[],[],2021-04-12T03:10:22.245Z,2021-12-20T20:40:32.236Z
956,Zipper,"[""Chip 'n Dale Rescue Rangers (film)""]",[],"[""Chip 'n Dale Rescue Rangers"", 'Mighty Ducks (TV series)', 'DuckTales (2017 series)']","[""Chip 'n Dale Rescue Rangers (video game)"", ""Chip 'n Dale Rescue Rangers: The Adventure in Nimnul's Castle"", ""Chip 'n Dale Rescue Rangers 2"", 'Disney Emoji Blitz', ""Disney Sorcerer's Arena""]",[],[],[],2021-04-12T03:11:00.863Z,2021-12-20T20:40:32.673Z
957,Zombies,['The Haunted Mansion (2003 film)'],[],[],[],[],[],[],2021-04-12T03:11:04.097Z,2021-12-20T20:40:32.673Z
958,Victor,[],[],['K.C. Undercover'],[],[],[],[],2021-04-12T03:05:57.332Z,2021-12-20T20:40:28.691Z
959,Wang Daiyu,[],[],['Stitch & Ai'],[],[],[],[],2021-04-12T03:06:55.424Z,2021-12-20T20:40:29.248Z
960,Prince Wazoo,[],[],['Aladdin (TV series)'],[],[],[],[],2021-04-12T03:07:12.751Z,2021-12-20T20:40:29.666Z
961,Weasels,['The Adventures of Ichabod and Mr. Toad'],"['How to Be a Detective', ""Mickey's Christmas Carol"", 'The Prince and the Pauper']","['Bonkers', 'DuckTales', 'House of Mouse', 'The Wonderful World of Mickey Mouse']","['Magical Tetris Challenge', 'Mickey Saves the Day 3D Adventure', ""Mickey's Speedway USA"", ""Chip 'n Dale Rescue Rangers 2"", 'The Great Circus Mystery starring Mickey and Minnie', 'Magical Tetris Challenge', 'Disney Infinity', 'Mickey Mania: The Timeless Adventures of Mickey Mouse', ""Disney Sorcerer's Arena""]","[""Mr. Toad's Wild Ride""]",[],[],2021-04-12T03:07:14.786Z,2021-12-20T20:40:29.666Z
962,White Wolf,['White Fang 2: Myth of the White Wolf'],[],[],[],[],[],[],2021-04-12T03:07:43.111Z,2021-12-20T20:40:30.260Z
963,Woodrow Wilkins,['Condorman'],[],['Toy Story Toons'],[],[],[],[],2021-04-12T03:08:13.540Z,2021-12-20T20:40:30.261Z
964,Mitch Wilkinson,['National Treasure: Book of Secrets'],[],[],[],[],[],[],2021-04-12T03:08:14.777Z,2021-12-20T20:40:30.261Z
965,Will Stutely,['The Story of Robin Hood and His Merrie Men'],[],[],[],[],[],[],2021-04-12T03:08:16.813Z,2021-12-20T20:40:30.261Z
966,Layla Williams,['Sky High'],[],[],[],[],[],[],2021-04-12T03:08:22.730Z,2021-12-20T20:40:30.722Z
967,Willie the Giant,"['Fun and Fancy Free', 'Who Framed Roger Rabbit', 'Honey, I Blew Up the Kid']","[""Mickey's Christmas Carol""]","['Walt Disney anthology series', 'House of Mouse', 'Mickey Mouse Clubhouse', 'Sing Me a Story with Belle']","['Mickey Mania', 'Disney Crossy Road', 'Disney Tsum Tsum (game)', 'Disney Emoji Blitz']","['Sorcerers of the Magic Kingdom', 'Wonderful World of Animation']",[],[],2021-04-12T03:08:25.461Z,2021-12-20T20:40:30.722Z
968,Willow,[],[],['Tangled: The Series'],[],[],[],[],2021-04-12T03:08:28.916Z,2021-12-20T20:40:30.722Z
969,Wingnut,['Mars Needs Moms'],[],[],[],[],[],[],2021-04-12T03:08:37.184Z,2021-12-20T20:40:30.722Z
970,Mr. Winkie,['The Adventures of Ichabod and Mr. Toad'],['The Wind in the Willows'],[],[],"[""Mr. Toad's Wild Ride""]",[],[],2021-04-12T03:08:40.658Z,2021-12-20T20:40:30.722Z
971,The Wolf,['Into the Woods'],[],[],[],[],[],[],2021-04-12T03:08:59.721Z,2021-12-20T20:40:30.723Z
972,Jenny Wren,['Who Framed Roger Rabbit'],"['Who Killed Cock Robin?', ""Mickey's Polo Team"", 'Toby Tortoise Returns']",[],[],[],[],[],2021-04-12T03:09:33.715Z,2021-12-20T20:40:31.264Z
973,Wyvern Clan,[],[],['Gargoyles'],[],[],[],[],2021-04-12T03:09:43.792Z,2021-12-20T20:40:31.770Z
974,Yama,[],[],['Gargoyles'],[],[],[],[],2021-04-12T03:09:56.257Z,2021-12-20T20:40:31.770Z
975,"Yao, Ling, and Chien Po","['Mulan', 'Mulan II', 'Mulan (2020 film)']",[],['House of Mouse'],"['Animated StoryBook: Mulan', 'Kingdom Hearts II', 'Disney Crossy Road']","['Mulan Parade', 'Fantasmic!', 'Disney in the Stars']",[],[],2021-04-12T03:10:00.142Z,2021-12-20T20:40:31.770Z
976,Stanley Yelnats III,['Holes'],[],[],[],[],[],[],2021-04-12T03:10:06.622Z,2021-12-20T20:40:31.770Z
977,Yin,['Leroy & Stitch'],[],"['Lilo & Stitch: The Series', 'Stitch!']",['Disney Tsum Tsum (game)'],[],[],[],2021-04-12T03:10:11.438Z,2021-12-20T20:40:31.770Z
978,Yuckalinda,[],[],['DuckTales'],[],[],[],[],2021-04-12T03:10:23.095Z,2021-12-20T20:40:32.236Z
979,Yun Mibu,[],[],['The Lion Guard'],[],[],[],[],2021-04-12T03:10:24.569Z,2021-12-20T20:40:32.236Z
980,Yupi,"[""The Emperor's New Groove"", ""Kronk's New Groove""]",[],"[""The Emperor's New School""]",[],[],[],[],2021-04-12T03:10:25.883Z,2021-12-20T20:40:32.236Z
981,Zan Olwson,[],[],['DuckTales (2017 series)'],[],[],[],[],2021-04-12T03:10:32.849Z,2021-12-20T20:40:32.236Z
982,Brock Zero,[],[],['Penn Zero: Part-Time Hero'],[],[],[],[],2021-04-12T03:10:48.898Z,2021-12-20T20:40:32.236Z
983,Zeus,[],[],['DuckTales (2017 series)'],[],[],[],[],2021-04-12T03:10:51.001Z,2021-12-20T20:40:32.236Z
984,Zigzag,['Holes'],[],[],[],[],[],[],2021-04-12T03:10:56.490Z,2021-12-20T20:40:32.673Z
985,Zooter,[],[],['Jungle Junction'],[],[],[],[],2021-04-12T03:11:08.434Z,2021-12-20T20:40:32.673Z
986,Zuzu,[],[],[],[],[],[],[],2021-04-12T03:11:17.693Z,2021-12-20T20:40:32.673Z
987,Ãnanda,[],[],['The Lion Guard'],[],[],[],[],2021-04-12T03:11:18.513Z,2021-12-20T20:40:32.673Z
988,Woozles,"['The Many Adventures of Winnie the Pooh', ""Pooh's Grand Adventure: The Search for Christopher Robin"", 'Christopher Robin (film)']",['Winnie the Pooh and the Blustery Day'],"['The New Adventures of Winnie the Pooh', 'My Friends Tigger and Pooh']","[""Tigger's Honey Hunt""]","['The Many Adventures of Winnie the Pooh (attraction)', ""Pooh's Hunny Hunt""]",[],[],2021-04-12T03:09:26.020Z,2021-12-20T20:40:31.264Z
989,Xandra,[],[],['Legend of the Three Caballeros'],[],[],[],[],2021-04-12T03:09:47.944Z,2021-12-20T20:40:31.770Z
990,Yan Yan,[],[],['American Dragon: Jake Long'],[],[],[],[],2021-04-12T03:09:58.200Z,2021-12-20T20:40:31.770Z
991,Yori,['Tron'],[],[],[],[],[],[],2021-04-12T03:10:16.886Z,2021-12-20T20:40:32.236Z
992,Kyoko Yoshiko,['Kim Possible Movie: So the Drama'],[],['Kim Possible'],[],[],[],[],2021-04-12T03:10:17.647Z,2021-12-20T20:40:32.236Z
993,Shan-Yu,"['Mulan', 'Once Upon a Halloween', 'Mulan (2020 film)']",[],['House of Mouse'],"[""Disney's Arcade Frenzy"", 'Kingdom Hearts II', 'Disney Crossy Road', ""Disney Sorcerer's Arena"", 'Disney Emoji Blitz', 'Disney Heroes: Battle Mode', 'Disney Getaway Blast']","['World of Color', 'Villains Night Out!', 'The Nightmare Experiment', ""Cinderella's Surprise Celebration""]",[],[],2021-04-12T03:10:22.245Z,2021-12-20T20:40:32.236Z
994,Zipper,"[""Chip 'n Dale Rescue Rangers (film)""]",[],"[""Chip 'n Dale Rescue Rangers"", 'Mighty Ducks (TV series)', 'DuckTales (2017 series)']","[""Chip 'n Dale Rescue Rangers (video game)"", ""Chip 'n Dale Rescue Rangers: The Adventure in Nimnul's Castle"", ""Chip 'n Dale Rescue Rangers 2"", 'Disney Emoji Blitz', ""Disney Sorcerer's Arena""]",[],[],[],2021-04-12T03:11:00.863Z,2021-12-20T20:40:32.673Z
995,Zombies,['The Haunted Mansion (2003 film)'],[],[],[],[],[],[],2021-04-12T03:11:04.097Z,2021-12-20T20:40:32.673Z
996,Victor,[],[],['K.C. Undercover'],[],[],[],[],2021-04-12T03:05:57.332Z,2021-12-20T20:40:28.691Z
997,Wang Daiyu,[],[],['Stitch & Ai'],[],[],[],[],2021-04-12T03:06:55.424Z,2021-12-20T20:40:29.248Z
998,Prince Wazoo,[],[],['Aladdin (TV series)'],[],[],[],[],2021-04-12T03:07:12.751Z,2021-12-20T20:40:29.666Z
999,Weasels,['The Adventures of Ichabod and Mr. Toad'],"['How to Be a Detective', ""Mickey's Christmas Carol"", 'The Prince and the Pauper']","['Bonkers', 'DuckTales', 'House of Mouse', 'The Wonderful World of Mickey Mouse']","['Magical Tetris Challenge', 'Mickey Saves the Day 3D Adventure', ""Mickey's Speedway USA"", ""Chip 'n Dale Rescue Rangers 2"", 'The Great Circus Mystery starring Mickey and Minnie', 'Magical Tetris Challenge', 'Disney Infinity', 'Mickey Mania: The Timeless Adventures of Mickey Mouse', ""Disney Sorcerer's Arena""]","[""Mr. Toad's Wild Ride""]",[],[],2021-04-12T03:07:14.786Z,2021-12-20T20:40:29.666Z
1000,White Wolf,['White Fang 2: Myth of the White Wolf'],[],[],[],[],[],[],2021-04-12T03:07:43.111Z,2021-12-20T20:40:30.260Z
1001,Woodrow Wilkins,['Condorman'],[],['Toy Story Toons'],[],[],[],[],2021-04-12T03:08:13.540Z,2021-12-20T20:40:30.261Z
1002,Mitch Wilkinson,['National Treasure: Book of Secrets'],[],[],[],[],[],[],2021-04-12T03:08:14.777Z,2021-12-20T20:40:30.261Z
1003,Will Stutely,['The Story of Robin Hood and His Merrie Men'],[],[],[],[],[],[],2021-04-12T03:08:16.813Z,2021-12-20T20:40:30.261Z
1004,Layla Williams,['Sky High'],[],[],[],[],[],[],2021-04-12T03:08:22.730Z,2021-12-20T20:40:30.722Z
1005,Willie the Giant,"['Fun and Fancy Free', 'Who Framed Roger Rabbit', 'Honey, I Blew Up the Kid']","[""Mickey's Christmas Carol""]","['Walt Disney anthology series', 'House of Mouse', 'Mickey Mouse Clubhouse', 'Sing Me a Story with Belle']","['Mickey Mania', 'Disney Crossy Road', 'Disney Tsum Tsum (game)', 'Disney Emoji Blitz']","['Sorcerers of the Magic Kingdom', 'Wonderful World of Animation']",[],[],2021-04-12T03:08:25.461Z,2021-12-20T20:40:30.722Z
1006,Willow,[],[],['Tangled: The Series'],[],[],[],[],2021-04-12T03:08:28.916Z,2021-12-20T20:40:30.722Z
1007,Wingnut,['Mars Needs Moms'],[],[],[],[],[],[],2021-04-12T03:08:37.184Z,2021-12-20T20:40:30.722Z
1008,Mr. Winkie,['The Adventures of Ichabod and Mr. Toad'],['The Wind in the Willows'],[],[],"[""Mr. Toad's Wild Ride""]",[],[],2021-04-12T03:08:40.658Z,2021-12-20T20:40:30.722Z
1009,The Wolf,['Into the Woods'],[],[],[],[],[],[],2021-04-12T03:08:59.721Z,2021-12-20T20:40:30.723Z
1010,Jenny Wren,['Who Framed Roger Rabbit'],"['Who Killed Cock Robin?', ""Mickey's Polo Team"", 'Toby Tortoise Returns']",[],[],[],[],[],2021-04-12T03:09:33.715Z,2021-12-20T20:40:31.264Z
1011,Wyvern Clan,[],[],['Gargoyles'],[],[],[],[],2021-04-12T03:09:43.792Z,2021-12-20T20:40:31.770Z
1012,Yama,[],[],['Gargoyles'],[],[],[],[],2021-04-12T03:09:56.257Z,2021-12-20T20:40:31.770Z
1013,"Yao, Ling, and Chien Po","['Mulan', 'Mulan II', 'Mulan (2020 film)']",[],['House of Mouse'],"['Animated StoryBook: Mulan', 'Kingdom Hearts II', 'Disney Crossy Road']","['Mulan Parade', 'Fantasmic!', 'Disney in the Stars']",[],[],2021-04-12T03:10:00.142Z,2021-12-20T20:40:31.770Z
1014,Stanley Yelnats III,['Holes'],[],[],[],[],[],[],2021-04-12T03:10:06.622Z,2021-12-20T20:40:31.770Z
1015,Yin,['Leroy & Stitch'],[],"['Lilo & Stitch: The Series', 'Stitch!']",['Disney Tsum Tsum (game)'],[],[],[],2021-04-12T03:10:11.438Z,2021-12-20T20:40:31.770Z
1016,Yuckalinda,[],[],['DuckTales'],[],[],[],[],2021-04-12T03:10:23.095Z,2021-12-20T20:40:32.236Z
1017,Yun Mibu,[],[],['The Lion Guard'],[],[],[],[],2021-04-12T03:10:24.569Z,2021-12-20T20:40:32.236Z
1018,Yupi,"[""The Emperor's New Groove"", ""Kronk's New Groove""]",[],"[""The Emperor's New School""]",[],[],[],[],2021-04-12T03:10:25.883Z,2021-12-20T20:40:32.236Z
1019,Zan Olwson,[],[],['DuckTales (2017 series)'],[],[],[],[],2021-04-12T03:10:32.849Z,2021-12-20T20:40:32.236Z
1020,Brock Zero,[],[],['Penn Zero: Part-Time Hero'],[],[],[],[],2021-04-12T03:10:48.898Z,2021-12-20T20:40:32.236Z
1021,Zeus,[],[],['DuckTales (2017 series)'],[],[],[],[],2021-04-12T03:10:51.001Z,2021-12-20T20:40:32.236Z
1022,Zigzag,['Holes'],[],[],[],[],[],[],2021-04-12T03:10:56.490Z,2021-12-20T20:40:32.673Z
1023,Zooter,[],[],['Jungle Junction'],[],[],[],[],2021-04-12T03:11:08.434Z,2021-12-20T20:40:32.673Z
1024,Zuzu,[],[],[],[],[],[],[],2021-04-12T03:11:17.693Z,2021-12-20T20:40:32.673Z
1025,Ãnanda,[],[],['The Lion Guard'],[],[],[],[],2021-04-12T03:11:18.513Z,2021-12-20T20:40:32.673Z
1026,Woozles,"['The Many Adventures of Winnie the Pooh', ""Pooh's Grand Adventure: The Search for Christopher Robin"", 'Christopher Robin (film)']",['Winnie the Pooh and the Blustery Day'],"['The New Adventures of Winnie the Pooh', 'My Friends Tigger and Pooh']","[""Tigger's Honey Hunt""]","['The Many Adventures of Winnie the Pooh (attraction)', ""Pooh's Hunny Hunt""]",[],[],2021-04-12T03:09:26.020Z,2021-12-20T20:40:31.264Z
1027,Xandra,[],[],['Legend of the Three Caballeros'],[],[],[],[],2021-04-12T03:09:47.944Z,2021-12-20T20:40:31.770Z
1028,Yan Yan,[],[],['American Dragon: Jake Long'],[],[],[],[],2021-04-12T03:09:58.200Z,2021-12-20T20:40:31.770Z
1029,Yori,['Tron'],[],[],[],[],[],[],2021-04-12T03:10:16.886Z,2021-12-20T20:40:32.236Z
1030,Kyoko Yoshiko,['Kim Possible Movie: So the Drama'],[],['Kim Possible'],[],[],[],[],2021-04-12T03:10:17.647Z,2021-12-20T20:40:32.236Z
1031,Shan-Yu,"['Mulan', 'Once Upon a Halloween', 'Mulan (2020 film)']",[],['House of Mouse'],"[""Disney's Arcade Frenzy"", 'Kingdom Hearts II', 'Disney Crossy Road', ""Disney Sorcerer's Arena"", 'Disney Emoji Blitz', 'Disney Heroes: Battle Mode', 'Disney Getaway Blast']","['World of Color', 'Villains Night Out!', 'The Nightmare Experiment', ""Cinderella's Surprise Celebration""]",[],[],2021-04-12T03:10:22.245Z,2021-12-20T20:40:32.236Z
1032,Zipper,"[""Chip 'n Dale Rescue Rangers (film)""]",[],"[""Chip 'n Dale Rescue Rangers"", 'Mighty Ducks (TV series)', 'DuckTales (2017 series)']","[""Chip 'n Dale Rescue Rangers (video game)"", ""Chip 'n Dale Rescue Rangers: The Adventure in Nimnul's Castle"", ""Chip 'n Dale Rescue Rangers 2"", 'Disney Emoji Blitz', ""Disney Sorcerer's Arena""]",[],[],[],2021-04-12T03:11:00.863Z,2021-12-20T20:40:32.673Z
1033,Zombies,['The Haunted Mansion (2003 film)'],[],[],[],[],[],[],2021-04-12T03:11:04.097Z,2021-12-20T20:40:32.673Z
1034,Victor,[],[],['K.C. Undercover'],[],[],[],[],2021-04-12T03:05:57.332Z,2021-12-20T20:40:28.691Z
1035,Wang Daiyu,[],[],['Stitch & Ai'],[],[],[],[],2021-04-12T03:06:55.424Z,2021-12-20T20:40:29.248Z
1036,Prince Wazoo,[],[],['Aladdin (TV series)'],[],[],[],[],2021-04-12T03:07:12.751Z,2021-12-20T20:40:29.666Z
1037,Weasels,['The Adventures of Ichabod and Mr. Toad'],"['How to Be a Detective', ""Mickey's Christmas Carol"", 'The Prince and the Pauper']","['Bonkers', 'DuckTales', 'House of Mouse', 'The Wonderful World of Mickey Mouse']","['Magical Tetris Challenge', 'Mickey Saves the Day 3D Adventure', ""Mickey's Speedway USA"", ""Chip 'n Dale Rescue Rangers 2"", 'The Great Circus Mystery starring Mickey and Minnie', 'Magical Tetris Challenge', 'Disney Infinity', 'Mickey Mania: The Timeless Adventures of Mickey Mouse', ""Disney Sorcerer's Arena""]","[""Mr. Toad's Wild Ride""]",[],[],2021-04-12T03:07:14.786Z,2021-12-20T20:40:29.666Z
1038,White Wolf,['White Fang 2: Myth of the White Wolf'],[],[],[],[],[],[],2021-04-12T03:07:43.111Z,2021-12-20T20:40:30.260Z
1039,Woodrow Wilkins,['Condorman'],[],['Toy Story Toons'],[],[],[],[],2021-04-12T03:08:13.540Z,2021-12-20T20:40:30.261Z
1040,Mitch Wilkinson,['National Treasure: Book of Secrets'],[],[],[],[],[],[],2021-04-12T03:08:14.777Z,2021-12-20T20:40:30.261Z
1041,Will Stutely,['The Story of Robin Hood and His Merrie Men'],[],[],[],[],[],[],2021-04-12T03:08:16.813Z,2021-12-20T20:40:30.261Z
1042,Layla Williams,['Sky High'],[],[],[],[],[],[],2021-04-12T03:08:22.730Z,2021-12-20T20:40:30.722Z
1043,Willie the Giant,"['Fun and Fancy Free', 'Who Framed Roger Rabbit', 'Honey, I Blew Up the Kid']","[""Mickey's Christmas Carol""]","['Walt Disney anthology series', 'House of Mouse', 'Mickey Mouse Clubhouse', 'Sing Me a Story with Belle']","['Mickey Mania', 'Disney Crossy Road', 'Disney Tsum Tsum (game)', 'Disney Emoji Blitz']","['Sorcerers of the Magic Kingdom', 'Wonderful World of Animation']",[],[],2021-04-12T03:08:25.461Z,2021-12-20T20:40:30.722Z
1044,Willow,[],[],['Tangled: The Series'],[],[],[],[],2021-04-12T03:08:28.916Z,2021-12-20T20:40:30.722Z
1045,Wingnut,['Mars Needs Moms'],[],[],[],[],[],[],2021-04-12T03:08:37.184Z,2021-12-20T20:40:30.722Z
1046,Mr. Winkie,['The Adventures of Ichabod and Mr. Toad'],['The Wind in the Willows'],[],[],"[""Mr. Toad's Wild Ride""]",[],[],2021-04-12T03:08:40.658Z,2021-12-20T20:40:30.722Z
1047,The Wolf,['Into the Woods'],[],[],[],[],[],[],2021-04-12T03:08:59.721Z,2021-12-20T20:40:30.723Z
1048,Jenny Wren,['Who Framed Roger Rabbit'],"['Who Killed Cock Robin?', ""Mickey's Polo Team"", 'Toby Tortoise Returns']",[],[],[],[],[],2021-04-12T03:09:33.715Z,2021-12-20T20:40:31.264Z
1049,Wyvern Clan,[],[],['Gargoyles'],[],[],[],[],2021-04-12T03:09:43.792Z,2021-12-20T20:40:31.770Z
1050,Yama,[],[],['Gargoyles'],[],[],[],[],2021-04-12T03:09:56.257Z,2021-12-20T20:40:31.770Z
1051,"Yao, Ling, and Chien Po","['Mulan', 'Mulan II', 'Mulan (2020 film)']",[],['House of Mouse'],"['Animated StoryBook: Mulan', 'Kingdom Hearts II', 'Disney Crossy Road']","['Mulan Parade', 'Fantasmic!', 'Disney in the Stars']",[],[],2021-04-12T03:10:00.142Z,2021-12-20T20:40:31.770Z
1052,Stanley Yelnats III,['Holes'],[],[],[],[],[],[],2021-04-12T03:10:06.622Z,2021-12-20T20:40:31.770Z
1053,Yin,['Leroy & Stitch'],[],"['Lilo & Stitch: The Series', 'Stitch!']",['Disney Tsum Tsum (game)'],[],[],[],2021-04-12T03:10:11.438Z,2021-12-20T20:40:31.770Z
1054,Yuckalinda,[],[],['DuckTales'],[],[],[],[],2021-04-12T03:10:23.095Z,2021-12-20T20:40:32.236Z
1055,Yun Mibu,[],[],['The Lion Guard'],[],[],[],[],2021-04-12T03:10:24.569Z,2021-12-20T20:40:32.236Z
1056,Yupi,"[""The Emperor's New Groove"", ""Kronk's New Groove""]",[],"[""The Emperor's New School""]",[],[],[],[],2021-04-12T03:10:25.883Z,2021-12-20T20:40:32.236Z
1057,Zan Olwson,[],[],['DuckTales (2017 series)'],[],[],[],[],2021-04-12T03:10:32.849Z,2021-12-20T20:40:32.236Z
1058,Brock Zero,[],[],['Penn Zero: Part-Time Hero'],[],[],[],[],2021-04-12T03:10:48.898Z,2021-12-20T20:40:32.236Z
1059,Zeus,[],[],['DuckTales (2017 series)'],[],[],[],[],2021-04-12T03:10:51.001Z,2021-12-20T20:40:32.236Z
1060,Zigzag,['Holes'],[],[],[],[],[],[],2021-04-12T03:10:56.490Z,2021-12-20T20:40:32.673Z
1061,Zooter,[],[],['Jungle Junction'],[],[],[],[],2021-04-12T03:11:08.434Z,2021-12-20T20:40:32.673Z
1062,Zuzu,[],[],[],[],[],[],[],2021-04-12T03:11:17.693Z,2021-12-20T20:40:32.673Z
1063,Ãnanda,[],[],['The Lion Guard'],[],[],[],[],2021-04-12T03:11:18.513Z,2021-12-20T20:40:32.673Z
1064,Woozles,"['The Many Adventures of Winnie the Pooh', ""Pooh's Grand Adventure: The Search for Christopher Robin"", 'Christopher Robin (film)']",['Winnie the Pooh and the Blustery Day'],"['The New Adventures of Winnie the Pooh', 'My Friends Tigger and Pooh']","[""Tigger's Honey Hunt""]","['The Many Adventures of Winnie the Pooh (attraction)', ""Pooh's Hunny Hunt""]",[],[],2021-04-12T03:09:26.020Z,2021-12-20T20:40:31.264Z
1065,Xandra,[],[],['Legend of the Three Caballeros'],[],[],[],[],2021-04-12T03:09:47.944Z,2021-12-20T20:40:31.770Z
1066,Yan Yan,[],[],['American Dragon: Jake Long'],[],[],[],[],2021-04-12T03:09:58.200Z,2021-12-20T20:40:31.770Z
1067,Yori,['Tron'],[],[],[],[],[],[],2021-04-12T03:10:16.886Z,2021-12-20T20:40:32.236Z
1068,Kyoko Yoshiko,['Kim Possible Movie: So the Drama'],[],['Kim Possible'],[],[],[],[],2021-04-12T03:10:17.647Z,2021-12-20T20:40:32.236Z
1069,Shan-Yu,"['Mulan', 'Once Upon a Halloween', 'Mulan (2020 film)']",[],['House of Mouse'],"[""Disney's Arcade Frenzy"", 'Kingdom Hearts II', 'Disney Crossy Road', ""Disney Sorcerer's Arena"", 'Disney Emoji Blitz', 'Disney Heroes: Battle Mode', 'Disney Getaway Blast']","['World of Color', 'Villains Night Out!', 'The Nightmare Experiment', ""Cinderella's Surprise Celebration""]",[],[],2021-04-12T03:10:22.245Z,2021-12-20T20:40:32.236Z
1070,Zipper,"[""Chip 'n Dale Rescue Rangers (film)""]",[],"[""Chip 'n Dale Rescue Rangers"", 'Mighty Ducks (TV series)', 'DuckTales (2017 series)']","[""Chip 'n Dale Rescue Rangers (video game)"", ""Chip 'n Dale Rescue Rangers: The Adventure in Nimnul's Castle"", ""Chip 'n Dale Rescue Rangers 2"", 'Disney Emoji Blitz', ""Disney Sorcerer's Arena""]",[],[],[],2021-04-12T03:11:00.863Z,2021-12-20T20:40:32.673Z
1071,Zombies,['The Haunted Mansion (2003 film)'],[],[],[],[],[],[],2021-04-12T03:11:04.097Z,2021-12-20T20:40:32.673Z
1072,Victor,[],[],['K.C. Undercover'],[],[],[],[],2021-04-12T03:05:57.332Z,2021-12-20T20:40:28.691Z
1073,Wang Daiyu,[],[],['Stitch & Ai'],[],[],[],[],2021-04-12T03:06:55.424Z,2021-12-20T20:40:29.248Z
1074,Prince Wazoo,[],[],['Aladdin (TV series)'],[],[],[],[],2021-04-12T03:07:12.751Z,2021-12-20T20:40:29.666Z
1075,Weasels,['The Adventures of Ichabod and Mr. Toad'],"['How to Be a Detective', ""Mickey's Christmas Carol"", 'The Prince and the Pauper']","['Bonkers', 'DuckTales', 'House of Mouse', 'The Wonderful World of Mickey Mouse']","['Magical Tetris Challenge', 'Mickey Saves the Day 3D Adventure', ""Mickey's Speedway USA"", ""Chip 'n Dale Rescue Rangers 2"", 'The Great Circus Mystery starring Mickey and Minnie', 'Magical Tetris Challenge', 'Disney Infinity', 'Mickey Mania: The Timeless Adventures of Mickey Mouse', ""Disney Sorcerer's Arena""]","[""Mr. Toad's Wild Ride""]",[],[],2021-04-12T03:07:14.786Z,2021-12-20T20:40:29.666Z
1076,White Wolf,['White Fang 2: Myth of the White Wolf'],[],[],[],[],[],[],2021-04-12T03:07:43.111Z,2021-12-20T20:40:30.260Z
1077,Woodrow Wilkins,['Condorman'],[],['Toy Story Toons'],[],[],[],[],2021-04-12T03:08:13.540Z,2021-12-20T20:40:30.261Z
1078,Mitch Wilkinson,['National Treasure: Book of Secrets'],[],[],[],[],[],[],2021-04-12T03:08:14.777Z,2021-12-20T20:40:30.261Z
1079,Will Stutely,['The Story of Robin Hood and His Merrie Men'],[],[],[],[],[],[],2021-04-12T03:08:16.813Z,2021-12-20T20:40:30.261Z
1080,Layla Williams,['Sky High'],[],[],[],[],[],[],2021-04-12T03:08:22.730Z,2021-12-20T20:40:30.722Z
1081,Willie the Giant,"['Fun and Fancy Free', 'Who Framed Roger Rabbit', 'Honey, I Blew Up the Kid']","[""Mickey's Christmas Carol""]","['Walt Disney anthology series', 'House of Mouse', 'Mickey Mouse Clubhouse', 'Sing Me a Story with Belle']","['Mickey Mania', 'Disney Crossy Road', 'Disney Tsum Tsum (game)', 'Disney Emoji Blitz']","['Sorcerers of the Magic Kingdom', 'Wonderful World of Animation']",[],[],2021-04-12T03:08:25.461Z,2021-12-20T20:40:30.722Z
1082,Willow,[],[],['Tangled: The Series'],[],[],[],[],2021-04-12T03:08:28.916Z,2021-12-20T20:40:30.722Z
1083,Wingnut,['Mars Needs Moms'],[],[],[],[],[],[],2021-04-12T03:08:37.184Z,2021-12-20T20:40:30.722Z
1084,Mr. Winkie,['The Adventures of Ichabod and Mr. Toad'],['The Wind in the Willows'],[],[],"[""Mr. Toad's Wild Ride""]",[],[],2021-04-12T03:08:40.658Z,2021-12-20T20:40:30.722Z
1085,The Wolf,['Into the Woods'],[],[],[],[],[],[],2021-04-12T03:08:59.721Z,2021-12-20T20:40:30.723Z
1086,Jenny Wren,['Who Framed Roger Rabbit'],"['Who Killed Cock Robin?', ""Mickey's Polo Team"", 'Toby Tortoise Returns']",[],[],[],[],[],2021-04-12T03:09:33.715Z,2021-12-20T20:40:31.264Z
1087,Wyvern Clan,[],[],['Gargoyles'],[],[],[],[],2021-04-12T03:09:43.792Z,2021-12-20T20:40:31.770Z
1088,Yama,[],[],['Gargoyles'],[],[],[],[],2021-04-12T03:09:56.257Z,2021-12-20T20:40:31.770Z
1089,"Yao, Ling, and Chien Po","['Mulan', 'Mulan II', 'Mulan (2020 film)']",[],['House of Mouse'],"['Animated StoryBook: Mulan', 'Kingdom Hearts II', 'Disney Crossy Road']","['Mulan Parade', 'Fantasmic!', 'Disney in the Stars']",[],[],2021-04-12T03:10:00.142Z,2021-12-20T20:40:31.770Z
1090,Stanley Yelnats III,['Holes'],[],[],[],[],[],[],2021-04-12T03:10:06.622Z,2021-12-20T20:40:31.770Z
1091,Yin,['Leroy & Stitch'],[],"['Lilo & Stitch: The Series', 'Stitch!']",['Disney Tsum Tsum (game)'],[],[],[],2021-04-12T03:10:11.438Z,2021-12-20T20:40:31.770Z
1092,Yuckalinda,[],[],['DuckTales'],[],[],[],[],2021-04-12T03:10:23.095Z,2021-12-20T20:40:32.236Z
1093,Yun Mibu,[],[],['The Lion Guard'],[],[],[],[],2021-04-12T03:10:24.569Z,2021-12-20T20:40:32.236Z
1094,Yupi,"[""The Emperor's New Groove"", ""Kronk's New Groove""]",[],"[""The Emperor's New School""]",[],[],[],[],2021-04-12T03:10:25.883Z,2021-12-20T20:40:32.236Z
1095,Zan Olwson,[],[],['DuckTales (2017 series)'],[],[],[],[],2021-04-12T03:10:32.849Z,2021-12-20T20:40:32.236Z
1096,Brock Zero,[],[],['Penn Zero: Part-Time Hero'],[],[],[],[],2021-04-12T03:10:48.898Z,2021-12-20T20:40:32.236Z
1097,Zeus,[],[],['DuckTales (2017 series)'],[],[],[],[],2021-04-12T03:10:51.001Z,2021-12-20T20:40:32.236Z
1098,Zigzag,['Holes'],[],[],[],[],[],[],2021-04-12T03:10:56.490Z,2021-12-20T20:40:32.673Z
1099,Zooter,[],[],['Jungle Junction'],[],[],[],[],2021-04-12T03:11:08.434Z,2021-12-20T20:40:32.673Z
1100,Zuzu,[],[],[],[],[],[],[],2021-04-12T03:11:17.693Z,2021-12-20T20:40:32.673Z
1101,Ãnanda,[],[],['The Lion Guard'],[],[],[],[],2021-04-12T03:11:18.513Z,2021-12-20T20:40:32.673Z
1102,Woozles,"['The Many Adventures of Winnie the Pooh', ""Pooh's Grand Adventure: The Search for Christopher Robin"", 'Christopher Robin (film)']",['Winnie the Pooh and the Blustery Day'],"['The New Adventures of Winnie the Pooh', 'My Friends Tigger and Pooh']","[""Tigger's Honey Hunt""]","['The Many Adventures of Winnie the Pooh (attraction)', ""Pooh's Hunny Hunt""]",[],[],2021-04-12T03:09:26.020Z,2021-12-20T20:40:31.264Z
1103,Xandra,[],[],['Legend of the Three Caballeros'],[],[],[],[],2021-04-12T03:09:47.944Z,2021-12-20T20:40:31.770Z
1104,Yan Yan,[],[],['American Dragon: Jake Long'],[],[],[],[],2021-04-12T03:09:58.200Z,2021-12-20T20:40:31.770Z
1105,Yori,['Tron'],[],[],[],[],[],[],2021-04-12T03:10:16.886Z,2021-12-20T20:40:32.236Z
1106,Kyoko Yoshiko,['Kim Possible Movie: So the Drama'],[],['Kim Possible'],[],[],[],[],2021-04-12T03:10:17.647Z,2021-12-20T20:40:32.236Z
1107,Shan-Yu,"['Mulan', 'Once Upon a Halloween', 'Mulan (2020 film)']",[],['House of Mouse'],"[""Disney's Arcade Frenzy"", 'Kingdom Hearts II', 'Disney Crossy Road', ""Disney Sorcerer's Arena"", 'Disney Emoji Blitz', 'Disney Heroes: Battle Mode', 'Disney Getaway Blast']","['World of Color', 'Villains Night Out!', 'The Nightmare Experiment', ""Cinderella's Surprise Celebration""]",[],[],2021-04-12T03:10:22.245Z,2021-12-20T20:40:32.236Z
1108,Zipper,"[""Chip 'n Dale Rescue Rangers (film)""]",[],"[""Chip 'n Dale Rescue Rangers"", 'Mighty Ducks (TV series)', 'DuckTales (2017 series)']","[""Chip 'n Dale Rescue Rangers (video game)"", ""Chip 'n Dale Rescue Rangers: The Adventure in Nimnul's Castle"", ""Chip 'n Dale Rescue Rangers 2"", 'Disney Emoji Blitz', ""Disney Sorcerer's Arena""]",[],[],[],2021-04-12T03:11:00.863Z,2021-12-20T20:40:32.673Z
1109,Zombies,['The Haunted Mansion (2003 film)'],[],[],[],[],[],[],2021-04-12T03:11:04.097Z,2021-12-20T20:40:32.673Z
1110,Victor,[],[],['K.C. Undercover'],[],[],[],[],2021-04-12T03:05:57.332Z,2021-12-20T20:40:28.691Z
1111,Wang Daiyu,[],[],['Stitch & Ai'],[],[],[],[],2021-04-12T03:06:55.424Z,2021-12-20T20:40:29.248Z
1112,Prince Wazoo,[],[],['Aladdin (TV series)'],[],[],[],[],2021-04-12T03:07:12.751Z,2021-12-20T20:40:29.666Z
1113,Weasels,['The Adventures of Ichabod and Mr. Toad'],"['How to Be a Detective', ""Mickey's Christmas Carol"", 'The Prince and the Pauper']","['Bonkers', 'DuckTales', 'House of Mouse', 'The Wonderful World of Mickey Mouse']","['Magical Tetris Challenge', 'Mickey Saves the Day 3D Adventure', ""Mickey's Speedway USA"", ""Chip 'n Dale Rescue Rangers 2"", 'The Great Circus Mystery starring Mickey and Minnie', 'Magical Tetris Challenge', 'Disney Infinity', 'Mickey Mania: The Timeless Adventures of Mickey Mouse', ""Disney Sorcerer's Arena""]","[""Mr. Toad's Wild Ride""]",[],[],2021-04-12T03:07:14.786Z,2021-12-20T20:40:29.666Z
1114,White Wolf,['White Fang 2: Myth of the White Wolf'],[],[],[],[],[],[],2021-04-12T03:07:43.111Z,2021-12-20T20:40:30.260Z
1115,Woodrow Wilkins,['Condorman'],[],['Toy Story Toons'],[],[],[],[],2021-04-12T03:08:13.540Z,2021-12-20T20:40:30.261Z
1116,Mitch Wilkinson,['National Treasure: Book of Secrets'],[],[],[],[],[],[],2021-04-12T03:08:14.777Z,2021-12-20T20:40:30.261Z
1117,Will Stutely,['The Story of Robin Hood and His Merrie Men'],[],[],[],[],[],[],2021-04-12T03:08:16.813Z,2021-12-20T20:40:30.261Z
1118,Layla Williams,['Sky High'],[],[],[],[],[],[],2021-04-12T03:08:22.730Z,2021-12-20T20:40:30.722Z
1119,Willie the Giant,"['Fun and Fancy Free', 'Who Framed Roger Rabbit', 'Honey, I Blew Up the Kid']","[""Mickey's Christmas Carol""]","['Walt Disney anthology series', 'House of Mouse', 'Mickey Mouse Clubhouse', 'Sing Me a Story with Belle']","['Mickey Mania', 'Disney Crossy Road', 'Disney Tsum Tsum (game)', 'Disney Emoji Blitz']","['Sorcerers of the Magic Kingdom', 'Wonderful World of Animation']",[],[],2021-04-12T03:08:25.461Z,2021-12-20T20:40:30.722Z
1120,Willow,[],[],['Tangled: The Series'],[],[],[],[],2021-04-12T03:08:28.916Z,2021-12-20T20:40:30.722Z
1121,Wingnut,['Mars Needs Moms'],[],[],[],[],[],[],2021-04-12T03:08:37.184Z,2021-12-20T20:40:30.722Z
1122,Mr. Winkie,['The Adventures of Ichabod and Mr. Toad'],['The Wind in the Willows'],[],[],"[""Mr. Toad's Wild Ride""]",[],[],2021-04-12T03:08:40.658Z,2021-12-20T20:40:30.722Z
1123,The Wolf,['Into the Woods'],[],[],[],[],[],[],2021-04-12T03:08:59.721Z,2021-12-20T20:40:30.723Z
1124,Jenny Wren,['Who Framed Roger Rabbit'],"['Who Killed Cock Robin?', ""Mickey's Polo Team"", 'Toby Tortoise Returns']",[],[],[],[],[],2021-04-12T03:09:33.715Z,2021-12-20T20:40:31.264Z
1125,Wyvern Clan,[],[],['Gargoyles'],[],[],[],[],2021-04-12T03:09:43.792Z,2021-12-20T20:40:31.770Z
1126,Yama,[],[],['Gargoyles'],[],[],[],[],2021-04-12T03:09:56.257Z,2021-12-20T20:40:31.770Z
1127,"Yao, Ling, and Chien Po","['Mulan', 'Mulan II', 'Mulan (2020 film)']",[],['House of Mouse'],"['Animated StoryBook: Mulan', 'Kingdom Hearts II', 'Disney Crossy Road']","['Mulan Parade', 'Fantasmic!', 'Disney in the Stars']",[],[],2021-04-12T03:10:00.142Z,2021-12-20T20:40:31.770Z
1128,Stanley Yelnats III,['Holes'],[],[],[],[],[],[],2021-04-12T03:10:06.622Z,2021-12-20T20:40:31.770Z
1129,Yin,['Leroy & Stitch'],[],"['Lilo & Stitch: The Series', 'Stitch!']",['Disney Tsum Tsum (game)'],[],[],[],2021-04-12T03:10:11.438Z,2021-12-20T20:40:31.770Z
1130,Yuckalinda,[],[],['DuckTales'],[],[],[],[],2021-04-12T03:10:23.095Z,2021-12-20T20:40:32.236Z
1131,Yun Mibu,[],[],['The Lion Guard'],[],[],[],[],2021-04-12T03:10:24.569Z,2021-12-20T20:40:32.236Z
1132,Yupi,"[""The Emperor's New Groove"", ""Kronk's New Groove""]",[],"[""The Emperor's New School""]",[],[],[],[],2021-04-12T03:10:25.883Z,2021-12-20T20:40:32.236Z
1133,Zan Olwson,[],[],['DuckTales (2017 series)'],[],[],[],[],2021-04-12T03:10:32.849Z,2021-12-20T20:40:32.236Z
1134,Brock Zero,[],[],['Penn Zero: Part-Time Hero'],[],[],[],[],2021-04-12T03:10:48.898Z,2021-12-20T20:40:32.236Z
1135,Zeus,[],[],['DuckTales (2017 series)'],[],[],[],[],2021-04-12T03:10:51.001Z,2021-12-20T20:40:32.236Z
1136,Zigzag,['Holes'],[],[],[],[],[],[],2021-04-12T03:10:56.490Z,2021-12-20T20:40:32.673Z
1137,Zooter,[],[],['Jungle Junction'],[],[],[],[],2021-04-12T03:11:08.434Z,2021-12-20T20:40:32.673Z
1138,Zuzu,[],[],[],[],[],[],[],2021-04-12T03:11:17.693Z,2021-12-20T20:40:32.673Z
1139,Ãnanda,[],[],['The Lion Guard'],[],[],[],[],2021-04-12T03:11:18.513Z,2021-12-20T20:40:32.673Z
1140,Woozles,"['The Many Adventures of Winnie the Pooh', ""Pooh's Grand Adventure: The Search for Christopher Robin"", 'Christopher Robin (film)']",['Winnie the Pooh and the Blustery Day'],"['The New Adventures of Winnie the Pooh', 'My Friends Tigger and Pooh']","[""Tigger's Honey Hunt""]","['The Many Adventures of Winnie the Pooh (attraction)', ""Pooh's Hunny Hunt""]",[],[],2021-04-12T03:09:26.020Z,2021-12-20T20:40:31.264Z
1141,Xandra,[],[],['Legend of the Three Caballeros'],[],[],[],[],2021-04-12T03:09:47.944Z,2021-12-20T20:40:31.770Z
1142,Yan Yan,[],[],['American Dragon: Jake Long'],[],[],[],[],2021-04-12T03:09:58.200Z,2021-12-20T20:40:31.770Z
1143,Yori,['Tron'],[],[],[],[],[],[],2021-04-12T03:10:16.886Z,2021-12-20T20:40:32.236Z
1144,Kyoko Yoshiko,['Kim Possible Movie: So the Drama'],[],['Kim Possible'],[],[],[],[],2021-04-12T03:10:17.647Z,2021-12-20T20:40:32.236Z
1145,Shan-Yu,"['Mulan', 'Once Upon a Halloween', 'Mulan (2020 film)']",[],['House of Mouse'],"[""Disney's Arcade Frenzy"", 'Kingdom Hearts II', 'Disney Crossy Road', ""Disney Sorcerer's Arena"", 'Disney Emoji Blitz', 'Disney Heroes: Battle Mode', 'Disney Getaway Blast']","['World of Color', 'Villains Night Out!', 'The Nightmare Experiment', ""Cinderella's Surprise Celebration""]",[],[],2021-04-12T03:10:22.245Z,2021-12-20T20:40:32.236Z
1146,Zipper,"[""Chip 'n Dale Rescue Rangers (film)""]",[],"[""Chip 'n Dale Rescue Rangers"", 'Mighty Ducks (TV series)', 'DuckTales (2017 series)']","[""Chip 'n Dale Rescue Rangers (video game)"", ""Chip 'n Dale Rescue Rangers: The Adventure in Nimnul's Castle"", ""Chip 'n Dale Rescue Rangers 2"", 'Disney Emoji Blitz', ""Disney Sorcerer's Arena""]",[],[],[],2021-04-12T03:11:00.863Z,2021-12-20T20:40:32.673Z
1147,Zombies,['The Haunted Mansion (2003 film)'],[],[],[],[],[],[],2021-04-12T03:11:04.097Z,2021-12-20T20:40:32.673Z
1148,Victor,[],[],['K.C. Undercover'],[],[],[],[],2021-04-12T03:05:57.332Z,2021-12-20T20:40:28.691Z
1149,Wang Daiyu,[],[],['Stitch & Ai'],[],[],[],[],2021-04-12T03:06:55.424Z,2021-12-20T20:40:29.248Z
1150,Prince Wazoo,[],[],['Aladdin (TV series)'],[],[],[],[],2021-04-12T03:07:12.751Z,2021-12-20T20:40:29.666Z
1151,Weasels,['The Adventures of Ichabod and Mr. Toad'],"['How to Be a Detective', ""Mickey's Christmas Carol"", 'The Prince and the Pauper']","['Bonkers', 'DuckTales', 'House of Mouse', 'The Wonderful World of Mickey Mouse']","['Magical Tetris Challenge', 'Mickey Saves the Day 3D Adventure', ""Mickey's Speedway USA"", ""Chip 'n Dale Rescue Rangers 2"", 'The Great Circus Mystery starring Mickey and Minnie', 'Magical Tetris Challenge', 'Disney Infinity', 'Mickey Mania: The Timeless Adventures of Mickey Mouse', ""Disney Sorcerer's Arena""]","[""Mr. Toad's Wild Ride""]",[],[],2021-04-12T03:07:14.786Z,2021-12-20T20:40:29.666Z
1152,White Wolf,['White Fang 2: Myth of the White Wolf'],[],[],[],[],[],[],2021-04-12T03:07:43.111Z,2021-12-20T20:40:30.260Z
1153,Woodrow Wilkins,['Condorman'],[],['Toy Story Toons'],[],[],[],[],2021-04-12T03:08:13.540Z,2021-12-20T20:40:30.261Z
1154,Mitch Wilkinson,['National Treasure: Book of Secrets'],[],[],[],[],[],[],2021-04-12T03:08:14.777Z,2021-12-20T20:40:30.261Z
1155,Will Stutely,['The Story of Robin Hood and His Merrie Men'],[],[],[],[],[],[],2021-04-12T03:08:16.813Z,2021-12-20T20:40:30.261Z
1156,Layla Williams,['Sky High'],[],[],[],[],[],[],2021-04-12T03:08:22.730Z,2021-12-20T20:40:30.722Z
1157,Willie the Giant,"['Fun and Fancy Free', 'Who Framed Roger Rabbit', 'Honey, I Blew Up the Kid']","[""Mickey's Christmas Carol""]","['Walt Disney anthology series', 'House of Mouse', 'Mickey Mouse Clubhouse', 'Sing Me a Story with Belle']","['Mickey Mania', 'Disney Crossy Road', 'Disney Tsum Tsum (game)', 'Disney Emoji Blitz']","['Sorcerers of the Magic Kingdom', 'Wonderful World of Animation']",[],[],2021-04-12T03:08:25.461Z,2021-12-20T20:40:30.722Z
1158,Willow,[],[],['Tangled: The Series'],[],[],[],[],2021-04-12T03:08:28.916Z,2021-12-20T20:40:30.722Z
1159,Wingnut,['Mars Needs Moms'],[],[],[],[],[],[],2021-04-12T03:08:37.184Z,2021-12-20T20:40:30.722Z
1160,Mr. Winkie,['The Adventures of Ichabod and Mr. Toad'],['The Wind in the Willows'],[],[],"[""Mr. Toad's Wild Ride""]",[],[],2021-04-12T03:08:40.658Z,2021-12-20T20:40:30.722Z
1161,The Wolf,['Into the Woods'],[],[],[],[],[],[],2021-04-12T03:08:59.721Z,2021-12-20T20:40:30.723Z
1162,Jenny Wren,['Who Framed Roger Rabbit'],"['Who Killed Cock Robin?', ""Mickey's Polo Team"", 'Toby Tortoise Returns']",[],[],[],[],[],2021-04-12T03:09:33.715Z,2021-12-20T20:40:31.264Z
1163,Wyvern Clan,[],[],['Gargoyles'],[],[],[],[],2021-04-12T03:09:43.792Z,2021-12-20T20:40:31.770Z
1164,Yama,[],[],['Gargoyles'],[],[],[],[],2021-04-12T03:09:56.257Z,2021-12-20T20:40:31.770Z
1165,"Yao, Ling, and Chien Po","['Mulan', 'Mulan II', 'Mulan (2020 film)']",[],['House of Mouse'],"['Animated StoryBook: Mulan', 'Kingdom Hearts II', 'Disney Crossy Road']","['Mulan Parade', 'Fantasmic!', 'Disney in the Stars']",[],[],2021-04-12T03:10:00.142Z,2021-12-20T20:40:31.770Z
1166,Stanley Yelnats III,['Holes'],[],[],[],[],[],[],2021-04-12T03:10:06.622Z,2021-12-20T20:40:31.770Z
1167,Yin,['Leroy & Stitch'],[],"['Lilo & Stitch: The Series', 'Stitch!']",['Disney Tsum Tsum (game)'],[],[],[],2021-04-12T03:10:11.438Z,2021-12-20T20:40:31.770Z
1168,Yuckalinda,[],[],['DuckTales'],[],[],[],[],2021-04-12T03:10:23.095Z,2021-12-20T20:40:32.236Z
1169,Yun Mibu,[],[],['The Lion Guard'],[],[],[],[],2021-04-12T03:10:24.569Z,2021-12-20T20:40:32.236Z
1170,Yupi,"[""The Emperor's New Groove"", ""Kronk's New Groove""]",[],"[""The Emperor's New School""]",[],[],[],[],2021-04-12T03:10:25.883Z,2021-12-20T20:40:32.236Z
1171,Zan Olwson,[],[],['DuckTales (2017 series)'],[],[],[],[],2021-04-12T03:10:32.849Z,2021-12-20T20:40:32.236Z
1172,Brock Zero,[],[],['Penn Zero: Part-Time Hero'],[],[],[],[],2021-04-12T03:10:48.898Z,2021-12-20T20:40:32.236Z
1173,Zeus,[],[],['DuckTales (2017 series)'],[],[],[],[],2021-04-12T03:10:51.001Z,2021-12-20T20:40:32.236Z
1174,Zigzag,['Holes'],[],[],[],[],[],[],2021-04-12T03:10:56.490Z,2021-12-20T20:40:32.673Z
1175,Zooter,[],[],['Jungle Junction'],[],[],[],[],2021-04-12T03:11:08.434Z,2021-12-20T20:40:32.673Z
1176,Zuzu,[],[],[],[],[],[],[],2021-04-12T03:11:17.693Z,2021-12-20T20:40:32.673Z
1177,Ãnanda,[],[],['The Lion Guard'],[],[],[],[],2021-04-12T03:11:18.513Z,2021-12-20T20:40:32.673Z
1178,Woozles,"['The Many Adventures of Winnie the Pooh', ""Pooh's Grand Adventure: The Search for Christopher Robin"", 'Christopher Robin (film)']",['Winnie the Pooh and the Blustery Day'],"['The New Adventures of Winnie the Pooh', 'My Friends Tigger and Pooh']","[""Tigger's Honey Hunt""]","['The Many Adventures of Winnie the Pooh (attraction)', ""Pooh's Hunny Hunt""]",[],[],2021-04-12T03:09:26.020Z,2021-12-20T20:40:31.264Z
1179,Xandra,[],[],['Legend of the Three Caballeros'],[],[],[],[],2021-04-12T03:09:47.944Z,2021-12-20T20:40:31.770Z
1180,Yan Yan,[],[],['American Dragon: Jake Long'],[],[],[],[],2021-04-12T03:09:58.200Z,2021-12-20T20:40:31.770Z
1181,Yori,['Tron'],[],[],[],[],[],[],2021-04-12T03:10:16.886Z,2021-12-20T20:40:32.236Z
1182,Kyoko Yoshiko,['Kim Possible Movie: So the Drama'],[],['Kim Possible'],[],[],[],[],2021-04-12T03:10:17.647Z,2021-12-20T20:40:32.236Z
1183,Shan-Yu,"['Mulan', 'Once Upon a Halloween', 'Mulan (2020 film)']",[],['House of Mouse'],"[""Disney's Arcade Frenzy"", 'Kingdom Hearts II', 'Disney Crossy Road', ""Disney Sorcerer's Arena"", 'Disney Emoji Blitz', 'Disney Heroes: Battle Mode', 'Disney Getaway Blast']","['World of Color', 'Villains Night Out!', 'The Nightmare Experiment', ""Cinderella's Surprise Celebration""]",[],[],2021-04-12T03:10:22.245Z,2021-12-20T20:40:32.236Z
1184,Zipper,"[""Chip 'n Dale Rescue Rangers (film)""]",[],"[""Chip 'n Dale Rescue Rangers"", 'Mighty Ducks (TV series)', 'DuckTales (2017 series)']","[""Chip 'n Dale Rescue Rangers (video game)"", ""Chip 'n Dale Rescue Rangers: The Adventure in Nimnul's Castle"", ""Chip 'n Dale Rescue Rangers 2"", 'Disney Emoji Blitz', ""Disney Sorcerer's Arena""]",[],[],[],2021-04-12T03:11:00.863Z,2021-12-20T20:40:32.673Z
1185,Zombies,['The Haunted Mansion (2003 film)'],[],[],[],[],[],[],2021-04-12T03:11:04.097Z,2021-12-20T20:40:32.673Z
1186,Victor,[],[],['K.C. Undercover'],[],[],[],[],2021-04-12T03:05:57.332Z,2021-12-20T20:40:28.691Z
1187,Wang Daiyu,[],[],['Stitch & Ai'],[],[],[],[],2021-04-12T03:06:55.424Z,2021-12-20T20:40:29.248Z
1188,Prince Wazoo,[],[],['Aladdin (TV series)'],[],[],[],[],2021-04-12T03:07:12.751Z,2021-12-20T20:40:29.666Z
1189,Weasels,['The Adventures of Ichabod and Mr. Toad'],"['How to Be a Detective', ""Mickey's Christmas Carol"", 'The Prince and the Pauper']","['Bonkers', 'DuckTales', 'House of Mouse', 'The Wonderful World of Mickey Mouse']","['Magical Tetris Challenge', 'Mickey Saves the Day 3D Adventure', ""Mickey's Speedway USA"", ""Chip 'n Dale Rescue Rangers 2"", 'The Great Circus Mystery starring Mickey and Minnie', 'Magical Tetris Challenge', 'Disney Infinity', 'Mickey Mania: The Timeless Adventures of Mickey Mouse', ""Disney Sorcerer's Arena""]","[""Mr. Toad's Wild Ride""]",[],[],2021-04-12T03:07:14.786Z,2021-12-20T20:40:29.666Z
1190,White Wolf,['White Fang 2: Myth of the White Wolf'],[],[],[],[],[],[],2021-04-12T03:07:43.111Z,2021-12-20T20:40:30.260Z
1191,Woodrow Wilkins,['Condorman'],[],['Toy Story Toons'],[],[],[],[],2021-04-12T03:08:13.540Z,2021-12-20T20:40:30.261Z
1192,Mitch Wilkinson,['National Treasure: Book of Secrets'],[],[],[],[],[],[],2021-04-12T03:08:14.777Z,2021-12-20T20:40:30.261Z
1193,Will Stutely,['The Story of Robin Hood and His Merrie Men'],[],[],[],[],[],[],2021-04-12T03:08:16.813Z,2021-12-20T20:40:30.261Z
1194,Layla Williams,['Sky High'],[],[],[],[],[],[],2021-04-12T03:08:22.730Z,2021-12-20T20:40:30.722Z
1195,Willie the Giant,"['Fun and Fancy Free', 'Who Framed Roger Rabbit', 'Honey, I Blew Up the Kid']","[""Mickey's Christmas Carol""]","['Walt Disney anthology series', 'House of Mouse', 'Mickey Mouse Clubhouse', 'Sing Me a Story with Belle']","['Mickey Mania', 'Disney Crossy Road', 'Disney Tsum Tsum (game)', 'Disney Emoji Blitz']","['Sorcerers of the Magic Kingdom', 'Wonderful World of Animation']",[],[],2021-04-12T03:08:25.461Z,2021-12-20T20:40:30.722Z
1196,Willow,[],[],['Tangled: The Series'],[],[],[],[],2021-04-12T03:08:28.916Z,2021-12-20T20:40:30.722Z
1197,Wingnut,['Mars Needs Moms'],[],[],[],[],[],[],2021-04-12T03:08:37.184Z,2021-12-20T20:40:30.722Z
1198,Mr. Winkie,['The Adventures of Ichabod and Mr. Toad'],['The Wind in the Willows'],[],[],"[""Mr. Toad's Wild Ride""]",[],[],2021-04-12T03:08:40.658Z,2021-12-20T20:40:30.722Z
1199,The Wolf,['Into the Woods'],[],[],[],[],[],[],2021-04-12T03:08:59.721Z,2021-12-20T20:40:30.723Z
1200,Jenny Wren,['Who Framed Roger Rabbit'],"['Who Killed Cock Robin?', ""Mickey's Polo Team"", 'Toby Tortoise Returns']",[],[],[],[],[],2021-04-12T03:09:33.715Z,2021-12-20T20:40:31.264Z
1201,Wyvern Clan,[],[],['Gargoyles'],[],[],[],[],2021-04-12T03:09:43.792Z,2021-12-20T20:40:31.770Z
1202,Yama,[],[],['Gargoyles'],[],[],[],[],2021-04-12T03:09:56.257Z,2021-12-20T20:40:31.770Z
1203,"Yao, Ling, and Chien Po","['Mulan', 'Mulan II', 'Mulan (2020 film)']",[],['House of Mouse'],"['Animated StoryBook: Mulan', 'Kingdom Hearts II', 'Disney Crossy Road']","['Mulan Parade', 'Fantasmic!', 'Disney in the Stars']",[],[],2021-04-12T03:10:00.142Z,2021-12-20T20:40:31.770Z
1204,Stanley Yelnats III,['Holes'],[],[],[],[],[],[],2021-04-12T03:10:06.622Z,2021-12-20T20:40:31.770Z
1205,Yin,['Leroy & Stitch'],[],"['Lilo & Stitch: The Series', 'Stitch!']",['Disney Tsum Tsum (game)'],[],[],[],2021-04-12T03:10:11.438Z,2021-12-20T20:40:31.770Z
1206,Yuckalinda,[],[],['DuckTales'],[],[],[],[],2021-04-12T03:10:23.095Z,2021-12-20T20:40:32.236Z
1207,Yun Mibu,[],[],['The Lion Guard'],[],[],[],[],2021-04-12T03:10:24.569Z,2021-12-20T20:40:32.236Z
1208,Yupi,"[""The Emperor's New Groove"", ""Kronk's New Groove""]",[],"[""The Emperor's New School""]",[],[],[],[],2021-04-12T03:10:25.883Z,2021-12-20T20:40:32.236Z
1209,Zan Olwson,[],[],['DuckTales (2017 series)'],[],[],[],[],2021-04-12T03:10:32.849Z,2021-12-20T20:40:32.236Z
1210,Brock Zero,[],[],['Penn Zero: Part-Time Hero'],[],[],[],[],2021-04-12T03:10:48.898Z,2021-12-20T20:40:32.236Z
1211,Zeus,[],[],['DuckTales (2017 series)'],[],[],[],[],2021-04-12T03:10:51.001Z,2021-12-20T20:40:32.236Z
1212,Zigzag,['Holes'],[],[],[],[],[],[],2021-04-12T03:10:56.490Z,2021-12-20T20:40:32.673Z
1213,Zooter,[],[],['Jungle Junction'],[],[],[],[],2021-04-12T03:11:08.434Z,2021-12-20T20:40:32.673Z
1214,Zuzu,[],[],[],[],[],[],[],2021-04-12T03:11:17.693Z,2021-12-20T20:40:32.673Z
1215,Ãnanda,[],[],['The Lion Guard'],[],[],[],[],2021-04-12T03:11:18.513Z,2021-12-20T20:40:32.673Z
1216,Woozles,"['The Many Adventures of Winnie the Pooh', ""Pooh's Grand Adventure: The Search for Christopher Robin"", 'Christopher Robin (film)']",['Winnie the Pooh and the Blustery Day'],"['The New Adventures of Winnie the Pooh', 'My Friends Tigger and Pooh']","[""Tigger's Honey Hunt""]","['The Many Adventures of Winnie the Pooh (attraction)', ""Pooh's Hunny Hunt""]",[],[],2021-04-12T03:09:26.020Z,2021-12-20T20:40:31.264Z
1217,Xandra,[],[],['Legend of the Three Caballeros'],[],[],[],[],2021-04-12T03:09:47.944Z,2021-12-20T20:40:31.770Z
1218,Yan Yan,[],[],['American Dragon: Jake Long'],[],[],[],[],2021-04-12T03:09:58.200Z,2021-12-20T20:40:31.770Z
1219,Yori,['Tron'],[],[],[],[],[],[],2021-04-12T03:10:16.886Z,2021-12-20T20:40:32.236Z
1220,Kyoko Yoshiko,['Kim Possible Movie: So the Drama'],[],['Kim Possible'],[],[],[],[],2021-04-12T03:10:17.647Z,2021-12-20T20:40:32.236Z
1221,Shan-Yu,"['Mulan', 'Once Upon a Halloween', 'Mulan (2020 film)']",[],['House of Mouse'],"[""Disney's Arcade Frenzy"", 'Kingdom Hearts II', 'Disney Crossy Road', ""Disney Sorcerer's Arena"", 'Disney Emoji Blitz', 'Disney Heroes: Battle Mode', 'Disney Getaway Blast']","['World of Color', 'Villains Night Out!', 'The Nightmare Experiment', ""Cinderella's Surprise Celebration""]",[],[],2021-04-12T03:10:22.245Z,2021-12-20T20:40:32.236Z
1222,Zipper,"[""Chip 'n Dale Rescue Rangers (film)""]",[],"[""Chip 'n Dale Rescue Rangers"", 'Mighty Ducks (TV series)', 'DuckTales (2017 series)']","[""Chip 'n Dale Rescue Rangers (video game)"", ""Chip 'n Dale Rescue Rangers: The Adventure in Nimnul's Castle"", ""Chip 'n Dale Rescue Rangers 2"", 'Disney Emoji Blitz', ""Disney Sorcerer's Arena""]",[],[],[],2021-04-12T03:11:00.863Z,2021-12-20T20:40:32.673Z
1223,Zombies,['The Haunted Mansion (2003 film)'],[],[],[],[],[],[],2021-04-12T03:11:04.097Z,2021-12-20T20:40:32.673Z
1224,Victor,[],[],['K.C. Undercover'],[],[],[],[],2021-04-12T03:05:57.332Z,2021-12-20T20:40:28.691Z
1225,Wang Daiyu,[],[],['Stitch & Ai'],[],[],[],[],2021-04-12T03:06:55.424Z,2021-12-20T20:40:29.248Z
1226,Prince Wazoo,[],[],['Aladdin (TV series)'],[],[],[],[],2021-04-12T03:07:12.751Z,2021-12-20T20:40:29.666Z
1227,Weasels,['The Adventures of Ichabod and Mr. Toad'],"['How to Be a Detective', ""Mickey's Christmas Carol"", 'The Prince and the Pauper']","['Bonkers', 'DuckTales', 'House of Mouse', 'The Wonderful World of Mickey Mouse']","['Magical Tetris Challenge', 'Mickey Saves the Day 3D Adventure', ""Mickey's Speedway USA"", ""Chip 'n Dale Rescue Rangers 2"", 'The Great Circus Mystery starring Mickey and Minnie', 'Magical Tetris Challenge', 'Disney Infinity', 'Mickey Mania: The Timeless Adventures of Mickey Mouse', ""Disney Sorcerer's Arena""]","[""Mr. Toad's Wild Ride""]",[],[],2021-04-12T03:07:14.786Z,2021-12-20T20:40:29.666Z
1228,White Wolf,['White Fang 2: Myth of the White Wolf'],[],[],[],[],[],[],2021-04-12T03:07:43.111Z,2021-12-20T20:40:30.260Z
1229,Woodrow Wilkins,['Condorman'],[],['Toy Story Toons'],[],[],[],[],2021-04-12T03:08:13.540Z,2021-12-20T20:40:30.261Z
1230,Mitch Wilkinson,['National Treasure: Book of Secrets'],[],[],[],[],[],[],2021-04-12T03:08:14.777Z,2021-12-20T20:40:30.261Z
1231,Will Stutely,['The Story of Robin Hood and His Merrie Men'],[],[],[],[],[],[],2021-04-12T03:08:16.813Z,2021-12-20T20:40:30.261Z
1232,Layla Williams,['Sky High'],[],[],[],[],[],[],2021-04-12T03:08:22.730Z,2021-12-20T20:40:30.722Z
1233,Willie the Giant,"['Fun and Fancy Free', 'Who Framed Roger Rabbit', 'Honey, I Blew Up the Kid']","[""Mickey's Christmas Carol""]","['Walt Disney anthology series', 'House of Mouse', 'Mickey Mouse Clubhouse', 'Sing Me a Story with Belle']","['Mickey Mania', 'Disney Crossy Road', 'Disney Tsum Tsum (game)', 'Disney Emoji Blitz']","['Sorcerers of the Magic Kingdom', 'Wonderful World of Animation']",[],[],2021-04-12T03:08:25.461Z,2021-12-20T20:40:30.722Z
1234,Willow,[],[],['Tangled: The Series'],[],[],[],[],2021-04-12T03:08:28.916Z,2021-12-20T20:40:30.722Z
1235,Wingnut,['Mars Needs Moms'],[],[],[],[],[],[],2021-04-12T03:08:37.184Z,2021-12-20T20:40:30.722Z
1236,Mr. Winkie,['The Adventures of Ichabod and Mr. Toad'],['The Wind in the Willows'],[],[],"[""Mr. Toad's Wild Ride""]",[],[],2021-04-12T03:08:40.658Z,2021-12-20T20:40:30.722Z
1237,The Wolf,['Into the Woods'],[],[],[],[],[],[],2021-04-12T03:08:59.721Z,2021-12-20T20:40:30.723Z
1238,Jenny Wren,['Who Framed Roger Rabbit'],"['Who Killed Cock Robin?', ""Mickey's Polo Team"", 'Toby Tortoise Returns']",[],[],[],[],[],2021-04-12T03:09:33.715Z,2021-12-20T20:40:31.264Z
1239,Wyvern Clan,[],[],['Gargoyles'],[],[],[],[],2021-04-12T03:09:43.792Z,2021-12-20T20:40:31.770Z
1240,Yama,[],[],['Gargoyles'],[],[],[],[],2021-04-12T03:09:56.257Z,2021-12-20T20:40:31.770Z
1241,"Yao, Ling, and Chien Po","['Mulan', 'Mulan II', 'Mulan (2020 film)']",[],['House of Mouse'],"['Animated StoryBook: Mulan', 'Kingdom Hearts II', 'Disney Crossy Road']","['Mulan Parade', 'Fantasmic!', 'Disney in the Stars']",[],[],2021-04-12T03:10:00.142Z,2021-12-20T20:40:31.770Z
1242,Stanley Yelnats III,['Holes'],[],[],[],[],[],[],2021-04-12T03:10:06.622Z,2021-12-20T20:40:31.770Z
1243,Yin,['Leroy & Stitch'],[],"['Lilo & Stitch: The Series', 'Stitch!']",['Disney Tsum Tsum (game)'],[],[],[],2021-04-12T03:10:11.438Z,2021-12-20T20:40:31.770Z
1244,Yuckalinda,[],[],['DuckTales'],[],[],[],[],2021-04-12T03:10:23.095Z,2021-12-20T20:40:32.236Z
1245,Yun Mibu,[],[],['The Lion Guard'],[],[],[],[],2021-04-12T03:10:24.569Z,2021-12-20T20:40:32.236Z
1246,Yupi,"[""The Emperor's New Groove"", ""Kronk's New Groove""]",[],"[""The Emperor's New School""]",[],[],[],[],2021-04-12T03:10:25.883Z,2021-12-20T20:40:32.236Z
1247,Zan Olwson,[],[],['DuckTales (2017 series)'],[],[],[],[],2021-04-12T03:10:32.849Z,2021-12-20T20:40:32.236Z
1248,Brock Zero,[],[],['Penn Zero: Part-Time Hero'],[],[],[],[],2021-04-12T03:10:48.898Z,2021-12-20T20:40:32.236Z
1249,Zeus,[],[],['DuckTales (2017 series)'],[],[],[],[],2021-04-12T03:10:51.001Z,2021-12-20T20:40:32.236Z
1250,Zigzag,['Holes'],[],[],[],[],[],[],2021-04-12T03:10:56.490Z,2021-12-20T20:40:32.673Z
1251,Zooter,[],[],['Jungle Junction'],[],[],[],[],2021-04-12T03:11:08.434Z,2021-12-20T20:40:32.673Z
1252,Zuzu,[],[],[],[],[],[],[],2021-04-12T03:11:17.693Z,2021-12-20T20:40:32.673Z
1253,Ãnanda,[],[],['The Lion Guard'],[],[],[],[],2021-04-12T03:11:18.513Z,2021-12-20T20:40:32.673Z
1254,Woozles,"['The Many Adventures of Winnie the Pooh', ""Pooh's Grand Adventure: The Search for Christopher Robin"", 'Christopher Robin (film)']",['Winnie the Pooh and the Blustery Day'],"['The New Adventures of Winnie the Pooh', 'My Friends Tigger and Pooh']","[""Tigger's Honey Hunt""]","['The Many Adventures of Winnie the Pooh (attraction)', ""Pooh's Hunny Hunt""]",[],[],2021-04-12T03:09:26.020Z,2021-12-20T20:40:31.264Z
1255,Xandra,[],[],['Legend of the Three Caballeros'],[],[],[],[],2021-04-12T03:09:47.944Z,2021-12-20T20:40:31.770Z
1256,Yan Yan,[],[],['American Dragon: Jake Long'],[],[],[],[],2021-04-12T03:09:58.200Z,2021-12-20T20:40:31.770Z
1257,Yori,['Tron'],[],[],[],[],[],[],2021-04-12T03:10:16.886Z,2021-12-20T20:40:32.236Z
1258,Kyoko Yoshiko,['Kim Possible Movie: So the Drama'],[],['Kim Possible'],[],[],[],[],2021-04-12T03:10:17.647Z,2021-12-20T20:40:32.236Z
1259,Shan-Yu,"['Mulan', 'Once Upon a Halloween', 'Mulan (2020 film)']",[],['House of Mouse'],"[""Disney's Arcade Frenzy"", 'Kingdom Hearts II', 'Disney Crossy Road', ""Disney Sorcerer's Arena"", 'Disney Emoji Blitz', 'Disney Heroes: Battle Mode', 'Disney Getaway Blast']","['World of Color', 'Villains Night Out!', 'The Nightmare Experiment', ""Cinderella's Surprise Celebration""]",[],[],2021-04-12T03:10:22.245Z,2021-12-20T20:40:32.236Z
1260,Zipper,"[""Chip 'n Dale Rescue Rangers (film)""]",[],"[""Chip 'n Dale Rescue Rangers"", 'Mighty Ducks (TV series)', 'DuckTales (2017 series)']","[""Chip 'n Dale Rescue Rangers (video game)"", ""Chip 'n Dale Rescue Rangers: The Adventure in Nimnul's Castle"", ""Chip 'n Dale Rescue Rangers 2"", 'Disney Emoji Blitz', ""Disney Sorcerer's Arena""]",[],[],[],2021-04-12T03:11:00.863Z,2021-12-20T20:40:32.673Z
1261,Zombies,['The Haunted Mansion (2003 film)'],[],[],[],[],[],[],2021-04-12T03:11:04.097Z,2021-12-20T20:40:32.673Z
1262,Victor,[],[],['K.C. Undercover'],[],[],[],[],2021-04-12T03:05:57.332Z,2021-12-20T20:40:28.691Z
1263,Wang Daiyu,[],[],['Stitch & Ai'],[],[],[],[],2021-04-12T03:06:55.424Z,2021-12-20T20:40:29.248Z
1264,Prince Wazoo,[],[],['Aladdin (TV series)'],[],[],[],[],2021-04-12T03:07:12.751Z,2021-12-20T20:40:29.666Z
1265,Weasels,['The Adventures of Ichabod and Mr. Toad'],"['How to Be a Detective', ""Mickey's Christmas Carol"", 'The Prince and the Pauper']","['Bonkers', 'DuckTales', 'House of Mouse', 'The Wonderful World of Mickey Mouse']","['Magical Tetris Challenge', 'Mickey Saves the Day 3D Adventure', ""Mickey's Speedway USA"", ""Chip 'n Dale Rescue Rangers 2"", 'The Great Circus Mystery starring Mickey and Minnie', 'Magical Tetris Challenge', 'Disney Infinity', 'Mickey Mania: The Timeless Adventures of Mickey Mouse', ""Disney Sorcerer's Arena""]","[""Mr. Toad's Wild Ride""]",[],[],2021-04-12T03:07:14.786Z,2021-12-20T20:40:29.666Z
1266,White Wolf,['White Fang 2: Myth of the White Wolf'],[],[],[],[],[],[],2021-04-12T03:07:43.111Z,2021-12-20T20:40:30.260Z
1267,Woodrow Wilkins,['Condorman'],[],['Toy Story Toons'],[],[],[],[],2021-04-12T03:08:13.540Z,2021-12-20T20:40:30.261Z
1268,Mitch Wilkinson,['National Treasure: Book of Secrets'],[],[],[],[],[],[],2021-04-12T03:08:14.777Z,2021-12-20T20:40:30.261Z
1269,Will Stutely,['The Story of Robin Hood and His Merrie Men'],[],[],[],[],[],[],2021-04-12T03:08:16.813Z,2021-12-20T20:40:30.261Z
1270,Layla Williams,['Sky High'],[],[],[],[],[],[],2021-04-12T03:08:22.730Z,2021-12-20T20:40:30.722Z
1271,Willie the Giant,"['Fun and Fancy Free', 'Who Framed Roger Rabbit', 'Honey, I Blew Up the Kid']","[""Mickey's Christmas Carol""]","['Walt Disney anthology series', 'House of Mouse', 'Mickey Mouse Clubhouse', 'Sing Me a Story with Belle']","['Mickey Mania', 'Disney Crossy Road', 'Disney Tsum Tsum (game)', 'Disney Emoji Blitz']","['Sorcerers of the Magic Kingdom', 'Wonderful World of Animation']",[],[],2021-04-12T03:08:25.461Z,2021-12-20T20:40:30.722Z
1272,Willow,[],[],['Tangled: The Series'],[],[],[],[],2021-04-12T03:08:28.916Z,2021-12-20T20:40:30.722Z
1273,Wingnut,['Mars Needs Moms'],[],[],[],[],[],[],2021-04-12T03:08:37.184Z,2021-12-20T20:40:30.722Z
1274,Mr. Winkie,['The Adventures of Ichabod and Mr. Toad'],['The Wind in the Willows'],[],[],"[""Mr. Toad's Wild Ride""]",[],[],2021-04-12T03:08:40.658Z,2021-12-20T20:40:30.722Z
1275,The Wolf,['Into the Woods'],[],[],[],[],[],[],2021-04-12T03:08:59.721Z,2021-12-20T20:40:30.723Z
1276,Jenny Wren,['Who Framed Roger Rabbit'],"['Who Killed Cock Robin?', ""Mickey's Polo Team"", 'Toby Tortoise Returns']",[],[],[],[],[],2021-04-12T03:09:33.715Z,2021-12-20T20:40:31.264Z
1277,Wyvern Clan,[],[],['Gargoyles'],[],[],[],[],2021-04-12T03:09:43.792Z,2021-12-20T20:40:31.770Z
1278,Yama,[],[],['Gargoyles'],[],[],[],[],2021-04-12T03:09:56.257Z,2021-12-20T20:40:31.770Z
1279,"Yao, Ling, and Chien Po","['Mulan', 'Mulan II', 'Mulan (2020 film)']",[],['House of Mouse'],"['Animated StoryBook: Mulan', 'Kingdom Hearts II', 'Disney Crossy Road']","['Mulan Parade', 'Fantasmic!', 'Disney in the Stars']",[],[],2021-04-12T03:10:00.142Z,2021-12-20T20:40:31.770Z
1280,Stanley Yelnats III,['Holes'],[],[],[],[],[],[],2021-04-12T03:10:06.622Z,2021-12-20T20:40:31.770Z
1281,Yin,['Leroy & Stitch'],[],"['Lilo & Stitch: The Series', 'Stitch!']",['Disney Tsum Tsum (game)'],[],[],[],2021-04-12T03:10:11.438Z,2021-12-20T20:40:31.770Z
1282,Yuckalinda,[],[],['DuckTales'],[],[],[],[],2021-04-12T03:10:23.095Z,2021-12-20T20:40:32.236Z
1283,Yun Mibu,[],[],['The Lion Guard'],[],[],[],[],2021-04-12T03:10:24.569Z,2021-12-20T20:40:32.236Z
1284,Yupi,"[""The Emperor's New Groove"", ""Kronk's New Groove""]",[],"[""The Emperor's New School""]",[],[],[],[],2021-04-12T03:10:25.883Z,2021-12-20T20:40:32.236Z
1285,Zan Olwson,[],[],['DuckTales (2017 series)'],[],[],[],[],2021-04-12T03:10:32.849Z,2021-12-20T20:40:32.236Z
1286,Brock Zero,[],[],['Penn Zero: Part-Time Hero'],[],[],[],[],2021-04-12T03:10:48.898Z,2021-12-20T20:40:32.236Z
1287,Zeus,[],[],['DuckTales (2017 series)'],[],[],[],[],2021-04-12T03:10:51.001Z,2021-12-20T20:40:32.236Z
1288,Zigzag,['Holes'],[],[],[],[],[],[],2021-04-12T03:10:56.490Z,2021-12-20T20:40:32.673Z
1289,Zooter,[],[],['Jungle Junction'],[],[],[],[],2021-04-12T03:11:08.434Z,2021-12-20T20:40:32.673Z
1290,Zuzu,[],[],[],[],[],[],[],2021-04-12T03:11:17.693Z,2021-12-20T20:40:32.673Z
1291,Ãnanda,[],[],['The Lion Guard'],[],[],[],[],2021-04-12T03:11:18.513Z,2021-12-20T20:40:32.673Z
1292,Woozles,"['The Many Adventures of Winnie the Pooh', ""Pooh's Grand Adventure: The Search for Christopher Robin"", 'Christopher Robin (film)']",['Winnie the Pooh and the Blustery Day'],"['The New Adventures of Winnie the Pooh', 'My Friends Tigger and Pooh']","[""Tigger's Honey Hunt""]","['The Many Adventures of Winnie the Pooh (attraction)', ""Pooh's Hunny Hunt""]",[],[],2021-04-12T03:09:26.020Z,2021-12-20T20:40:31.264Z
1293,Xandra,[],[],['Legend of the Three Caballeros'],[],[],[],[],2021-04-12T03:09:47.944Z,2021-12-20T20:40:31.770Z
1294,Yan Yan,[],[],['American Dragon: Jake Long'],[],[],[],[],2021-04-12T03:09:58.200Z,2021-12-20T20:40:31.770Z
1295,Yori,['Tron'],[],[],[],[],[],[],2021-04-12T03:10:16.886Z,2021-12-20T20:40:32.236Z
1296,Kyoko Yoshiko,['Kim Possible Movie: So the Drama'],[],['Kim Possible'],[],[],[],[],2021-04-12T03:10:17.647Z,2021-12-20T20:40:32.236Z
1297,Shan-Yu,"['Mulan', 'Once Upon a Halloween', 'Mulan (2020 film)']",[],['House of Mouse'],"[""Disney's Arcade Frenzy"", 'Kingdom Hearts II', 'Disney Crossy Road', ""Disney Sorcerer's Arena"", 'Disney Emoji Blitz', 'Disney Heroes: Battle Mode', 'Disney Getaway Blast']","['World of Color', 'Villains Night Out!', 'The Nightmare Experiment', ""Cinderella's Surprise Celebration""]",[],[],2021-04-12T03:10:22.245Z,2021-12-20T20:40:32.236Z
1298,Zipper,"[""Chip 'n Dale Rescue Rangers (film)""]",[],"[""Chip 'n Dale Rescue Rangers"", 'Mighty Ducks (TV series)', 'DuckTales (2017 series)']","[""Chip 'n Dale Rescue Rangers (video game)"", ""Chip 'n Dale Rescue Rangers: The Adventure in Nimnul's Castle"", ""Chip 'n Dale Rescue Rangers 2"", 'Disney Emoji Blitz', ""Disney Sorcerer's Arena""]",[],[],[],2021-04-12T03:11:00.863Z,2021-12-20T20:40:32.673Z
1299,Zombies,['The Haunted Mansion (2003 film)'],[],[],[],[],[],[],2021-04-12T03:11:04.097Z,2021-12-20T20:40:32.673Z
1300,Victor,[],[],['K.C. Undercover'],[],[],[],[],2021-04-12T03:05:57.332Z,2021-12-20T20:40:28.691Z
1301,Wang Daiyu,[],[],['Stitch & Ai'],[],[],[],[],2021-04-12T03:06:55.424Z,2021-12-20T20:40:29.248Z
1302,Prince Wazoo,[],[],['Aladdin (TV series)'],[],[],[],[],2021-04-12T03:07:12.751Z,2021-12-20T20:40:29.666Z
1303,Weasels,['The Adventures of Ichabod and Mr. Toad'],"['How to Be a Detective', ""Mickey's Christmas Carol"", 'The Prince and the Pauper']","['Bonkers', 'DuckTales', 'House of Mouse', 'The Wonderful World of Mickey Mouse']","['Magical Tetris Challenge', 'Mickey Saves the Day 3D Adventure', ""Mickey's Speedway USA"", ""Chip 'n Dale Rescue Rangers 2"", 'The Great Circus Mystery starring Mickey and Minnie', 'Magical Tetris Challenge', 'Disney Infinity', 'Mickey Mania: The Timeless Adventures of Mickey Mouse', ""Disney Sorcerer's Arena""]","[""Mr. Toad's Wild Ride""]",[],[],2021-04-12T03:07:14.786Z,2021-12-20T20:40:29.666Z
1304,White Wolf,['White Fang 2: Myth of the White Wolf'],[],[],[],[],[],[],2021-04-12T03:07:43.111Z,2021-12-20T20:40:30.260Z
1305,Woodrow Wilkins,['Condorman'],[],['Toy Story Toons'],[],[],[],[],2021-04-12T03:08:13.540Z,2021-12-20T20:40:30.261Z
1306,Mitch Wilkinson,['National Treasure: Book of Secrets'],[],[],[],[],[],[],2021-04-12T03:08:14.777Z,2021-12-20T20:40:30.261Z
1307,Will Stutely,['The Story of Robin Hood and His Merrie Men'],[],[],[],[],[],[],2021-04-12T03:08:16.813Z,2021-12-20T20:40:30.261Z
1308,Layla Williams,['Sky High'],[],[],[],[],[],[],2021-04-12T03:08:22.730Z,2021-12-20T20:40:30.722Z
1309,Willie the Giant,"['Fun and Fancy Free', 'Who Framed Roger Rabbit', 'Honey, I Blew Up the Kid']","[""Mickey's Christmas Carol""]","['Walt Disney anthology series', 'House of Mouse', 'Mickey Mouse Clubhouse', 'Sing Me a Story with Belle']","['Mickey Mania', 'Disney Crossy Road', 'Disney Tsum Tsum (game)', 'Disney Emoji Blitz']","['Sorcerers of the Magic Kingdom', 'Wonderful World of Animation']",[],[],2021-04-12T03:08:25.461Z,2021-12-20T20:40:30.722Z
1310,Willow,[],[],['Tangled: The Series'],[],[],[],[],2021-04-12T03:08:28.916Z,2021-12-20T20:40:30.722Z
1311,Wingnut,['Mars Needs Moms'],[],[],[],[],[],[],2021-04-12T03:08:37.184Z,2021-12-20T20:40:30.722Z
1312,Mr. Winkie,['The Adventures of Ichabod and Mr. Toad'],['The Wind in the Willows'],[],[],"[""Mr. Toad's Wild Ride""]",[],[],2021-04-12T03:08:40.658Z,2021-12-20T20:40:30.722Z
1313,The Wolf,['Into the Woods'],[],[],[],[],[],[],2021-04-12T03:08:59.721Z,2021-12-20T20:40:30.723Z
1314,Jenny Wren,['Who Framed Roger Rabbit'],"['Who Killed Cock Robin?', ""Mickey's Polo Team"", 'Toby Tortoise Returns']",[],[],[],[],[],2021-04-12T03:09:33.715Z,2021-12-20T20:40:31.264Z
1315,Wyvern Clan,[],[],['Gargoyles'],[],[],[],[],2021-04-12T03:09:43.792Z,2021-12-20T20:40:31.770Z
1316,Yama,[],[],['Gargoyles'],[],[],[],[],2021-04-12T03:09:56.257Z,2021-12-20T20:40:31.770Z
1317,"Yao, Ling, and Chien Po","['Mulan', 'Mulan II', 'Mulan (2020 film)']",[],['House of Mouse'],"['Animated StoryBook: Mulan', 'Kingdom Hearts II', 'Disney Crossy Road']","['Mulan Parade', 'Fantasmic!', 'Disney in the Stars']",[],[],2021-04-12T03:10:00.142Z,2021-12-20T20:40:31.770Z
1318,Stanley Yelnats III,['Holes'],[],[],[],[],[],[],2021-04-12T03:10:06.622Z,2021-12-20T20:40:31.770Z
1319,Yin,['Leroy & Stitch'],[],"['Lilo & Stitch: The Series', 'Stitch!']",['Disney Tsum Tsum (game)'],[],[],[],2021-04-12T03:10:11.438Z,2021-12-20T20:40:31.770Z
1320,Yuckalinda,[],[],['DuckTales'],[],[],[],[],2021-04-12T03:10:23.095Z,2021-12-20T20:40:32.236Z
1321,Yun Mibu,[],[],['The Lion Guard'],[],[],[],[],2021-04-12T03:10:24.569Z,2021-12-20T20:40:32.236Z
1322,Yupi,"[""The Emperor's New Groove"", ""Kronk's New Groove""]",[],"[""The Emperor's New School""]",[],[],[],[],2021-04-12T03:10:25.883Z,2021-12-20T20:40:32.236Z
1323,Zan Olwson,[],[],['DuckTales (2017 series)'],[],[],[],[],2021-04-12T03:10:32.849Z,2021-12-20T20:40:32.236Z
1324,Brock Zero,[],[],['Penn Zero: Part-Time Hero'],[],[],[],[],2021-04-12T03:10:48.898Z,2021-12-20T20:40:32.236Z
1325,Zeus,[],[],['DuckTales (2017 series)'],[],[],[],[],2021-04-12T03:10:51.001Z,2021-12-20T20:40:32.236Z
1326,Zigzag,['Holes'],[],[],[],[],[],[],2021-04-12T03:10:56.490Z,2021-12-20T20:40:32.673Z
1327,Zooter,[],[],['Jungle Junction'],[],[],[],[],2021-04-12T03:11:08.434Z,2021-12-20T20:40:32.673Z
1328,Zuzu,[],[],[],[],[],[],[],2021-04-12T03:11:17.693Z,2021-12-20T20:40:32.673Z
1329,Ãnanda,[],[],['The Lion Guard'],[],[],[],[],2021-04-12T03:11:18.513Z,2021-12-20T20:40:32.673Z
1330,Woozles,"['The Many Adventures of Winnie the Pooh', ""Pooh's Grand Adventure: The Search for Christopher Robin"", 'Christopher Robin (film)']",['Winnie the Pooh and the Blustery Day'],"['The New Adventures of Winnie the Pooh', 'My Friends Tigger and Pooh']","[""Tigger's Honey Hunt""]","['The Many Adventures of Winnie the Pooh (attraction)', ""Pooh's Hunny Hunt""]",[],[],2021-04-12T03:09:26.020Z,2021-12-20T20:40:31.264Z
1331,Xandra,[],[],['Legend of the Three Caballeros'],[],[],[],[],2021-04-12T03:09:47.944Z,2021-12-20T20:40:31.770Z
1332,Yan Yan,[],[],['American Dragon: Jake Long'],[],[],[],[],2021-04-12T03:09:58.200Z,2021-12-20T20:40:31.770Z
1333,Yori,['Tron'],[],[],[],[],[],[],2021-04-12T03:10:16.886Z,2021-12-20T20:40:32.236Z
1334,Kyoko Yoshiko,['Kim Possible Movie: So the Drama'],[],['Kim Possible'],[],[],[],[],2021-04-12T03:10:17.647Z,2021-12-20T20:40:32.236Z
1335,Shan-Yu,"['Mulan', 'Once Upon a Halloween', 'Mulan (2020 film)']",[],['House of Mouse'],"[""Disney's Arcade Frenzy"", 'Kingdom Hearts II', 'Disney Crossy Road', ""Disney Sorcerer's Arena"", 'Disney Emoji Blitz', 'Disney Heroes: Battle Mode', 'Disney Getaway Blast']","['World of Color', 'Villains Night Out!', 'The Nightmare Experiment', ""Cinderella's Surprise Celebration""]",[],[],2021-04-12T03:10:22.245Z,2021-12-20T20:40:32.236Z
1336,Zipper,"[""Chip 'n Dale Rescue Rangers (film)""]",[],"[""Chip 'n Dale Rescue Rangers"", 'Mighty Ducks (TV series)', 'DuckTales (2017 series)']","[""Chip 'n Dale Rescue Rangers (video game)"", ""Chip 'n Dale Rescue Rangers: The Adventure in Nimnul's Castle"", ""Chip 'n Dale Rescue Rangers 2"", 'Disney Emoji Blitz', ""Disney Sorcerer's Arena""]",[],[],[],2021-04-12T03:11:00.863Z,2021-12-20T20:40:32.673Z
1337,Zombies,['The Haunted Mansion (2003 film)'],[],[],[],[],[],[],2021-04-12T03:11:04.097Z,2021-12-20T20:40:32.673Z
1338,Victor,[],[],['K.C. Undercover'],[],[],[],[],2021-04-12T03:05:57.332Z,2021-12-20T20:40:28.691Z
1339,Wang Daiyu,[],[],['Stitch & Ai'],[],[],[],[],2021-04-12T03:06:55.424Z,2021-12-20T20:40:29.248Z
1340,Prince Wazoo,[],[],['Aladdin (TV series)'],[],[],[],[],2021-04-12T03:07:12.751Z,2021-12-20T20:40:29.666Z
1341,Weasels,['The Adventures of Ichabod and Mr. Toad'],"['How to Be a Detective', ""Mickey's Christmas Carol"", 'The Prince and the Pauper']","['Bonkers', 'DuckTales', 'House of Mouse', 'The Wonderful World of Mickey Mouse']","['Magical Tetris Challenge', 'Mickey Saves the Day 3D Adventure', ""Mickey's Speedway USA"", ""Chip 'n Dale Rescue Rangers 2"", 'The Great Circus Mystery starring Mickey and Minnie', 'Magical Tetris Challenge', 'Disney Infinity', 'Mickey Mania: The Timeless Adventures of Mickey Mouse', ""Disney Sorcerer's Arena""]","[""Mr. Toad's Wild Ride""]",[],[],2021-04-12T03:07:14.786Z,2021-12-20T20:40:29.666Z
1342,White Wolf,['White Fang 2: Myth of the White Wolf'],[],[],[],[],[],[],2021-04-12T03:07:43.111Z,2021-12-20T20:40:30.260Z
1343,Woodrow Wilkins,['Condorman'],[],['Toy Story Toons'],[],[],[],[],2021-04-12T03:08:13.540Z,2021-12-20T20:40:30.261Z
1344,Mitch Wilkinson,['National Treasure: Book of Secrets'],[],[],[],[],[],[],2021-04-12T03:08:14.777Z,2021-12-20T20:40:30.261Z
1345,Will Stutely,['The Story of Robin Hood and His Merrie Men'],[],[],[],[],[],[],2021-04-12T03:08:16.813Z,2021-12-20T20:40:30.261Z
1346,Layla Williams,['Sky High'],[],[],[],[],[],[],2021-04-12T03:08:22.730Z,2021-12-20T20:40:30.722Z
1347,Willie the Giant,"['Fun and Fancy Free', 'Who Framed Roger Rabbit', 'Honey, I Blew Up the Kid']","[""Mickey's Christmas Carol""]","['Walt Disney anthology series', 'House of Mouse', 'Mickey Mouse Clubhouse', 'Sing Me a Story with Belle']","['Mickey Mania', 'Disney Crossy Road', 'Disney Tsum Tsum (game)', 'Disney Emoji Blitz']","['Sorcerers of the Magic Kingdom', 'Wonderful World of Animation']",[],[],2021-04-12T03:08:25.461Z,2021-12-20T20:40:30.722Z
1348,Willow,[],[],['Tangled: The Series'],[],[],[],[],2021-04-12T03:08:28.916Z,2021-12-20T20:40:30.722Z
1349,Wingnut,['Mars Needs Moms'],[],[],[],[],[],[],2021-04-12T03:08:37.184Z,2021-12-20T20:40:30.722Z
1350,Mr. Winkie,['The Adventures of Ichabod and Mr. Toad'],['The Wind in the Willows'],[],[],"[""Mr. Toad's Wild Ride""]",[],[],2021-04-12T03:08:40.658Z,2021-12-20T20:40:30.722Z
1351,The Wolf,['Into the Woods'],[],[],[],[],[],[],2021-04-12T03:08:59.721Z,2021-12-20T20:40:30.723Z
1352,Jenny Wren,['Who Framed Roger Rabbit'],"['Who Killed Cock Robin?', ""Mickey's Polo Team"", 'Toby Tortoise Returns']",[],[],[],[],[],2021-04-12T03:09:33.715Z,2021-12-20T20:40:31.264Z
1353,Wyvern Clan,[],[],['Gargoyles'],[],[],[],[],2021-04-12T03:09:43.792Z,2021-12-20T20:40:31.770Z
1354,Yama,[],[],['Gargoyles'],[],[],[],[],2021-04-12T03:09:56.257Z,2021-12-20T20:40:31.770Z
1355,"Yao, Ling, and Chien Po","['Mulan', 'Mulan II', 'Mulan (2020 film)']",[],['House of Mouse'],"['Animated StoryBook: Mulan', 'Kingdom Hearts II', 'Disney Crossy Road']","['Mulan Parade', 'Fantasmic!', 'Disney in the Stars']",[],[],2021-04-12T03:10:00.142Z,2021-12-20T20:40:31.770Z
1356,Stanley Yelnats III,['Holes'],[],[],[],[],[],[],2021-04-12T03:10:06.622Z,2021-12-20T20:40:31.770Z
1357,Yin,['Leroy & Stitch'],[],"['Lilo & Stitch: The Series', 'Stitch!']",['Disney Tsum Tsum (game)'],[],[],[],2021-04-12T03:10:11.438Z,2021-12-20T20:40:31.770Z
1358,Yuckalinda,[],[],['DuckTales'],[],[],[],[],2021-04-12T03:10:23.095Z,2021-12-20T20:40:32.236Z
1359,Yun Mibu,[],[],['The Lion Guard'],[],[],[],[],2021-04-12T03:10:24.569Z,2021-12-20T20:40:32.236Z
1360,Yupi,"[""The Emperor's New Groove"", ""Kronk's New Groove""]",[],"[""The Emperor's New School""]",[],[],[],[],2021-04-12T03:10:25.883Z,2021-12-20T20:40:32.236Z
1361,Zan Olwson,[],[],['DuckTales (2017 series)'],[],[],[],[],2021-04-12T03:10:32.849Z,2021-12-20T20:40:32.236Z
1362,Brock Zero,[],[],['Penn Zero: Part-Time Hero'],[],[],[],[],2021-04-12T03:10:48.898Z,2021-12-20T20:40:32.236Z
1363,Zeus,[],[],['DuckTales (2017 series)'],[],[],[],[],2021-04-12T03:10:51.001Z,2021-12-20T20:40:32.236Z
1364,Zigzag,['Holes'],[],[],[],[],[],[],2021-04-12T03:10:56.490Z,2021-12-20T20:40:32.673Z
1365,Zooter,[],[],['Jungle Junction'],[],[],[],[],2021-04-12T03:11:08.434Z,2021-12-20T20:40:32.673Z
1366,Zuzu,[],[],[],[],[],[],[],2021-04-12T03:11:17.693Z,2021-12-20T20:40:32.673Z
1367,Ãnanda,[],[],['The Lion Guard'],[],[],[],[],2021-04-12T03:11:18.513Z,2021-12-20T20:40:32.673Z
1368,Woozles,"['The Many Adventures of Winnie the Pooh', ""Pooh's Grand Adventure: The Search for Christopher Robin"", 'Christopher Robin (film)']",['Winnie the Pooh and the Blustery Day'],"['The New Adventures of Winnie the Pooh', 'My Friends Tigger and Pooh']","[""Tigger's Honey Hunt""]","['The Many Adventures of Winnie the Pooh (attraction)', ""Pooh's Hunny Hunt""]",[],[],2021-04-12T03:09:26.020Z,2021-12-20T20:40:31.264Z
1369,Xandra,[],[],['Legend of the Three Caballeros'],[],[],[],[],2021-04-12T03:09:47.944Z,2021-12-20T20:40:31.770Z
1370,Yan Yan,[],[],['American Dragon: Jake Long'],[],[],[],[],2021-04-12T03:09:58.200Z,2021-12-20T20:40:31.770Z
1371,Yori,['Tron'],[],[],[],[],[],[],2021-04-12T03:10:16.886Z,2021-12-20T20:40:32.236Z
1372,Kyoko Yoshiko,['Kim Possible Movie: So the Drama'],[],['Kim Possible'],[],[],[],[],2021-04-12T03:10:17.647Z,2021-12-20T20:40:32.236Z
1373,Shan-Yu,"['Mulan', 'Once Upon a Halloween', 'Mulan (2020 film)']",[],['House of Mouse'],"[""Disney's Arcade Frenzy"", 'Kingdom Hearts II', 'Disney Crossy Road', ""Disney Sorcerer's Arena"", 'Disney Emoji Blitz', 'Disney Heroes: Battle Mode', 'Disney Getaway Blast']","['World of Color', 'Villains Night Out!', 'The Nightmare Experiment', ""Cinderella's Surprise Celebration""]",[],[],2021-04-12T03:10:22.245Z,2021-12-20T20:40:32.236Z
1374,Zipper,"[""Chip 'n Dale Rescue Rangers (film)""]",[],"[""Chip 'n Dale Rescue Rangers"", 'Mighty Ducks (TV series)', 'DuckTales (2017 series)']","[""Chip 'n Dale Rescue Rangers (video game)"", ""Chip 'n Dale Rescue Rangers: The Adventure in Nimnul's Castle"", ""Chip 'n Dale Rescue Rangers 2"", 'Disney Emoji Blitz', ""Disney Sorcerer's Arena""]",[],[],[],2021-04-12T03:11:00.863Z,2021-12-20T20:40:32.673Z
1375,Zombies,['The Haunted Mansion (2003 film)'],[],[],[],[],[],[],2021-04-12T03:11:04.097Z,2021-12-20T20:40:32.673Z
1376,Victor,[],[],['K.C. Undercover'],[],[],[],[],2021-04-12T03:05:57.332Z,2021-12-20T20:40:28.691Z
1377,Wang Daiyu,[],[],['Stitch & Ai'],[],[],[],[],2021-04-12T03:06:55.424Z,2021-12-20T20:40:29.248Z
1378,Prince Wazoo,[],[],['Aladdin (TV series)'],[],[],[],[],2021-04-12T03:07:12.751Z,2021-12-20T20:40:29.666Z
1379,Weasels,['The Adventures of Ichabod and Mr. Toad'],"['How to Be a Detective', ""Mickey's Christmas Carol"", 'The Prince and the Pauper']","['Bonkers', 'DuckTales', 'House of Mouse', 'The Wonderful World of Mickey Mouse']","['Magical Tetris Challenge', 'Mickey Saves the Day 3D Adventure', ""Mickey's Speedway USA"", ""Chip 'n Dale Rescue Rangers 2"", 'The Great Circus Mystery starring Mickey and Minnie', 'Magical Tetris Challenge', 'Disney Infinity', 'Mickey Mania: The Timeless Adventures of Mickey Mouse', ""Disney Sorcerer's Arena""]","[""Mr. Toad's Wild Ride""]",[],[],2021-04-12T03:07:14.786Z,2021-12-20T20:40:29.666Z
1380,White Wolf,['White Fang 2: Myth of the White Wolf'],[],[],[],[],[],[],2021-04-12T03:07:43.111Z,2021-12-20T20:40:30.260Z
1381,Woodrow Wilkins,['Condorman'],[],['Toy Story Toons'],[],[],[],[],2021-04-12T03:08:13.540Z,2021-12-20T20:40:30.261Z
1382,Mitch Wilkinson,['National Treasure: Book of Secrets'],[],[],[],[],[],[],2021-04-12T03:08:14.777Z,2021-12-20T20:40:30.261Z
1383,Will Stutely,['The Story of Robin Hood and His Merrie Men'],[],[],[],[],[],[],2021-04-12T03:08:16.813Z,2021-12-20T20:40:30.261Z
1384,Layla Williams,['Sky High'],[],[],[],[],[],[],2021-04-12T03:08:22.730Z,2021-12-20T20:40:30.722Z
1385,Willie the Giant,"['Fun and Fancy Free', 'Who Framed Roger Rabbit', 'Honey, I Blew Up the Kid']","[""Mickey's Christmas Carol""]","['Walt Disney anthology series', 'House of Mouse', 'Mickey Mouse Clubhouse', 'Sing Me a Story with Belle']","['Mickey Mania', 'Disney Crossy Road', 'Disney Tsum Tsum (game)', 'Disney Emoji Blitz']","['Sorcerers of the Magic Kingdom', 'Wonderful World of Animation']",[],[],2021-04-12T03:08:25.461Z,2021-12-20T20:40:30.722Z
1386,Willow,[],[],['Tangled: The Series'],[],[],[],[],2021-04-12T03:08:28.916Z,2021-12-20T20:40:30.722Z
1387,Wingnut,['Mars Needs Moms'],[],[],[],[],[],[],2021-04-12T03:08:37.184Z,2021-12-20T20:40:30.722Z
1388,Mr. Winkie,['The Adventures of Ichabod and Mr. Toad'],['The Wind in the Willows'],[],[],"[""Mr. Toad's Wild Ride""]",[],[],2021-04-12T03:08:40.658Z,2021-12-20T20:40:30.722Z
1389,The Wolf,['Into the Woods'],[],[],[],[],[],[],2021-04-12T03:08:59.721Z,2021-12-20T20:40:30.723Z
1390,Jenny Wren,['Who Framed Roger Rabbit'],"['Who Killed Cock Robin?', ""Mickey's Polo Team"", 'Toby Tortoise Returns']",[],[],[],[],[],2021-04-12T03:09:33.715Z,2021-12-20T20:40:31.264Z
1391,Wyvern Clan,[],[],['Gargoyles'],[],[],[],[],2021-04-12T03:09:43.792Z,2021-12-20T20:40:31.770Z
1392,Yama,[],[],['Gargoyles'],[],[],[],[],2021-04-12T03:09:56.257Z,2021-12-20T20:40:31.770Z
1393,"Yao, Ling, and Chien Po","['Mulan', 'Mulan II', 'Mulan (2020 film)']",[],['House of Mouse'],"['Animated StoryBook: Mulan', 'Kingdom Hearts II', 'Disney Crossy Road']","['Mulan Parade', 'Fantasmic!', 'Disney in the Stars']",[],[],2021-04-12T03:10:00.142Z,2021-12-20T20:40:31.770Z
1394,Stanley Yelnats III,['Holes'],[],[],[],[],[],[],2021-04-12T03:10:06.622Z,2021-12-20T20:40:31.770Z
1395,Yin,['Leroy & Stitch'],[],"['Lilo & Stitch: The Series', 'Stitch!']",['Disney Tsum Tsum (game)'],[],[],[],2021-04-12T03:10:11.438Z,2021-12-20T20:40:31.770Z
1396,Yuckalinda,[],[],['DuckTales'],[],[],[],[],2021-04-12T03:10:23.095Z,2021-12-20T20:40:32.236Z
1397,Yun Mibu,[],[],['The Lion Guard'],[],[],[],[],2021-04-12T03:10:24.569Z,2021-12-20T20:40:32.236Z
1398,Yupi,"[""The Emperor's New Groove"", ""Kronk's New Groove""]",[],"[""The Emperor's New School""]",[],[],[],[],2021-04-12T03:10:25.883Z,2021-12-20T20:40:32.236Z
1399,Zan Olwson,[],[],['DuckTales (2017 series)'],[],[],[],[],2021-04-12T03:10:32.849Z,2021-12-20T20:40:32.236Z
1400,Brock Zero,[],[],['Penn Zero: Part-Time Hero'],[],[],[],[],2021-04-12T03:10:48.898Z,2021-12-20T20:40:32.236Z
1401,Zeus,[],[],['DuckTales (2017 series)'],[],[],[],[],2021-04-12T03:10:51.001Z,2021-12-20T20:40:32.236Z
1402,Zigzag,['Holes'],[],[],[],[],[],[],2021-04-12T03:10:56.490Z,2021-12-20T20:40:32.673Z
1403,Zooter,[],[],['Jungle Junction'],[],[],[],[],2021-04-12T03:11:08.434Z,2021-12-20T20:40:32.673Z
1404,Zuzu,[],[],[],[],[],[],[],2021-04-12T03:11:17.693Z,2021-12-20T20:40:32.673Z
1405,Ãnanda,[],[],['The Lion Guard'],[],[],[],[],2021-04-12T03:11:18.513Z,2021-12-20T20:40:32.673Z
1406,Woozles,"['The Many Adventures of Winnie the Pooh', ""Pooh's Grand Adventure: The Search for Christopher Robin"", 'Christopher Robin (film)']",['Winnie the Pooh and the Blustery Day'],"['The New Adventures of Winnie the Pooh', 'My Friends Tigger and Pooh']","[""Tigger's Honey Hunt""]","['The Many Adventures of Winnie the Pooh (attraction)', ""Pooh's Hunny Hunt""]",[],[],2021-04-12T03:09:26.020Z,2021-12-20T20:40:31.264Z
1407,Xandra,[],[],['Legend of the Three Caballeros'],[],[],[],[],2021-04-12T03:09:47.944Z,2021-12-20T20:40:31.770Z
1408,Yan Yan,[],[],['American Dragon: Jake Long'],[],[],[],[],2021-04-12T03:09:58.200Z,2021-12-20T20:40:31.770Z
1409,Yori,['Tron'],[],[],[],[],[],[],2021-04-12T03:10:16.886Z,2021-12-20T20:40:32.236Z
1410,Kyoko Yoshiko,['Kim Possible Movie: So the Drama'],[],['Kim Possible'],[],[],[],[],2021-04-12T03:10:17.647Z,2021-12-20T20:40:32.236Z
1411,Shan-Yu,"['Mulan', 'Once Upon a Halloween', 'Mulan (2020 film)']",[],['House of Mouse'],"[""Disney's Arcade Frenzy"", 'Kingdom Hearts II', 'Disney Crossy Road', ""Disney Sorcerer's Arena"", 'Disney Emoji Blitz', 'Disney Heroes: Battle Mode', 'Disney Getaway Blast']","['World of Color', 'Villains Night Out!', 'The Nightmare Experiment', ""Cinderella's Surprise Celebration""]",[],[],2021-04-12T03:10:22.245Z,2021-12-20T20:40:32.236Z
1412,Zipper,"[""Chip 'n Dale Rescue Rangers (film)""]",[],"[""Chip 'n Dale Rescue Rangers"", 'Mighty Ducks (TV series)', 'DuckTales (2017 series)']","[""Chip 'n Dale Rescue Rangers (video game)"", ""Chip 'n Dale Rescue Rangers: The Adventure in Nimnul's Castle"", ""Chip 'n Dale Rescue Rangers 2"", 'Disney Emoji Blitz', ""Disney Sorcerer's Arena""]",[],[],[],2021-04-12T03:11:00.863Z,2021-12-20T20:40:32.673Z
1413,Zombies,['The Haunted Mansion (2003 film)'],[],[],[],[],[],[],2021-04-12T03:11:04.097Z,2021-12-20T20:40:32.673Z
1414,Victor,[],[],['K.C. Undercover'],[],[],[],[],2021-04-12T03:05:57.332Z,2021-12-20T20:40:28.691Z
1415,Wang Daiyu,[],[],['Stitch & Ai'],[],[],[],[],2021-04-12T03:06:55.424Z,2021-12-20T20:40:29.248Z
1416,Prince Wazoo,[],[],['Aladdin (TV series)'],[],[],[],[],2021-04-12T03:07:12.751Z,2021-12-20T20:40:29.666Z
1417,Weasels,['The Adventures of Ichabod and Mr. Toad'],"['How to Be a Detective', ""Mickey's Christmas Carol"", 'The Prince and the Pauper']","['Bonkers', 'DuckTales', 'House of Mouse', 'The Wonderful World of Mickey Mouse']","['Magical Tetris Challenge', 'Mickey Saves the Day 3D Adventure', ""Mickey's Speedway USA"", ""Chip 'n Dale Rescue Rangers 2"", 'The Great Circus Mystery starring Mickey and Minnie', 'Magical Tetris Challenge', 'Disney Infinity', 'Mickey Mania: The Timeless Adventures of Mickey Mouse', ""Disney Sorcerer's Arena""]","[""Mr. Toad's Wild Ride""]",[],[],2021-04-12T03:07:14.786Z,2021-12-20T20:40:29.666Z
1418,White Wolf,['White Fang 2: Myth of the White Wolf'],[],[],[],[],[],[],2021-04-12T03:07:43.111Z,2021-12-20T20:40:30.260Z
1419,Woodrow Wilkins,['Condorman'],[],['Toy Story Toons'],[],[],[],[],2021-04-12T03:08:13.540Z,2021-12-20T20:40:30.261Z
1420,Mitch Wilkinson,['National Treasure: Book of Secrets'],[],[],[],[],[],[],2021-04-12T03:08:14.777Z,2021-12-20T20:40:30.261Z
1421,Will Stutely,['The Story of Robin Hood and His Merrie Men'],[],[],[],[],[],[],2021-04-12T03:08:16.813Z,2021-12-20T20:40:30.261Z
1422,Layla Williams,['Sky High'],[],[],[],[],[],[],2021-04-12T03:08:22.730Z,2021-12-20T20:40:30.722Z
1423,Willie the Giant,"['Fun and Fancy Free', 'Who Framed Roger Rabbit', 'Honey, I Blew Up the Kid']","[""Mickey's Christmas Carol""]","['Walt Disney anthology series', 'House of Mouse', 'Mickey Mouse Clubhouse', 'Sing Me a Story with Belle']","['Mickey Mania', 'Disney Crossy Road', 'Disney Tsum Tsum (game)', 'Disney Emoji Blitz']","['Sorcerers of the Magic Kingdom', 'Wonderful World of Animation']",[],[],2021-04-12T03:08:25.461Z,2021-12-20T20:40:30.722Z
1424,Willow,[],[],['Tangled: The Series'],[],[],[],[],2021-04-12T03:08:28.916Z,2021-12-20T20:40:30.722Z
1425,Wingnut,['Mars Needs Moms'],[],[],[],[],[],[],2021-04-12T03:08:37.184Z,2021-12-20T20:40:30.722Z
1426,Mr. Winkie,['The Adventures of Ichabod and Mr. Toad'],['The Wind in the Willows'],[],[],"[""Mr. Toad's Wild Ride""]",[],[],2021-04-12T03:08:40.658Z,2021-12-20T20:40:30.722Z
1427,The Wolf,['Into the Woods'],[],[],[],[],[],[],2021-04-12T03:08:59.721Z,2021-12-20T20:40:30.723Z
1428,Jenny Wren,['Who Framed Roger Rabbit'],"['Who Killed Cock Robin?', ""Mickey's Polo Team"", 'Toby Tortoise Returns']",[],[],[],[],[],2021-04-12T03:09:33.715Z,2021-12-20T20:40:31.264Z
1429,Wyvern Clan,[],[],['Gargoyles'],[],[],[],[],2021-04-12T03:09:43.792Z,2021-12-20T20:40:31.770Z
1430,Yama,[],[],['Gargoyles'],[],[],[],[],2021-04-12T03:09:56.257Z,2021-12-20T20:40:31.770Z
1431,"Yao, Ling, and Chien Po","['Mulan', 'Mulan II', 'Mulan (2020 film)']",[],['House of Mouse'],"['Animated StoryBook: Mulan', 'Kingdom Hearts II', 'Disney Crossy Road']","['Mulan Parade', 'Fantasmic!', 'Disney in the Stars']",[],[],2021-04-12T03:10:00.142Z,2021-12-20T20:40:31.770Z
1432,Stanley Yelnats III,['Holes'],[],[],[],[],[],[],2021-04-12T03:10:06.622Z,2021-12-20T20:40:31.770Z
1433,Yin,['Leroy & Stitch'],[],"['Lilo & Stitch: The Series', 'Stitch!']",['Disney Tsum Tsum (game)'],[],[],[],2021-04-12T03:10:11.438Z,2021-12-20T20:40:31.770Z
1434,Yuckalinda,[],[],['DuckTales'],[],[],[],[],2021-04-12T03:10:23.095Z,2021-12-20T20:40:32.236Z
1435,Yun Mibu,[],[],['The Lion Guard'],[],[],[],[],2021-04-12T03:10:24.569Z,2021-12-20T20:40:32.236Z
1436,Yupi,"[""The Emperor's New Groove"", ""Kronk's New Groove""]",[],"[""The Emperor's New School""]",[],[],[],[],2021-04-12T03:10:25.883Z,2021-12-20T20:40:32.236Z
1437,Zan Olwson,[],[],['DuckTales (2017 series)'],[],[],[],[],2021-04-12T03:10:32.849Z,2021-12-20T20:40:32.236Z
1438,Brock Zero,[],[],['Penn Zero: Part-Time Hero'],[],[],[],[],2021-04-12T03:10:48.898Z,2021-12-20T20:40:32.236Z
1439,Zeus,[],[],['DuckTales (2017 series)'],[],[],[],[],2021-04-12T03:10:51.001Z,2021-12-20T20:40:32.236Z
1440,Zigzag,['Holes'],[],[],[],[],[],[],2021-04-12T03:10:56.490Z,2021-12-20T20:40:32.673Z
1441,Zooter,[],[],['Jungle Junction'],[],[],[],[],2021-04-12T03:11:08.434Z,2021-12-20T20:40:32.673Z
1442,Zuzu,[],[],[],[],[],[],[],2021-04-12T03:11:17.693Z,2021-12-20T20:40:32.673Z
1443,Ãnanda,[],[],['The Lion Guard'],[],[],[],[],2021-04-12T03:11:18.513Z,2021-12-20T20:40:32.673Z
