title,plot,rated,year,released_at,runtime,genre,director,writer,actors,language,country,awards,metascore,imdb_rating,imdb_votes
10 Things I Hate About You,"A pretty, popular teenager can't go out on a date until her ill-tempered older sister does.",PG-13,1999,31 Mar 1999,97 min,"Comedy, Drama, Romance",Gil Junger,"Karen McCullah, Kirsten Smith","Heath Ledger, Julia Stiles, Joseph Gordon-Levitt, Larisa Oleynik","English, French",USA,2 wins & 13 nominations.,70.0,7.3,283945
101 Dalmatians,"An evil high-fashion designer plots to steal Dalmatian puppies in order to make an extravagant fur coat, but instead creates an extravagant mess.",G,1996,27 Nov 1996,103 min,"Adventure, Comedy, Crime, Family",Stephen Herek,"Dodie Smith (novel), John Hughes (screenplay)","Glenn Close, Jeff Daniels, Joely Richardson, Joan Plowright","English, Spanish","USA, UK",Nominated for 1 Golden Globe. Another 3 wins & 9 nominations.,49.0,5.7,97785
101 Dalmatians 2: Patch's London Adventure,"Being one of 101 takes its toll on Patch, who doesn't feel unique. When he's accidentally left behind on moving day, he meets his idol, Thunderbolt, who enlists him on a publicity campaign.",G,2002,21 Jan 2003,74 min,"Animation, Adventure, Comedy, Family, Musical","Jim Kammerud, Brian Smith","Jim Kammerud (story), Dan Root (story), Garrett K. Schiff (story), Brian Smith (story), Jim Kammerud (screenplay), Brian Smith (screenplay), Dodie Smith (novel), Michael Lucker, Temple Mathews (additional script material)","Barry Bostwick, Jason Alexander, Martin Short, Bobby Lockwood",English,USA,5 wins & 10 nominations.,,5.8,7434
102 Dalmatians,Cruella DeVil gets out of prison and goes after the puppies once more.,G,2000,22 Nov 2000,100 min,"Adventure, Comedy, Family",Kevin Lima,"Dodie Smith (novel), Kristen Buckley (story), Brian Regan (story), Kristen Buckley (screenplay), Brian Regan (screenplay), Bob Tzudiker (screenplay), Noni White (screenplay)","Glenn Close, Gérard Depardieu, Ioan Gruffudd, Alice Evans",English,"USA, UK",Nominated for 1 Oscar. Another 1 win & 7 nominations.,35.0,4.9,33444
12 Dates of Christmas,"A story that follows Kate, a young woman who after a horrible blind date on Christmas Eve, wakes up to find she is re-living that same day and date all over again.",PG,2011,11 Dec 2011,90 min,"Comedy, Fantasy, Romance",James Hayman,"Aaron Mendelsohn (teleplay), Janet Brownell (teleplay), Aaron Mendelsohn (story), Blake Harris (story)","Laura Miyata, Vijay Mehta, Amy Smart, Audrey Dwyer",English,USA,1 nomination.,,6.3,4933
"20,000 Leagues Under the Sea","A ship sent to investigate a wave of mysterious sinkings encounters the advanced submarine, the Nautilus, commanded by Captain Nemo.",G,1954,20 Jul 1955,127 min,"Adventure, Drama, Family, Fantasy, Sci-Fi",Richard Fleischer,Earl Felton (screenplay),"Kirk Douglas, James Mason, Paul Lukas, Peter Lorre",English,USA,Won 2 Oscars. Another 3 wins & 3 nominations.,83.0,7.2,27761
A Bug's Life,"A misfit ant, looking for ""warriors"" to save his colony from greedy grasshoppers, recruits a group of bugs that turn out to be an inept circus troupe.",G,1998,25 Nov 1998,95 min,"Animation, Adventure, Comedy, Family","John Lasseter, Andrew Stanton(co-director)","John Lasseter (original story by), Andrew Stanton (original story by), Joe Ranft (original story by), Andrew Stanton (screenplay by), Don McEnery (screenplay by), Bob Shaw (screenplay by)","Dave Foley, Kevin Spacey, Julia Louis-Dreyfus, Hayden Panettiere",English,USA,Nominated for 1 Oscar. Another 14 wins & 20 nominations.,77.0,7.2,257065
A Celebration of the Music from Coco,,,2020,10 Apr 2020,,Music,Ron de Moraes,,"Benjamin Bratt, Eva Longoria",English,USA,,,7.6,35
A Goofy Movie,"When Max makes a preposterous promise to a girl he has a crush on, his chances to fulfilling it seem hopeless when he is dragged onto a cross-country trip with his embarrassing father, Goofy.",G,1995,07 Apr 1995,78 min,"Animation, Adventure, Comedy, Family, Musical, Romance",Kevin Lima,"Jymn Magon (story), Jymn Magon (screenplay), Chris Matheson (screenplay), Brian Pimental (screenplay), Brian Pimental (story supervisor), Curtis Armstrong (additional written material), John Doolittle (additional written material)","Bill Farmer, Jason Marsden, Jim Cummings, Kellie Martin",English,"USA, Australia, France, Canada",5 nominations.,,6.8,43655
A Kid in King Arthur's Court,A Little League player is sent back into medieval times where he is given the task of saving Camelot.,PG,1995,11 Aug 1995,89 min,"Adventure, Comedy, Family, Fantasy, Romance",Michael Gottlieb,"Michael Part, Robert L. Levy","Thomas Ian Nicholas, Joss Ackland, Art Malik, Paloma Baeza",English,"USA, Hungary, UK",1 nomination.,34.0,4.7,5479
A Knight for a Day,"By accident, Cedric (Goofy), replaces his master, Sir Loinsteak, in the armor just before the joust with champion Sir Cumference.",APPROVED,1946,08 Mar 1946,7 min,"Animation, Short, Comedy",Jack Hannah,Bill Peet (story),Pinto Colvig,English,USA,,,7.0,488
A Ring of Endless Light,"Based on the Novel by Madeline L'Engle. During the summer her grandfather is dying of leukemia and death seems all around, 15-year-old Vicky finds comfort with the pod of dolphins with ...",TV-G,2002,23 Aug 2002,88 min,"Drama, Family, Romance",Greg Beeman,"Madeleine L'Engle (novel), Marita Giovanni (teleplay), Bruce Graham (teleplay)","Mischa Barton, Ryan Merriman, Jared Padalecki, Scarlett Pomers",English,USA,2 wins & 1 nomination.,,6.1,1042
A Tale of Two Critters,"A bear cub and a raccoon become fast friends when they're swept away down a river, away from their families.",G,1977,22 Jun 1977,48 min,"Adventure, Family",Jack Speirs,Jack Speirs,Mayf Nutter,English,USA,,,7.1,59
A Wrinkle in Time,"After the disappearance of her scientist father, three peculiar beings send Meg, her brother, and her friend to space in order to find him.",PG,2018,09 Mar 2018,109 min,"Adventure, Family, Fantasy, Sci-Fi",Ava DuVernay,"Jennifer Lee (screenplay by), Jeff Stockwell (screenplay by), Madeleine L'Engle (based upon the novel by)","Storm Reid, Oprah Winfrey, Reese Witherspoon, Mindy Kaling",English,USA,5 wins & 15 nominations.,53.0,4.2,38659
Aladdin,A kind-hearted street urchin and a power-hungry Grand Vizier vie for a magic lamp that has the power to make their deepest wishes come true.,PG,2019,24 May 2019,128 min,"Adventure, Family, Fantasy, Musical, Romance",Guy Ritchie,"John August (screenplay by), Guy Ritchie (screenplay by)","Will Smith, Mena Massoud, Naomi Scott, Marwan Kenzari","English, Arabic",USA,7 wins & 32 nominations.,53.0,7.0,204537
Aladdin,A kindhearted street urchin and a power-hungry Grand Vizier vie for a magic lamp that has the power to make their deepest wishes come true.,G,1992,25 Nov 1992,90 min,"Animation, Adventure, Comedy, Family, Fantasy, Musical, Romance","Ron Clements, John Musker","Ron Clements (screenplay by), John Musker (screenplay by), Ted Elliott (screenplay by), Terry Rossio (screenplay by), Burny Mattinson (story), Roger Allers (story), Daan Jippes (story), Kevin Harkey (story), Sue C. Nichols (story), Francis Glebas (story), Darrell Rooney (story), Larry Leker (story), James Fujii (story), Kirk Hanson (story), Kevin Lima (story), Rebecca Rees (story), David S. Smith (story), Chris Sanders (story), Brian Pimental (story), Patrick A. Ventura (story)","Scott Weinger, Robin Williams, Linda Larkin, Jonathan Freeman",English,USA,Won 2 Oscars. Another 31 wins & 22 nominations.,86.0,8.0,356283
Aladdin and the King of Thieves,"The King of Thieves disrupts Aladdin and Jasmine's long-anticipated wedding, looking for an oracle that will lead him to an even bigger treasure. His true identity causes trouble for Aladdin.",Not Rated,1996,13 Aug 1996,81 min,"Animation, Adventure, Comedy, Family, Fantasy, Musical, Romance",Tad Stones,"Mark McCorkle (screenplay by), Robert Schooley (screenplay)","Val Bettin, Jim Cummings, Gilbert Gottfried, Linda Larkin",English,USA,2 wins & 1 nomination.,,6.4,31603
Aladdin and the Return of Jafar,"Jafar comes for revenge on Aladdin, using a foolish thief and Iago's treachery to find a way back into power.",G,1994,20 May 1994,69 min,"Animation, Adventure, Comedy, Family, Fantasy, Musical, Romance","Toby Shelton, Tad Stones, Alan Zaslove","Duane Capizzi (story), Doug Langdale (story), Mark McCorkle (story), Robert Schooley (story), Tad Stones (story), Kevin Campbell, Mirith J. Colao, Bill Motz, Steve Roberts, Dev Ross, Bob Roth, Jan Strnad, Brian Swenlin","Jason Alexander, Jonathan Freeman, Jeff Bennett, Gilbert Gottfried",English,USA,1 nomination.,,5.9,25623
Alice in Wonderland,Alice stumbles into the world of Wonderland. Will she get home? Not if the Queen of Hearts has her way.,G,1951,14 Sep 1951,75 min,"Animation, Adventure, Family, Fantasy, Musical","Clyde Geronimi, Wilfred Jackson, Hamilton Luske","Lewis Carroll (adaptation), Winston Hibler (story), Ted Sears (story), Bill Peet (story), Erdman Penner (story), Joe Rinaldi (story), Milt Banta (story), William Cottrell (story), Dick Kelsey (story), Joe Grant (story), Dick Huemer (story), Del Connell (story), Tom Oreb (story), John Walbridge (story)","Kathryn Beaumont, Ed Wynn, Richard Haydn, Sterling Holloway",English,USA,Nominated for 1 Oscar. Another 1 nomination.,68.0,7.4,123377
Alice in Wonderland,"Nineteen-year-old Alice returns to the magical world from her childhood adventure, where she reunites with her old friends and learns of her true destiny: to end the Red Queen's reign of terror.",PG,2010,05 Mar 2010,108 min,"Adventure, Family, Fantasy",Tim Burton,"Linda Woolverton (screenplay), Lewis Carroll (books)","Johnny Depp, Mia Wasikowska, Helena Bonham Carter, Anne Hathaway",English,USA,Won 2 Oscars. Another 33 wins & 63 nominations.,53.0,6.4,371772
Aliens of the Deep,"James Cameron teams up with NASA scientists to explore the Mid-Ocean Ridge, a submerged chain of mountains that band the Earth and are home to some of the planet's most unique life forms.",G,2005,25 Aug 2005,100 min,"Documentary, Family","James Cameron, Steven Quale",,"Anatoly M. Sagalevitch, Genya Chernaiev, Victor Nischeta, Pamela Conrad",English,USA,,71.0,6.4,2586
All in a Nutshell,Donald Duck battles with those mischievous chipmunks Chip and Dale who are intent on raiding his nut butter shop.,Approved,1949,02 Sep 1949,7 min,"Family, Comedy, Animation, Short",Jack Hannah,"Bill Berg (story), Nick George (story)","Dessie Flynn, James MacDonald, Clarence Nash",English,USA,,,7.6,572
Alley Cats Strike,A group of hip retro teenage outsiders become involved in an interschool bowling rivalry.,TV-G,2000,18 Mar 2000,103 min,"Drama, Family, Sport",Rod Daniel,Gregory K. Pincus,"Kyle Schmid, Robert Ri'chard, Kaley Cuoco, Mimi Paley",English,"USA, Canada",1 nomination.,,6.2,1840
Almost Angels,"Supported avidly by his mother and more reluctantly at first by his father, a working-class Austrian boy joins the Vienna Choirboys, where he proves to be unusually talented. The standard ...",Not Rated,1962,26 Sep 1962,93 min,"Comedy, Family, Music",Steve Previn,"Vernon Harris, Robert A. Stemmle (original story)","Vincent Winter, Sean Scully, Peter Weck, Hans Holt",English,USA,,,7.1,309
America's Heart & Soul,Filmmaker Louis Schwartzberg hits the road to capture America's people and its natural beauty.,PG,2004,02 Jul 2004,84 min,Documentary,Louie Schwartzberg,,"George Woodard, Charles Jimmie Sr., The Vasquez Brothers, Frank Pino",English,USA,1 win & 1 nomination.,55.0,4.8,557
Amy,A woman leaves her husband after the death of her child to teach deaf children how to speak. Her own child was deaf and although she has no formal training she successfully teaches one boy.,G,1981,20 Mar 1981,100 min,"Family, Drama",Vincent McEveety,Noreen Stone,"Jenny Agutter, Barry Newman, Kathleen Nolan, Chris Robinson","English, American Sign Language",USA,2 nominations.,,6.6,236
An Extremely Goofy Movie,"Max goes to college, but to his embarassment his father loses his job and goes to his son's campus.",G,2000,29 Feb 2000,79 min,"Animation, Comedy, Family, Sport",Douglas McCarthy,"Scott Spencer Gorden (screenplay), Hillary Carlip (additional screenplay material)","Bill Farmer, Jason Marsden, Jeff Bennett, Jim Cummings",English,"USA, Australia",2 wins & 1 nomination.,,6.4,9244
Annie,"A little orphan girl catches the attention of a kind man named Mr. Warbucks, who wants to adopt her, but the cruel, strict orphanage owner has a scheme to keep Annie - and her reward money.",UNRATED,1999,07 Nov 1999,90 min,"Family, Comedy, Musical",Rob Marshall,"Irene Mecchi (teleplay), Thomas Meehan (book), Martin Charnin (lyrics)","Kathy Bates, Victor Garber, Alan Cumming, Audra McDonald",English,USA,Nominated for 1 Golden Globe. Another 9 wins & 23 nominations.,,6.7,4380
Apollo: Missions to the Moon,"In the late 1960s, the United States space program neared its goal of landing a man on the Moon, but it was a journey that began years before. This is the story of Project Apollo - 12 years...",Not Rated,2019,07 Jul 2019,94 min,History,Tom Jennings,Tom Jennings (Writer),"Buzz Aldrin, Bill Anders, Neil Armstrong, Frank Borman",English,USA,4 nominations.,,7.7,130
Around the World in 80 Days,"To win a bet, an eccentric British inventor, beside his Chinese valet and an aspiring French artist, embarks on a trip full of adventures and dangers around the world in exactly eighty days.",PG,2004,16 Jun 2004,120 min,"Action, Adventure, Comedy, Family, Western",Frank Coraci,"Jules Verne (novel), David N. Titcher (screenplay), David Benullo (screenplay), David Andrew Goldstein (screenplay)","Jackie Chan, Steve Coogan, Cécile de France, Robert Fyfe","English, Cantonese, French, German, Hindi, Turkish","USA, Germany, Ireland, UK",2 wins & 2 nominations.,49.0,5.9,82011
Atlantis Rising,Hollywood legend James Cameron and filmmaker Simcha Jacobovici go on an adventure to find the lost city of Atlantis by using Greek philosopher Plato as a virtual treasure map.,,2017,29 Jan 2017,93 min,"Documentary, Adventure, Mystery",Simcha Jacobovici,"Georgeos Díaz-Montexano (story advisor), Simcha Jacobovici","James Cameron, Georgeos Díaz-Montexano, Peter Ellul Vincenti, Richard Freund",English,Canada,,,6.8,178
Atlantis: Milo's Return,Milo and Kida reunite with their friends to investigate strange occurances around the world that seem to have links to the secrets of Atlantis.,G,2003,20 May 2003,70 min,"Animation, Action, Adventure, Comedy, Drama, Family, Fantasy, Sci-Fi","Victor Cook, Toby Shelton, Tad Stones","Thomas Hart (screenplay), Henry Gilroy (screenplay), Kevin Hopps (screenplay), Tad Stones (screenplay), Steve Englehart (screenplay), Marty Isenberg (screenplay)","James Arnold Taylor, Cree Summer, John Mahoney, Jacqueline Obradors","Norwegian, English",USA,1 nomination.,,5.1,7621
Atlantis: The Lost Empire,A young adventurer named Milo Thatch joins an intrepid group of explorers to find the mysterious lost continent of Atlantis.,PG,2001,22 Jun 2001,95 min,"Animation, Action, Adventure, Family, Fantasy, Sci-Fi","Gary Trousdale, Kirk Wise","Tab Murphy (screenplay by), Kirk Wise (story by), Gary Trousdale (story by), Joss Whedon (story by), Bryce Zabel (story by), Jackie Zabel (story by), Tab Murphy (story by), David Reynolds (additional screenplay material)","Corey Burton, Claudia Christian, Michael J. Fox, James Garner","English, French, Spanish",USA,2 wins & 14 nominations.,52.0,6.9,98258
Auntie Edna,"Edna babysits Jack-Jack, who uses his powers.",,2018,06 Nov 2018,5 min,"Animation, Short, Action, Adventure, Comedy, Family",Ted Mathot,Ted Mathot,"Brad Bird, Craig T. Nelson, Eli Fucile, Maeve Andrews",English,USA,,,7.1,1019
Avatar,A paraplegic Marine dispatched to the moon Pandora on a unique mission becomes torn between following his orders and protecting the world he feels is his home.,PG-13,2009,18 Dec 2009,162 min,"Action, Adventure, Fantasy, Sci-Fi",James Cameron,James Cameron,"Sam Worthington, Zoe Saldana, Sigourney Weaver, Stephen Lang","English, Spanish",USA,Won 3 Oscars. Another 86 wins & 129 nominations.,83.0,7.8,1086714
Babes in the Woods,Two Dutch children stumble on a clearing in the woods where gnomes are going about their business. The gnomes are friendly to the children. A witch comes and takes them away on her broom to...,Approved,1932,19 Nov 1932,8 min,"Family, Animation, Short, Comedy",Burt Gillett,,"Pinto Colvig, Lucille La Verne",English,USA,,,6.8,799
Babes in Toyland,"All roads lead to magical, merry Toyland as Mary Contrary and Tom Piper prepare for their wedding. But villainous Barnaby wants Mary for himself, so he kidnaps Tom, setting off a series of comic chases, searches, and double-crosses.",Approved,1961,14 Dec 1961,106 min,"Comedy, Family, Fantasy, Musical, Romance",Jack Donohue,"Victor Herbert (operetta), Glen MacDonough (operetta), Ward Kimball (screenplay), Joe Rinaldi (screenplay), Lowell S. Hawley (screenplay), Anna Alice Chapin (libretto)","Ray Bolger, Tommy Sands, Annette Funicello, Ed Wynn",English,USA,Nominated for 2 Oscars. Another 1 win & 4 nominations.,55.0,6.3,3228
Bambi,The story of a young deer growing up in the forest.,G,1942,21 Aug 1942,70 min,"Animation, Drama, Family","James Algar, Samuel Armstrong, David Hand, Graham Heid, Bill Roberts, Paul Satterfield, Norman Wright, Arthur Davis, Clyde Geronimi","Felix Salten (from the story by), Perce Pearce (story direction), Larry Morey (story adaptation), Vernon Stallings (story development), Mel Shaw (story development), Carl Fallberg (story development), Chuck Couch (story development), Ralph Wright (story development)","Hardie Albright, Stan Alexander, Bobette Audrey, Peter Behn",English,USA,Nominated for 3 Oscars. Another 6 wins & 3 nominations.,91.0,7.3,125824
Bambi and the Great Prince of the Forest,"The story of Bambi growing up in the care of his father, The Great Prince of the Forest.",G,2006,07 Feb 2006,75 min,"Animation, Adventure, Drama, Family, Romance",Brian Pimental,"Brian Pimental (story), Jeanne Rosenberg (story), Alicia Kirk (screenplay), Felix Salten (book), Nick Thiel (additional screenplay material), Roger S.H. Schulman (additional screenplay material), Ben Gluck (head of story)","Patrick Stewart, Alexander Gould, Keith Ferguson, Brendon Baerg",English,USA,1 win & 1 nomination.,,6.1,8741
Bao,A Chinese-Canadian woman suffering from empty nest syndrome gets a second shot at motherhood when one of her handmade dumplings comes alive.,G,2018,15 Jun 2018,8 min,"Animation, Short, Family, Fantasy",Domee Shi,Domee Shi,"Sindy Lau, Daniel Kai Lin, Sharmaine Yeoh, Tim Zhang","Chinese, English","USA, Canada",Won 1 Oscar. Another 4 nominations.,,7.5,19660
Beach Picnic,Donald Duck is at the beach and tries to ride a rubber horse. He notices Pluto sleeping at the shore and decides to have some fun with him by sending the rubber horse over to Pluto which ...,Approved,1939,09 Jun 1939,8 min,"Animation, Family, Comedy, Short",Clyde Geronimi,,"Lee Millar, Clarence Nash",English,USA,,,6.7,675
Bearly Asleep,"Park ranger Donald sends his bears off to hibernate, but Humphrey would rather stay in his hammock, run out for a glass of water, etc., than sleep; when he does get to sleep, his snoring ...",,1955,19 Aug 1955,8 min,"Animation, Short, Comedy",Jack Hannah,"Al Bertino (story), David Detiege (story)","James MacDonald, Clarence Nash",English,USA,,,7.6,254
Beauty and the Beast,A prince cursed to spend his days as a hideous monster sets out to regain his humanity by earning a young woman's love.,G,1991,22 Nov 1991,84 min,"Animation, Family, Fantasy, Musical, Romance","Gary Trousdale, Kirk Wise","Linda Woolverton (animation screenplay by), Brenda Chapman (story by), Chris Sanders (story by), Burny Mattinson (story by), Kevin Harkey (story by), Brian Pimental (story by), Bruce Woodside (story by), Joe Ranft (story by), Tom Ellery (story by), Kelly Asbury (story by), Robert Lence (story by)","Robby Benson, Jesse Corti, Rex Everhart, Angela Lansbury","English, French",USA,Won 2 Oscars. Another 27 wins & 34 nominations.,95.0,8.0,404632
Belle's Magical World,"Beauty and the Beast ""midquel"" set during Belle's original stay at the Beast's castle and composed of three short stories (four in the DVD release) that suitably teach both kids and adults to forgive, love, and be kind to one another.",G,1998,16 Feb 1998,92 min,"Animation, Comedy, Family, Fantasy, Musical, Romance","Bob Kline, Cullen Blaine, Dale Case, Daniel de la Vega, Barbara Dourmaskin-Case, Rick Leon, Burt Medall, Mitch Rochon","Richard Cray, Alice Brown, Carter Crocker, Nancy Greystone, Richard Cray, Chip Hand (story), Carter Crocker, Sheree Guitar","Jeff Bennett, Robby Benson, Paige O'Hara, Jim Cummings",English,USA,3 nominations.,,5.4,2425
Beauty and the Beast: The Enchanted Christmas,"Astonished to find the Beast (Robbie Benson) has a deep-seeded hatred for the Christmas season, Belle (Paige O'Hara) endeavors to change his mind on the matter.",G,1997,11 Nov 1997,72 min,"Animation, Family, Fantasy, Music, Musical",Andrew Knight,"Flip Kobler, Cindy Marcus, Bill Motz, Bob Roth, Carter Crocker, Karl Geurs","Paige O'Hara, Robby Benson, Jerry Orbach, David Ogden Stiers",English,"Canada, USA",2 wins & 6 nominations.,,6.1,8603
Because of Winn-Dixie,A mischievous dog befriends a lonely young girl in a new town and helps her make new friends.,PG,2005,18 Feb 2005,106 min,"Comedy, Drama, Family",Wayne Wang,"Kate DiCamillo (novel), Joan Singleton (screenplay)","AnnaSophia Robb, Jeff Daniels, Cicely Tyson, Dave Matthews",English,USA,2 nominations.,54.0,6.3,10040
Bedknobs and Broomsticks,"An apprentice witch, three kids and a cynical magician conman search for the missing component to a magic spell to be used in the defense of Britain in World War II.",G,1971,13 Dec 1971,117 min,"Animation, Adventure, Comedy, Family, Fantasy, Musical","Robert Stevenson, Ward Kimball","Ralph Wright (animation story), Ted Berman (animation story), Bill Walsh (screenplay), Don DaGradi (screenplay), Mary Norton (book)","Angela Lansbury, David Tomlinson, Roddy McDowall, Sam Jaffe","English, German",USA,Won 1 Oscar. Another 1 win & 5 nominations.,59.0,7.1,32823
Bedtime Stories,A hotel handyman's life changes when the lavish bedtime stories he tells his niece and nephew start to magically come true.,PG,2008,25 Dec 2008,99 min,"Comedy, Family, Fantasy, Romance",Adam Shankman,"Matt Lopez (screenplay), Tim Herlihy (screenplay), Matt Lopez (story)","Adam Sandler, Keri Russell, Guy Pearce, Russell Brand",English,USA,3 wins & 5 nominations.,33.0,6.0,85524
Beezy Bear,"Beekeeper Donald catches Humphrey the bear raiding his hives. He complains to Ranger Woodlore, who assembles his bears and lectures them. Donald puts up a barbed wire fence, which slows ...",,1955,02 Sep 1955,7 min,"Animation, Comedy, Family",Jack Hannah,"David Detiege (story), Al Bertino (story)","James MacDonald, Clarence Nash, Bill Thompson",English,USA,,,7.4,269
Before the Flood,"A look at how climate change affects our environment and what society can do to prevent the demise of endangered species, ecosystems and native communities across the planet.",PG,2016,30 Oct 2016,96 min,Documentary,Fisher Stevens,Mark Monroe,"Leonardo DiCaprio, Ki-moon Ban, Alejandro G. Iñárritu, Mike Brune",English,USA,2 wins & 7 nominations.,63.0,8.3,25171
Benji the Hunted,Benji is left in the wilderness after an accident. Can he survive?,G,1987,19 Jun 1987,88 min,"Adventure, Family",Joe Camp,Joe Camp,"Benji, Frank Inn, Red Steagall, Nancy Francis",English,USA,1 win & 1 nomination.,53.0,6.3,2629
Big Business,Two couples of sisters from New York and from the countryside discover that they are connected in an incredible way.,PG,1988,10 Jun 1988,97 min,Comedy,Jim Abrahams,"Dori Pierson, Marc Reid Rubel","Bette Midler, Lily Tomlin, Fred Ward, Edward Herrmann","English, Italian",USA,1 win & 1 nomination.,53.0,6.4,11575
Big Hero 6,"The special bond that develops between plus-sized inflatable robot Baymax, and prodigy Hiro Hamada, who team up with a group of friends to form a band of high-tech heroes.",PG,2014,07 Nov 2014,102 min,"Animation, Action, Adventure, Family, Sci-Fi","Don Hall, Chris Williams","Jordan Roberts (screenplay by), Robert L. Baird (screenplay by), Daniel Gerson (screenplay by), Man of Action (Big Hero 6 team and characters created by), Steven T. Seagle (characters), Duncan Rouleau (characters)","Scott Adsit, Ryan Potter, Daniel Henney, T.J. Miller",English,USA,Won 1 Oscar. Another 16 wins & 58 nominations.,74.0,7.8,393016
Bizarre Dinosaurs,"As dinosaurs grew into the behemoths of the Cretaceous period they evolved many extraordinary but apparently useless features including spikes, sails horns, crests and the tiny ""arms"" of ...",,2009,11 Oct 2009,,Documentary,Jenny Kubo,Eleanor Grant,"Jack Horner, Paul Sereno, Gregory Erickson, Lawrence Witmer",English,USA,,,6.6,47
Blackbeard's Ghost,"On the Carolina coast, Godolphin College's new track coach lodges at Blackbeard's Inn, run by the Daughters of the Buccaneers, who claim to be descendants of the notorious pirate, and who risk losing their hotel to the local mobster.",Approved,1968,08 Feb 1968,106 min,"Comedy, Family, Fantasy",Robert Stevenson,"Bill Walsh (screenplay), Don DaGradi (screenplay), Ben Stahl (book)","Peter Ustinov, Dean Jones, Suzanne Pleshette, Elsa Lanchester",English,USA,,71.0,6.9,4913
Blank Check,"A young boy inadvertently gains possession of a check for $1 million and proceeds to spend it, unaware that the gangsters to whom it belongs are in pursuit.",PG,1994,11 Feb 1994,93 min,"Comedy, Crime, Family",Rupert Wainwright,"Blake Snyder, Colby Carr","Brian Bonsall, Karen Duffy, James Rebhorn, Jayne Atkinson",English,USA,,42.0,5.3,18277
Boat Builders,"Mickey, Donald, and Goofy build a boat, but find it's harder than they had anticipated.",,1938,25 Feb 1938,7 min,"Animation, Comedy, Family, Short",Ben Sharpsteen,,"Pinto Colvig, Walt Disney, Marcellite Garner, Clarence Nash",English,USA,,,7.3,993
Bolt,The canine star of a fictional sci-fi/action show that believes his powers are real embarks on a cross country trek to save his co-star from a threat he believes is just as real.,PG,2008,21 Nov 2008,96 min,"Animation, Adventure, Comedy, Drama, Family","Byron Howard, Chris Williams","Dan Fogelman (screenplay by), Chris Williams (screenplay by)","John Travolta, Miley Cyrus, Susie Essman, Mark Walton",English,USA,Nominated for 1 Oscar. Another 1 win & 31 nominations.,67.0,6.8,182591
Boundin',"A sheep dances proudly in his southwestern landscape, until one day his wool is sheared and he is left naked. He's depressed and shy, until a cheerful jackalope comes along and shows him how to leap proudly and not to be ashamed.",G,2003,05 Nov 2004,5 min,"Animation, Short, Comedy, Family, Musical","Bud Luckey, Roger Gould(co-director)",Bud Luckey,Bud Luckey,English,USA,Nominated for 1 Oscar. Another 1 win.,,7.0,12312
Brave,"Determined to make her own path in life, Princess Merida (Kelly Macdonald) defies a custom that brings chaos to her kingdom. Granted one wish, Merida must rely on her bravery and her archery skills to undo a beastly curse.",PG,2012,22 Jun 2012,93 min,"Animation, Adventure, Comedy, Family, Fantasy","Mark Andrews, Brenda Chapman, Steve Purcell(co-director)","Brenda Chapman (story by), Mark Andrews (screenplay by), Steve Purcell (screenplay by), Brenda Chapman (screenplay by), Irene Mecchi (screenplay by)","Kelly Macdonald, Billy Connolly, Emma Thompson, Julie Walters",English,"USA, UK",Won 1 Oscar. Another 19 wins & 48 nominations.,69.0,7.1,357239
The Brave Little Toaster to the Rescue,The Brave Little Toaster and friends must rescue the animals at a veterinary hospital from being sent to a testing laboratory.,Not Rated,1997,24 May 1999,74 min,"Animation, Adventure, Family, Fantasy","Robert C. Ramirez, Patrick A. Ventura","Thomas M. Disch (based on characters created by), Jerry Rees (additional characters), Joe Ranft (additional characters), Willard Carroll (story by), Willard Carroll (screenplay by)","Jessica Tuck, Chris Young, Roger Kabler, Deanna Oliver","Chinese, Mandarin, Japanese, Korean, French, English",USA,,,6.3,1201
Breaking2,"After six months of scientifically advanced training, three of the world's most elite distance runners set out to break the two-hour marathon barrier. These pioneers go on a global trek to ...",,2017,20 Sep 2017,55 min,Documentary,Martin Desmond Roe,,,English,USA,,,7.5,42
Brink!,"Andy ""Brink"" Brinker and his in-line skating crew--Peter, Jordy, and Gabriella--who call themselves ""Soul-Skaters"" (which means they skate for the fun of it, and not for the money), clash ...",TV-G,1998,29 Aug 1998,99 min,"Drama, Family, Sport",Greg Beeman,Jeff Schechter,"Erik von Detten, Sam Horrigan, Christina Vidal, Robin Riker",English,USA,1 nomination.,,7.1,5328
Brother Bear,"When a young Inuit hunter needlessly kills a bear, he is magically changed into a bear himself as punishment with a talkative cub being his only guide to changing back.",G,2003,07 Nov 2003,85 min,"Animation, Adventure, Comedy, Family, Fantasy","Aaron Blaise, Robert Walker","Tab Murphy (screenplay by), Lorne Cameron (screenplay by), David Hoselton (screenplay by), Steve Bencich (screenplay by), Ron J. Friedman (screenplay by), Stephen J. Anderson (story supervisor), Stevie Wermers (story), Kevin Deters (story), Woody Woodman (story), Thom Enriquez (story), Kevin Harkey (story), Broose Johnson (story), John Norton (story), John Puglisi (story), Tim Hodge (additional story), Tom LaBaff (additional story), Ray Shenusay (additional story), Brian Pimental (additional story), Jim Story (additional story), Don Dougherty (additional story), Don Hall (additional story), Samuel Levine (additional story), Aurian Redson (additional story), Chris Williams (additional story), Jeff Hand (additional story material), Sam Levine (additional story material)","Joaquin Phoenix, Jeremy Suarez, Jason Raize, Rick Moranis","English, Inuktitut, Croatian, Serbian",USA,Nominated for 1 Oscar. Another 2 wins & 21 nominations.,48.0,6.8,92453
Brother Bear 2,"An old female friend of Kenai needs his help on a quest, much to Koda's growing consternation.",G,2006,29 Aug 2006,74 min,"Animation, Adventure, Comedy, Family, Fantasy",Ben Gluck,"Rich Burns (screenplay), Ben Gluck (additional screenplay)","Patrick Dempsey, Mandy Moore, Jeremy Suarez, Rick Moranis",English,USA,2 nominations.,,6.2,13878
Buffalo Dreams,"Schoolboy Josh Townsend has to move again with his father, astrophysics researcher Dr. Nick Townsend, to a New Mexico small town. To escape the copy-boy job dad arranged, Josh volunteers ...",G,2005,11 Mar 2005,89 min,Family,David Jackson,Marjorie Schwartz Nielsen,"Simon Baker, Duy Beck, Roy J. Cohoe, Tatiana Galindo",English,USA,3 nominations.,,5.8,436
Burn-E,"If BURN-E (a welding robot) had known how much trouble he'd be caused by WALL-E's pursuit of EVE, then he'd have taken the day off.",G,2008,18 Nov 2008,8 min,"Animation, Short, Adventure, Comedy, Family, Sci-Fi",Angus MacLane,"Angus MacLane (story), Andrew Stanton (story), Derek Thompson (story), Stephen King (characters), Brandon Onstott (characters), Jacob Speirs (characters), Raymond Wong (characters)","Angus MacLane, Tessa Swigart",English,USA,,,7.7,9708
Cadet Kelly,A fashion-conscious youngster is horrified when she is forced to move to military school.,TV-G,2002,08 Mar 2002,101 min,"Comedy, Drama, Family",Larry Shaw,"Gail Parent, Michael Walsh","Hilary Duff, Christy Carlson Romano, Gary Cole, Shawn Ashmore",English,"USA, Canada",,,5.5,12570
Camp Nowhere,"A group of junior high kids don't want to go to summer camps chosen by their parents. They make their own adult-free camp and ""hire"" an ex drama teacher to help.",PG,1994,26 Aug 1994,96 min,"Adventure, Comedy, Family",Jonathan Prince,"Andrew Kurtzman, Eliot Wald","John Putch, Peter Scolari, Romy Windsor, Jonathan Jackson",English,USA,,,6.1,8448
Camp Rock,"At a music camp for gifted teens, a popular teen idol overhears a girl singing and sets out to find who the talented voice belongs to. What he doesn't know is that the girl is actually a camp kitchen worker with a fear of being heard.",TV-G,2008,20 Jun 2008,94 min,"Comedy, Family, Music, Musical, Romance",Matthew Diamond,"Karin Gist, Regina Y. Hicks, Julie Brown, Paul Brown","Demi Lovato, Joe Jonas, Meaghan Martin, Maria Canals-Barrera","English, Portuguese",USA,2 wins & 7 nominations.,,5.2,28782
Camp Rock 2: The Final Jam,"Mitchie is back with her friends at Camp Rock, ready to perform music, dance and have a good time. Her ""boyfriend"" is there as well. A new camp has opened across the lake, creating an atmosphere of competition or feud.",TV-G,2010,03 Sep 2010,97 min,"Comedy, Family, Music, Musical, Romance",Paul Hoen,"Dan Berendsen, Karin Gist, Regina Y. Hicks, Karin Gist (characters), Regina Y. Hicks (characters), Julie Brown (characters), Paul Brown (characters)","Demi Lovato, Joe Jonas, Nick Jonas, Kevin Jonas",English,USA,2 wins & 3 nominations.,,5.2,15387
Can of Worms,A teen is visited by aliens after he broadcasts a message into space.,TV-PG,1999,10 Apr 1999,90 min,"Comedy, Family, Sci-Fi",Paul Schneider,"Kathy Mackel (teleplay), Kathy Mackel (based on the book by)","Michael Shulman, Erika Christensen, Adam Wylie, Andrew Ducote",English,"USA, Canada",,,5.0,756
Candleshoe,"Small-time crook Harry Bundage discovers that the old manor house where Lady St. Edmund resides, with three orphans and her butler Priory is the resting place for a hoard of treasure. ...",G,1977,16 Dec 1977,101 min,"Adventure, Comedy, Drama, Family",Norman Tokar,"David Swift (screenplay), Rosemary Anne Sisson (screenplay), Michael Innes (book)","David Niven, Helen Hayes, Jodie Foster, Leo McKern",English,"UK, USA",,68.0,6.8,3479
Canine Caddy,"Mickey's going golfing, and Pluto is his caddy. Besides the usual caddy duties, Pluto runs to the ball and points to it. But when the ball lands in a gopher hole, Pluto's got another task: ...",,1941,30 May 1941,7 min,"Animation, Short, Comedy",Clyde Geronimi,,Pinto Colvig,English,USA,,,6.7,269
Cars,"A hot-shot race-car named Lightning McQueen gets waylaid in Radiator Springs, where he finds the true meaning of friendship and family.",G,2006,09 Jun 2006,117 min,"Animation, Comedy, Family, Sport","John Lasseter, Joe Ranft(co-director)","John Lasseter (original story by), Joe Ranft (original story by), Jorgen Klubien (original story by), Dan Fogelman (screenplay by), John Lasseter (screenplay by), Joe Ranft (screenplay by), Kiel Murray (screenplay by), Phil Lorin (screenplay by), Jorgen Klubien (screenplay by)","Owen Wilson, Paul Newman, Bonnie Hunt, Larry the Cable Guy","English, Italian, Japanese, Yiddish",USA,Nominated for 2 Oscars. Another 28 wins & 32 nominations.,73.0,7.1,349674
Cars 2,Star race car Lightning McQueen and his pal Mater head overseas to compete in the World Grand Prix race. But the road to the championship becomes rocky as Mater gets caught up in an intriguing adventure of his own: international espionage.,G,2011,24 Jun 2011,106 min,"Animation, Adventure, Comedy, Family, Sport","John Lasseter, Bradford Lewis(co-director)","John Lasseter (original story by), Bradford Lewis (original story by), Dan Fogelman (original story by), Ben Queen (screenplay by)","Larry the Cable Guy, Owen Wilson, Michael Caine, Emily Mortimer","English, Japanese, Italian, French",USA,Nominated for 1 Golden Globe. Another 1 win & 18 nominations.,57.0,6.1,150876
Cars 3,Lightning McQueen sets out to prove to a new generation of racers that he's still the best race car in the world.,G,2017,16 Jun 2017,102 min,"Animation, Adventure, Comedy, Family, Sport",Brian Fee,"Brian Fee (original story by), Ben Queen (original story by), Eyal Podell (original story by), Jonathon E. Stewart (original story by), Kiel Murray (screenplay by), Bob Peterson (screenplay by), Mike Rich (screenplay by)","Owen Wilson, Cristela Alonzo, Chris Cooper, Nathan Fillion",English,USA,1 win & 23 nominations.,59.0,6.7,68243
Tokyo Mater,"A routine tow lands Mater in Tokyo, where he is challenged to a drift-style race against a nefarious gang leader and his posse of ninjas. With the help of his friend, ""Dragon"" Lightning McQueen, and some special modifications, Mater attempts to drift to victory and become ""Tow-ke-O Mater, King of all Drifters"".",G,2008,12 Dec 2008,7 min,"Animation, Short, Action, Adventure, Comedy, Family","John Lasseter, Rob Gibbs(co-director), Victor Navone(co-director)","Rob Gibbs (story), John Lasseter (story), Scott Morse (story)","Larry the Cable Guy, Keith Ferguson, Michael Wallis, Mach Tony Kobayashi",English,USA,,,6.6,1432
Cheaper by the Dozen,"With his wife doing a book tour, a father of twelve must handle a new job and his unstable brood.",PG,2003,25 Dec 2003,98 min,"Comedy, Family",Shawn Levy,"Frank B. Gilbreth Jr. (novel), Ernestine Gilbreth Carey (novel), Craig Titley (screen story), Sam Harper (screenplay), Joel Cohen (screenplay), Alec Sokolow (screenplay)","Steve Martin, Bonnie Hunt, Piper Perabo, Tom Welling",English,USA,2 wins & 7 nominations.,46.0,5.9,90580
Cheetah,"An American boy and girl, spending six months in Kenya with their scientist parents adopt a cheetah, only to realize that they must set it loose so that it can learn to hunt and be free. ...",G,1989,18 Aug 1989,83 min,"Adventure, Family",Jeff Blyth,"Alan Caillou (book), John Cotter (screen story), Erik Tarloff (screenplay), John Cotter (screenplay), Griff Du Rhone (screenplay)","Keith Coogan, Lucy Deakins, Colin Mothupi, Timothy Landfield",English,USA,1 nomination.,,6.1,801
Chef Donald,Donald is listening to a radio cooking program while mixing up a batch of waffles. But he's distracted and uses rubber cement instead of baking powder.,Approved,1941,05 Dec 1941,7 min,"Animation, Short, Comedy, Family",Jack King,,"Clarence Nash, Sarah Selby",English,USA,,,7.3,764
Chicken Little,"After ruining his reputation with the town, a courageous chicken must come to the rescue of his fellow citizens when aliens start an invasion.",G,2005,04 Nov 2005,81 min,"Animation, Adventure, Comedy, Family, Fantasy, Sci-Fi",Mark Dindal,"Mark Dindal (story by), Mark Kennedy (story by), Steve Bencich (screenplay by), Ron J. Friedman (screenplay by), Ron Anderson (screenplay by)","Zach Braff, Garry Marshall, Don Knotts, Patrick Stewart",English,USA,4 wins & 15 nominations.,48.0,5.7,82825
Chip an' Dale,"Donald needs a log for his fire. Unfortunately, the one he picks is occupied by a couple of chipmunks and their stash of acorns. When he cuts it down, Chip and Dale fall out, but their ...",Approved,1947,28 Nov 1947,7 min,"Animation, Short, Comedy, Family",Jack Hannah,"Dick Kinney, Bob North","Dessie Flynn, James MacDonald, Clarence Nash",English,USA,,,7.4,1223
Cinderella,"When Cinderella's cruel stepmother prevents her from attending the Royal Ball, she gets some unexpected help from the lovable mice Gus and Jaq, and from her Fairy Godmother.",G,1950,04 Mar 1950,74 min,"Animation, Family, Fantasy, Musical, Romance","Clyde Geronimi, Wilfred Jackson, Hamilton Luske","Charles Perrault (from the original classic by), Bill Peet (story), Erdman Penner (story), Ted Sears (story), Winston Hibler (story), Homer Brightman (story), Harry Reeves (story), Ken Anderson (story), Joe Rinaldi (story)","Ilene Woods, Eleanor Audley, Verna Felton, Claire Du Brey",English,USA,Nominated for 3 Oscars. Another 6 wins & 4 nominations.,85.0,7.3,139378
Cinderella 2: Dreams Come True,"Jaq and Gus create a storybook based on three events that happened after the first film. The stories include Cinderella's opposition to the court's strict etiquette, Jaq's becoming human for a day, and Anastasia's redemption through love.",G,2001,26 Feb 2002,73 min,"Animation, Family, Fantasy, Romance",John Kafka,"Jill E. Blotevogel (screenplay), Eddie Guzelian (interstitials written by), Eddie Guzelian (screenplay), Tom Rogers (screenplay), Jule Selbo (screenplay), Tom Rogers (screenplay)","Jennifer Hale, Rob Paulsen, Corey Burton, Andre Stojka",English,USA,7 nominations.,,5.0,9985
Cinderella 3: A Twist in Time,"When Lady Tremaine steals the Fairy Godmother's wand and changes history, it's up to Cinderella and her mouse friends to restore the timeline and reclaim her prince.",G,2007,06 Feb 2007,74 min,"Animation, Family, Fantasy, Musical, Romance",Frank Nissen,"Dan Berendsen (screenplay), Margaret Heidenry (screenplay), Colleen Millea Ventimilia (screenplay), Eddie Guzelian (screenplay), Steve Bencich (additional screenplay material), Ron J. Friedman (additional screenplay material), Robert Reece (additional screenplay material), Evan Spiliotopoulos (additional screenplay material)","Jennifer Hale, Christopher Daniel Barnes, Susanne Blakeslee, Tress MacNeille",English,USA,,,5.9,8691
Clock Cleaners,"Mickey, Donald, and Goofy are cleaning a large clock. Among the complications: Mickey fights a sleeping stork that doesn't want to leave, Donald gets tangled up in the main-spring, and Goofy is inside the bell when the clock strikes four.",Approved,1937,15 Oct 1937,9 min,"Animation, Short, Comedy, Family",Ben Sharpsteen,,"Walt Disney, James MacDonald, Clarence Nash, Danny Webb",English,USA,,,7.5,1987
Cloud 9,"A snowboarder takes lessons from a former champion, inspiring him to reach for the stars once again.",TV-G,2014,17 Jan 2014,85 min,"Action, Adventure, Drama, Family, Sport",Paul Hoen,Justin Ware,"Luke Benward, Dove Cameron, Mike C. Manning, Kiersey Clemons",English,USA,,,6.6,3482
Coco,"Aspiring musician Miguel, confronted with his family's ancestral ban on music, enters the Land of the Dead to find his great-great-grandfather, a legendary singer.",PG,2017,22 Nov 2017,105 min,"Animation, Adventure, Family, Fantasy, Music, Mystery","Lee Unkrich, Adrian Molina(co-director)","Lee Unkrich (original story by), Jason Katz (original story by), Matthew Aldrich (original story by), Adrian Molina (original story by), Adrian Molina (screenplay by), Matthew Aldrich (screenplay by)","Anthony Gonzalez, Gael García Bernal, Benjamin Bratt, Alanna Ubach","English, Spanish",USA,Won 2 Oscars. Another 108 wins & 36 nominations.,81.0,8.4,333411
College Road Trip,"James Porter (Martin Lawrence) drives his teenage daughter Melanie (Raven Symone), from their home in Chicago to a college interview in Washington, D.C.",G,2008,07 Mar 2008,83 min,"Adventure, Comedy, Drama, Family",Roger Kumble,"Emi Mochizuki, Carrie Lee Wilson, Cinco Paul, Ken Daurio","Martin Lawrence, Raven-Symoné, Kym Whitley, Adam LeFevre",English,USA,1 nomination.,36.0,4.3,14974
Confessions of a Teenage Drama Queen,"A teenage girl is convinced that her home city revolves around her until her family packs up and moves to the suburbs, where she finds herself competing for attention.",PG,2004,20 Feb 2004,89 min,"Comedy, Family, Music, Romance",Sara Sugarman,"Dyan Sheldon (book), Gail Parent (screenplay)","Lindsay Lohan, Adam Garcia, Glenne Headly, Alison Pill",English,"Germany, USA",1 win.,33.0,4.6,26686
Cool Runnings,"When a Jamaican sprinter is disqualified from the Olympic Games, he enlists the help of a dishonored coach to start the first Jamaican Bobsled Team.",PG,1993,01 Oct 1993,98 min,"Adventure, Comedy, Family, History, Sport",Jon Turteltaub,"Lynn Siefert (story), Michael Ritchie (story), Lynn Siefert (screenplay), Tommy Swerdlow (screenplay), Michael Goldberg (screenplay)","Leon, Doug E. Doug, Rawle D. Lewis, Malik Yoba","English, German, Russian",USA,2 wins & 2 nominations.,60.0,7.0,88123
Corn Chips,"Donald is shoveling the snow off his walk; Chip 'n' Dale are shoveling their branch. Donald tricks them into shoveling his walk. Angered, they sneak into his house, where he's getting ready...",APPROVED,1951,23 Mar 1951,7 min,"Family, Animation, Comedy",Jack Hannah,"Bill Berg (story), Nick George (story)","Dessie Flynn, James MacDonald, Clarence Nash",English,USA,,,7.4,483
Cow Belles,"In order to learn how to be responsible, two wealthy teen sisters are forced to work in the family business by their exasperated father. When company funds goes missing, it's up to the girls to save the day.",TV-G,2006,24 Mar 2006,90 min,"Comedy, Family, Romance",Francine McDougall,"Matt Dearborn (teleplay), Matt Dearborn (story), Stu Krieger (teleplay)","Aly Michalka, AJ Michalka, Jack Coleman, Sheila McCarthy",English,USA,,,5.2,5625
Dadnapped,"Melissa has a bad case of sibling rivalry, only her competition is a fictional character in her father's best-selling novel about a teenage super spy. When her father is ""dadnapped"" by a ...",TV-G,2009,16 Feb 2009,84 min,"Action, Adventure, Comedy, Crime, Family",Paul Hoen,Alan Silberberg,"Emily Osment, David Henrie, Jason Earles, Jonathan Keltz",English,USA,,,4.9,2634
Darby O'Gill and the Little People,A wily old codger matches wits with the King of the Leprechauns and helps play matchmaker for his daughter and the strapping lad who has replaced him as caretaker.,Approved,1959,22 Jun 1960,93 min,"Adventure, Family, Fantasy, Romance",Robert Stevenson,"Lawrence Edward Watkin, H.T. Kavanagh (suggested by ""Darby O'Gill"" stories)","Albert Sharpe, Janet Munro, Sean Connery, Jimmy O'Dea","English, Irish",USA,,,7.2,6664
Davy Crockett and the River Pirates,"Davy Crockett and his sidekick Georgie compete against boastful Mike Fink (""King of the River"") in a boat race to New Orleans. Later, Davy and Georgie, allied with Fink, battle a group of ...",Approved,1956,18 Jul 1956,81 min,"Adventure, Comedy, Drama, Family, Western",Norman Foster,"Thomas W. Blackburn, Norman Foster","Fess Parker, Buddy Ebsen, Jeff York, Kenneth Tobey",English,USA,,,6.8,1585
Davy Crockett: King of the Wild Frontier,"American frontiersman Davy Crockett fights in the Creek Indian War, is elected to the U.S. Congress and fights for Texas at the Alamo.",Approved,1955,25 May 1955,93 min,"Adventure, Drama, Family, Western",Norman Foster,Thomas W. Blackburn,"Fess Parker, Buddy Ebsen, Basil Ruysdael, Hans Conried","English, Spanish",USA,,,7.0,3316
Day & Night,The personifications of daytime and nighttime learn to get along.,G,2010,18 Jun 2010,6 min,"Animation, Short, Comedy, Family, Fantasy",Teddy Newton,,Wayne Dyer,English,USA,Nominated for 1 Oscar. Another 3 wins.,,8.1,16108
Decorating Disney: Holiday Magic,How does the most magical place on earth become the merriest place on earth? Whoopi Goldberg reveals Disney's holiday secrets.,,2017,18 Dec 2017,42 min,Reality-TV,,Gregory Poppen,"Whoopi Goldberg, Paul-Dean Martin",English,USA,,,7.0,40
Deep Blue,The natural history of the oceans,G,2003,29 Jan 2004,83 min,Documentary,"Andy Byatt, Alastair Fothergill",David Attenborough,"Michael Gambon, David Attenborough, Pierce Brosnan, Frank Glaubrecht",English,"UK, Germany",,71.0,7.4,2791
Descendants 2,"Mal, Evie, Carlos and Jay try to adjust to life in Auradon, but Mal becomes overwhelmed with pressure and returns to her roots.",TV-G,2017,21 Jul 2017,111 min,"Action, Adventure, Family, Fantasy, Romance",Kenny Ortega,"Sara Parriott, Josann McGibbon","Dove Cameron, Cameron Boyce, Sofia Carson, Booboo Stewart",English,USA,3 nominations.,,6.5,7218
Descendants 3,The teenagers of Disney's most infamous villains return to the Isle of the Lost to recruit a new batch of villainous offspring to join them at Auradon Prep.,TV-G,2019,02 Aug 2019,106 min,"Adventure, Family, Musical",Kenny Ortega,"Josann McGibbon, Sara Parriott","Dove Cameron, Cameron Boyce, Sofia Carson, Booboo Stewart",English,USA,2 nominations.,,6.7,4072
Destino,"To a song of love lost and rediscovered, a woman sees and undergoes surreal transformations. Her lover's face melts off, she dons a dress from the shadow of a bell and becomes a dandelion, ...",PG,2003,05 Aug 2003,7 min,"Animation, Short",Dominique Monfery,"Salvador Dalí (story), John Hench (story)","Jennifer Esposito, Dora Luz",English,"France, USA",Nominated for 1 Oscar. Another 6 wins & 1 nomination.,,7.9,3695
Diana: In Her Own Words,This documentary uses the recordings Princess Diana made for the book that was written by Andrew Morton. In this documentary Diana narrates her life and the events that surrounded her.,,2017,14 Aug 2017,112 min,"Documentary, Biography","Tom Jennings, David Tillman","Tom Jennings, David Tillman",Princess Diana,English,UK,2 wins.,,7.9,1291
Diary of a Wimpy Kid,"The adventures of a 12 year old who is fresh out of elementary and transitions to middle school, where he has to learn the consequences and responsibility to survive the year.",PG,2010,19 Mar 2010,120 min,"Comedy, Drama, Family",Thor Freudenthal,"Jackie Filgo (screenplay), Jeff Filgo (screenplay), Gabe Sachs (screenplay), Jeff Judah (screenplay), Jeff Kinney (book)","Zachary Gordon, Robert Capron, Rachael Harris, Steve Zahn","English, German","USA, UK",5 wins & 9 nominations.,56.0,6.2,40808
Dinosaur,An orphaned dinosaur raised by lemurs joins an arduous trek to a sancturary after a meteorite shower destroys his family home.,PG,2000,19 May 2000,82 min,"Animation, Adventure, Family, Thriller","Eric Leighton, Ralph Zondag","Thom Enriquez (story), John Harrison (story), Robert Nelson Jacobs (story), Ralph Zondag (story), John Harrison (screenplay), Robert Nelson Jacobs (screenplay), Walon Green (based on an earlier screenplay by), Gregory Gunter (creative development), Shirley Pierce (screenplay), Jonathan Roberts (additional story material), Rhett Reese (additional story material), Tamara Lusher (additional story)","Alfre Woodard, Ossie Davis, Max Casella, Hayden Panettiere",English,USA,4 wins & 21 nominations.,56.0,6.5,50895
Adventures in Babysitting,"Two teen rival babysitters, Jenny and Lola, team up to hunt down one of their kids who accidentally runs away into the big city without any supervision.",TV-G,2016,17 Jun 2016,105 min,"Adventure, Comedy, Family",John Schultz,"Tiffany Paulsen, David Simkins (Original Story)","Sabrina Carpenter, Sofia Carson, Nikki Hahn, Mallory James Mahoney",English,USA,2 nominations.,,6.0,2582
Avalon High,A teenage girl moves to a new high school where she slowly discovers herself involved in the reincarnation of King Arthur.,TV-G,2010,12 Nov 2010,90 min,"Drama, Family, Fantasy",Stuart Gillard,"Julie Sherman Wolfe (teleplay), Amy Talkington (teleplay), Meg Cabot (novel)","Britt Robertson, Samuel Levi, Gregg Sulkin, Joey Pollari",English,USA,1 win & 3 nominations.,,5.7,5133
Bad Hair Day,"A buddy comedy about a high school tech-whiz whose prom day abruptly shifts into a wild ride across town, thanks to a down-on-her-luck cop and a jewel thief.",TV-G,2015,13 Feb 2015,87 min,"Adventure, Comedy, Family",Erik Canuel,"Matt Eddy (teleplay), Billy Eddy (teleplay), Eric M. Gardner (teleplay), Steven H. Wilson (teleplay), Eric M. Gardner (story), Steven H. Wilson (story)","Laura Marano, Leigh-Allyn Baker, Christian Campbell, Alain Goulem",English,Canada,,,6.0,2363
Den Brother,A high school hockey player forced to lead his sister's Girl Guide troop.,Not Rated,2010,13 Aug 2010,89 min,"Family, Romance, Sport",Mark L. Taylor,"James Krieg (teleplay), Michael Horowitz (story)","Hutch Dano, Genevieve Hannelius, Vicki Lewis, Kelsey Asbille",English,USA,,,5.4,1666
Descendants,The teenage son of the king and queen of Auradon offers the trouble-making children of villains a chance to attend prep school in the kingdom.,TV-G,2015,31 Jul 2015,112 min,"Comedy, Family, Fantasy, Musical",Kenny Ortega,"Josann McGibbon, Sara Parriott","Dove Cameron, Cameron Boyce, Booboo Stewart, Sofia Carson",English,USA,Nominated for 1 Primetime Emmy. Another 2 wins & 2 nominations.,,6.4,14470
Girl Vs. Monster,A teen girl goes on a mission to recapture a dangerous monster that she accidentally released before it can do harm to her parents.,TV-PG,2012,12 Oct 2012,89 min,"Action, Adventure, Comedy, Family, Fantasy, Sci-Fi",Stuart Gillard,"Annie DeYoung (story), Annie DeYoung (teleplay), Ron McGee (teleplay)","Olivia Holt, Kerris Dorsey, Brendan Meyer, Katherine McNamara",English,"USA, Canada",1 win & 2 nominations.,,5.5,2403
Under the Sea: A Descendants Story,Mal emerges from the shadows of a mystical forest onto a dark coastline where she crosses paths with Dizzy.,,2018,28 Sep 2018,10 min,"Short, Fantasy",Hasraf Dulull,"Jonathan Langager, Ali Scher","Malika Bayerwaltes, Dove Cameron, Anna Cathcart, Thomas Doherty","English, German",,,,6.1,181
The Kid,An unhappy and disliked image consultant gets a second shot at life when he is mysteriously confronted by an eight-year-old version of himself.,PG,2000,07 Jul 2000,104 min,"Comedy, Family, Fantasy",Jon Turteltaub,Audrey Wells,"Bruce Willis, Spencer Breslin, Emily Mortimer, Lily Tomlin",English,USA,1 win & 3 nominations.,45.0,6.1,39194
African Cats,A nature documentary centered on two cat families and how they teach their cubs the ways of the wild.,G,2011,22 Apr 2011,89 min,"Documentary, Adventure","Keith Scholey, Alastair Fothergill(co-director)","Keith Scholey (narration written by), John Truby (narration written by), Owen Newman (original story), Keith Scholey (original story)","Samuel L. Jackson, Patrick Stewart",English,USA,3 nominations.,61.0,7.6,6043
Bears,A documentary that follows an Alaskan bear family as its young cubs are taught life's most important lessons.,G,2014,18 Apr 2014,78 min,"Documentary, Family","Alastair Fothergill, Keith Scholey, Adam Chapman(co-director)","Alastair Fothergill, Adam Chapman, Pamela Ribon (narration consultant)",John C. Reilly,English,USA,2 nominations.,68.0,7.4,6262
Born in China,"Venturing into the wilds of China, ""Born in China"" captures intimate moments with a panda and her growing cub, a young golden monkey who feels displaced by his baby sister, and a mother snow leopard struggling to raise her two cubs.",G,2016,21 Apr 2017,79 min,Documentary,Chuan Lu,"David Fowler, Brian Leith, Phil Chapman, Chuan Lu","John Krasinski, Claire Keim, Xun Zhou","English, Chinese","UK, China, USA",3 nominations.,57.0,7.2,3316
Chimpanzee,A 3-month-old chimpanzee is separated from his troop and is then adopted by a fully-grown male.,G,2012,20 Apr 2012,78 min,"Documentary, Family","Alastair Fothergill, Mark Linfield","Alastair Fothergill (original concept), Mark Linfield (original concept), Mark Linfield, Alastair Fothergill, Don Hahn",Tim Allen,English,"Tanzania, USA",2 nominations.,57.0,7.2,5708
The Crimson Wing: Mystery of the Flamingos,The mysterious lives of flamingos are captured on film with a birds-eye view of the animals living in Africa.,G,2008,25 Sep 2009,78 min,Documentary,"Matthew Aeberhard, Leander Ward",Melanie Finn,"Zabou Breitman, Mariella Frostrup, Karoline Herfurth",English,"USA, UK",1 win & 1 nomination.,,7.3,1024
Monkey Kingdom,"A nature documentary that follows a newborn monkey and its mother as they struggle to survive within the competitive social hierarchy of the Temple Troop, a dynamic group of monkeys who ...",G,2015,17 Apr 2015,81 min,Documentary,"Mark Linfield, Alastair Fothergill(co-director)","Mark Linfield, Kate Kondell (narration consultant)",Tina Fey,English,USA,2 wins & 1 nomination.,72.0,7.3,3529
Penguins,"A coming-of-age story about an Adélie penguin named Steve who joins millions of fellow males in the icy Antarctic spring on a quest to build a suitable nest, find a life partner and start a family.",G,2019,17 Apr 2019,76 min,"Documentary, Family","Alastair Fothergill, Jeff Wilson",David Fowler,Ed Helms,English,USA,1 nomination.,69.0,6.9,1093
Disneynature: Wings of Life,A documentary that delves into the realm of flowers and their pollinators.,G,2011,16 Apr 2013,81 min,"Documentary, Family, News",Louie Schwartzberg,Louie Schwartzberg (story),Meryl Streep,English,"USA, Panama, Mexico",,,7.4,442
Diving with Dolphins,"A documentary showing the making of ""Dolphin Reef""",,2020,03 Apr 2020,79 min,Documentary,Keith Scholey,,"Celine Cousteau, Daniel Rasmussen",English,USA,,,7.4,18
Doctor Dolittle,A doctor discovers that he can communicate with animals.,PG-13,1998,26 Jun 1998,85 min,"Comedy, Family, Fantasy",Betty Thomas,"Hugh Lofting (stories), Nat Mauldin (screenplay), Larry Levin (screenplay)","Eddie Murphy, Ossie Davis, Oliver Platt, Peter Boyle",English,USA,4 wins & 11 nominations.,46.0,5.4,89150
Dr. Dolittle 2,Dolittle must save a forest and a bear's life.,PG,2001,22 Jun 2001,87 min,"Comedy, Family, Fantasy",Steve Carr,"Hugh Lofting (Doctor Dolittle stories), Larry Levin","Eddie Murphy, Kristen Wilson, Raven-Symoné, Kyla Pratt",English,USA,3 wins & 6 nominations.,49.0,4.7,40531
Dolphin Reef,"Echo, a young Pacific dolphin, seems far more interested in exploring his spectacular coral reef home than learning to survive in it. But lessons from his family may encourage Echo to master his vital role in the marine community.",G,2020,03 Apr 2020,77 min,"Documentary, Family",Keith Scholey,David Fowler,Natalie Portman,English,USA,,79.0,7.6,566
Don's Fountain of Youth,"The boys are more interested in their comic book than the sights on their Florida vacation. When the car breaks down next to the spring ""mistaken for the fountain of youth"", Donald decides ...",APPROVED,1953,30 May 1953,6 min,"Animation, Short, Comedy",Jack Hannah,Ralph Wright (story),Clarence Nash,English,USA,,,7.4,376
Don't Look Under the Bed,"A teen enlists the help of an imaginary friend named Larry Houdini to deal with a prank-playing bogeyman, who's framing her for his dastardly deeds.",TV-PG,1999,09 Oct 1999,100 min,"Family, Fantasy",Kenneth Johnson,Mark Edward Edens,"Erin Chambers, Ty Hodges, Robin Riker, Steve Valentine",English,USA,1 nomination.,,6.9,2421
Donald's Dog Laundry,"Donald Duck builds an automated dog washer while an unsuspecting Pluto naps nearby. When Donald finishes and announces his plan to use Pluto as his test subject, a battle of wills ensues, ...",,1940,05 Apr 1940,8 min,"Animation, Short, Comedy, Family",Jack King,"Carl Barks (story), Ralph Wright (story)","Lee Millar, Clarence Nash",English,USA,,,7.0,572
Donald's Golf Game,"Donald is golfing, and his nephews are along to ""help."" Between their noise and their practical jokes, Donald isn't having a lot of fun or success with his game.",,1938,04 Nov 1938,8 min,"Animation, Short, Comedy, Family, Sport",Jack King,,Clarence Nash,English,USA,,,6.8,764
Donald's Tire Trouble,After Donald drives away until blows up to tire and crash to underground.,,1943,29 Jan 1943,7 min,"Family, Comedy, Animation, Short",Dick Lundy,"Carl Barks, Harry Reeves",Clarence Nash,English,USA,,,7.0,416
Double Dribble,"It's the big college basketball game; everyone playing looks like Goofy, and he's the only fan of the visiting team P.U.",,1946,20 Dec 1946,7 min,"Animation, Short, Comedy",Jack Hannah,"Bill Berg (story), Milt Banta (story)",Pinto Colvig,English,USA,,,6.9,318
Double Teamed,Two sisters become world-famous basketball players.,TV-G,2002,18 Jan 2002,120 min,"Biography, Drama, Family, Sport",Duwayne Dunham,"Douglas Penn (story), John Wierick (story), John Wierick (teleplay)","Poppi Monroe, Annie McElwain, Teal Redmann, Nick Searcy",English,USA,,,6.1,2820
Doug's 1st Movie,Doug and his pal Skeeter set out to find the monster of Lucky Duck Lake.,G,1999,26 Mar 1999,77 min,"Animation, Adventure, Comedy, Drama, Family, Fantasy, Sci-Fi",Maurice Joyce,"Ken Scarborough, Joe Aaron (original characters), Jim Jinkins (creator)","Thomas McHugh, Fred Newman, Chris Phillips, Constance Shulman",English,USA,1 nomination.,,5.0,2868
Dragon Around,"Chip and Dale think they see a dragon coming toward their tree. It's really just Donald with a power shovel, clearing the way for a freeway, but he decides to play along, fitting a welding ...",,1954,16 Jul 1954,7 min,"Family, Comedy, Animation",Jack Hannah,"Nick George (story), Roy Williams (story)","Dessie Flynn, James MacDonald, Clarence Nash",English,USA,,,7.2,345
Drain Alcatraz,,,2017,19 Dec 2017,45 min,Documentary,Wayne Abbott,Chris Blow,"Clarence Anglin, John William Anglin, Bill Baker, Patrick Barnard",English,USA,,,5.4,13
Drain the Bermuda Triangle,,,2014,07 Dec 2014,44 min,Documentary,Jobim Sampson,"Jobim Sampson, Christopher Blow","Marvin W. Barrash, Eric Berkenpas, Simon Boxall, Thomas M. Iliffe",English,USA,,,6.0,47
Drain the Great Lakes,Scientists and film makers take us to the bottom of the Great Lakes and show us what the bottoms are like and go back in history when they formed.,TV-G,2011,01 Dec 2011,47 min,Documentary,"Wayne Abbott, Crispin Sadler","Wayne Abbott, Jeremy Evans, Crispin Sadler","Russell Boulter, Steve Blasco, Tom Farnquist, Russ Green",English,"UK, Canada, USA",,,7.5,10
Drain the Ocean: WWII,"World War II left the greatest-ever number of ships and submarines hidden beneath the waves. Now, as the oceans drain, each vessel reveals its secrets through new data-based 3D ...",TV-PG,2016,19 Sep 2016,44 min,History,Mike Slee,Mike Slee,"Russell Boulter, James Delgado, Herbert Weatherwax, Scott Pawlowski",English,USA,,,7.2,49
Drain the Sunken Pirate City,,,2017,,47 min,,Sophie Elwin-Harris,Sophie Elwin-Harris,"Craig Sechler, Russell Boulter, Simon Brown, Peter Francis",English,UK,,,6.2,11
Drain the Titanic,Computer-generated imagery and other visualization techniques reveal how it would look if all the water was removed from RMS Titanic's final resting place.,,2015,,46 min,Documentary,Jobim Sampson,"Wayne Abbott, Chis Blow (script writer), Christopher Blow, Max Salomon (script writer), Jobim Sampson","Russell Boulter, Brad Cartner, Kenneth Vrana, James P. Delgado",English,"UK, Canada, USA",,,5.7,41
DuckTales the Movie: Treasure of the Lost Lamp,"Scrooge McDuck takes Huey, Dewey, and Louie to Egypt to find a pyramid and magic lamp.",G,1990,03 Aug 1990,74 min,"Animation, Adventure, Comedy, Family, Fantasy",Bob Hathcock,Alan Burnett (animation screenplay),"Alan Young, Terence McGovern, Russi Taylor, Richard Libertini",English,"France, USA",1 nomination.,,6.9,24234
Dug's Special Mission,"Alpha, Beta, and Gamma try to keep Dug out of their way while they hunt for Kevin the Snipe. However, their instructions for his ""very special mission"" keep backfiring on them.",TV-PG,2009,10 Nov 2009,5 min,"Animation, Short, Comedy, Family",Ronnie Del Carmen,Ronnie Del Carmen,"Bob Peterson, Delroy Lindo, Jerome Ranft",English,USA,,,7.0,5161
Dumbo,"A young elephant, whose oversized ears enable him to fly, helps save a struggling circus, but when the circus plans a new venture, Dumbo and his friends discover dark secrets beneath its shiny veneer.",PG,2019,29 Mar 2019,112 min,"Adventure, Family, Fantasy",Tim Burton,"Ehren Kruger (screenplay by), Helen Aberson (novel), Harold Pearl (novel)","Colin Farrell, Michael Keaton, Danny DeVito, Eva Green","English, French","USA, UK, Australia, Canada",3 wins & 12 nominations.,51.0,6.3,58882
Earth Live,"Jane Lynch and Phil Keoghan take viewers on a journey around the world, focusing on some of the most spectacular wildlife.",,2017,09 Jul 2017,,Documentary,Glenn Weiss,"Lewis Friedman, Ann Slichter, Grant Taylor","Jane Lynch, Phil Keoghan",English,USA,,,5.6,24
Eddie's Million Dollar Cook-Off,"Eddie loves baseball. His dad's the coach, his best friends are his teammates. But will he strike out with them all if he trades his glove for an oven mitt.",TV-G,2003,18 Jul 2003,110 min,"Comedy, Family, Sport",Paul Hoen,"Jack Jason (story), Rick Bitzelberger (story), Dan Berendsen (story), Dan Berendsen (teleplay)","Taylor Ball, Orlando Brown, Reiley McClendon, Mark L. Taylor",English,USA,,,6.0,2304
Eight Below,Brutal cold forces two Antarctic explorers to leave their team of sled dogs behind as they fend for their survival.,PG,2006,17 Feb 2006,120 min,"Adventure, Drama, Family",Frank Marshall,"David DiGilio (screenplay), Toshirô Ishidô (film Nankyoku Monogatari), Koreyoshi Kurahara (film Nankyoku Monogatari), Tatsuo Nogami (film Nankyoku Monogatari), Susumu Saji (film Nankyoku Monogatari)","Paul Walker, Bruce Greenwood, Moon Bloodgood, Wendy Crewson",English,USA,2 wins & 2 nominations.,64.0,7.3,58850
Elephant,Documentary follows an African elephant named Shani and her son Joao as their heard make an epic journey across the Kalashnikov Desert.,,2020,03 Apr 2020,,"Documentary, Adventure, Biography, Family","Mark Linfield, Vanessa Berlowitz(co-director)",,Meghan Markle,English,,,63.0,4.7,61
Elmer Elephant,"The other children at a birthday party mock Elmer Elephant for his big nose, but it proves useful when he needs to save the birthday girl from a fire in her tree house.",Approved,1936,28 Mar 1936,9 min,"Family, Animation, Short, Comedy",Wilfred Jackson,,"Pinto Colvig, Bernice Hansen, Clarence Nash",English,USA,,,7.0,991
Emil and the Detectives,Emil goes to Berlin to see his grandmother with a large amount of money and is offered sweets by a strange man that make him sleep. He wakes up at his stop with no money. It is up to him and a group of children to save the day.,PG,1964,18 Dec 1964,99 min,"Comedy, Family, Drama, Crime",Peter Tewksbury,"AJ Carothers, Erich Kästner (novel)","Walter Slezak, Bryan Russell, Roger Mobley, Heinz Schubert",English,USA,,,6.2,390
Empire of Dreams: The Story of the 'Star Wars' Trilogy,"An in-depth making of documentary about the original Star Wars trilogy, covering the productions of the three films and their impact on popular culture.",,2004,20 Sep 2004,151 min,"Documentary, History, Sci-Fi","Edith Becker, Kevin Burns",Ed Singer,"Robert Clotworthy, Walter Cronkite, George Lucas, Steven Spielberg",English,USA,Nominated for 1 Primetime Emmy. Another 1 win.,,8.3,3772
Escape to Witch Mountain,Two mysterious orphan children have extraordinary powers and are chased by a scheming millionaire. But where do these kids really call home?,G,1975,21 Mar 1975,97 min,"Adventure, Family, Fantasy, Mystery, Sci-Fi",John Hough,"Robert Malcolm Young (screenplay by), Alexander Key (based on the book by)","Eddie Albert, Ray Milland, Donald Pleasence, Kim Richards",English,USA,,60.0,6.4,8810
Expedition Amelia,Deep-sea explorer Dr. Robert Ballard attempts to solve the mystery of Amelia Earhart's disappearance in an effort to end speculation about what actually happened to her.,,2019,20 Oct 2019,,,,Chad Cohen,"Robert Ballard, Fredrik T. Hiebert",,USA,,,6.9,10
Expedition Mars,"Expedition Mars brings to life one of the greatest sagas of the Space Age, the epic adventures of Spirit and Opportunity, the rovers that saved NASA's Mars program after a string of failures in the 1990's.",,2016,16 Nov 2016,88 min,Documentary,,,"John Callas, Jake Matijevic, Steve Squyres",English,USA,,,8.1,18
Fantasia,A collection of animated interpretations of great works of Western classical music.,G,1940,21 Jul 1941,125 min,"Animation, Family, Fantasy, Music","James Algar, Samuel Armstrong, Ford Beebe Jr., Norman Ferguson, David Hand, Jim Handley, T. Hee, Wilfred Jackson, Hamilton Luske, Bill Roberts, Paul Satterfield, Ben Sharpsteen","Joe Grant (story direction), Dick Huemer (story direction), Lee Blair (story development), Elmer Plummer (story development), Phil Dike (story development), Sylvia Moberly-Holland (story development), Norman Wright (story development), Albert Heath (story development), Bianca Majolie (story development), Graham Heid (story development), Perce Pearce (story development), Carl Fallberg (story development), William Martin (story development and research), Leo Thiele (story development and research), Robert Sterner (story development and research), John McLeish (story development and research), Otto Englander (story development), Webb Smith (story development), Erdman Penner (story development), Joseph Sabo (story development), Bill Peet (story development), Vernon Stallings (story development), Campbell Grant (story development), Arthur Heinemann (story development), Phil Dike (story development)","Deems Taylor, Leopold Stokowski, The Philadelphia Orchestra",English,USA,8 wins & 1 nomination.,96.0,7.8,84999
Fantasia 2000,An update of the original film with new interpretations of great works of classical music.,G,1999,16 Jun 2000,75 min,"Animation, Comedy, Family, Fantasy, Music","James Algar, Gaëtan Brizzi, Paul Brizzi, Hendel Butoy, Francis Glebas, Eric Goldberg, Don Hahn, Pixote Hunt","Eric Goldberg (story), Joe Grant (original concept), Perce Pearce (story development), Carl Fallberg (story development), Gaëtan Brizzi (story), Paul Brizzi (story), Don Hahn, David Reynolds, Irene Mecchi, Brenda Chapman (original concept), Elena Driskill (concept for ""Death & Re-birth of the Forest"")","Steve Martin, Itzhak Perlman, Quincy Jones, Bette Midler",English,USA,4 wins & 7 nominations.,59.0,7.2,33785
Ferdinand the Bull,"Little Ferdinand the bull is stung by a bumblebee when men come to pick a bull for a fight. When he gets in the arena, all he cares about are the flowers in the matador's hands.",Approved,1938,25 Nov 1938,8 min,"Animation, Short, Comedy, Family",Dick Rickard,"Munro Leaf (story), Robert Lawson (story)",Don Wilson,English,USA,,,7.2,2254
Finding Dory,"Friendly but forgetful blue tang Dory begins a search for her long-lost parents, and everyone learns a few things about the real meaning of family along the way.",PG,2016,17 Jun 2016,97 min,"Animation, Adventure, Comedy, Family","Andrew Stanton, Angus MacLane(co-director)","Andrew Stanton (original story by), Andrew Stanton (screenplay by), Victoria Strouse (screenplay by)","Ellen DeGeneres, Albert Brooks, Ed O'Neill, Kaitlin Olson","English, Indonesian",USA,Nominated for 1 BAFTA Film Award. Another 17 wins & 45 nominations.,77.0,7.3,227414
Finding Nemo,"After his son is captured in the Great Barrier Reef and taken to Sydney, a timid clownfish sets out on a journey to bring him home.",G,2003,30 May 2003,100 min,"Animation, Adventure, Comedy, Family","Andrew Stanton, Lee Unkrich(co-director)","Andrew Stanton (original story by), Andrew Stanton (screenplay by), Bob Peterson (screenplay by), David Reynolds (screenplay by)","Albert Brooks, Ellen DeGeneres, Alexander Gould, Willem Dafoe",English,"USA, Australia",Won 1 Oscar. Another 49 wins & 62 nominations.,90.0,8.1,911647
First Kid,"A former boxer turned Secret Service agent is assigned to protect the President's son, who seems determined to make life difficult for his new protector.",PG,1996,30 Aug 1996,101 min,"Family, Comedy",David Mickey Evans,Tim Kelleher,"Sinbad, Brock Pierce, Blake Boyd, Timothy Busfield",English,USA,1 nomination.,48.0,5.2,9855
Flight of the Navigator,"In 1978, a boy travels 8 years into the future and has an adventure with an intelligent, wisecracking alien ship.",PG,1986,01 Aug 1986,90 min,"Adventure, Comedy, Family, Sci-Fi",Randal Kleiser,"Mark H. Baker (story), Michael Burton (screenplay), Phil Joanou (screenplay)","Joey Cramer, Paul Reubens, Cliff De Young, Veronica Cartwright",English,USA,4 nominations.,64.0,6.9,42322
Float,"A father discovers that his son floats, which makes him different from other kids. To keep them both safe from the judgment of the world, Dad hides, covers, and grounds him. But when his son's ability becomes public, Dad must decide whether to run and hide or to accept his son as he is.",PG,2019,12 Nov 2019,7 min,"Animation, Short, Family, Fantasy",Bobby Rubio,Bobby Rubio,"Eli Fucile, Mika Kubo, Bobby Rubio, Luna Watson",English,USA,,,7.4,1031
Flowers and Trees,"An evil tree stump, jealous of two trees in love, starts a forest fire.",APPROVED,1932,30 Jul 1932,8 min,"Animation, Short, Comedy",Burt Gillett,,"Esther Campbell, Marion Darlington",English,USA,,,7.5,1547
Flubber,"An absent-minded professor discovers ""flubber,"" a rubber-like super-bouncy substance.",PG,1997,26 Nov 1997,93 min,"Comedy, Family, Sci-Fi",Les Mayfield,"Samuel W. Taylor (short story ""A Situation of Gravity""), John Hughes (screenplay), Bill Walsh (screenplay)","Robin Williams, Marcia Gay Harden, Christopher McDonald, Ted Levine",English,USA,3 wins & 2 nominations.,37.0,5.3,81512
For the Birds,A group of snooty birds roosting on a telephone wire get their just deserts when a goofy bird drops in.,G,2000,02 Nov 2001,3 min,"Animation, Short, Comedy, Family",Ralph Eggleston,Ralph Eggleston,Ralph Eggleston,,USA,Won 1 Oscar. Another 5 wins & 2 nominations.,,8.0,28126
Frank and Ollie,"A documentary about two famed Disney animators, Frank and Ollie.",PG,1995,20 Oct 1995,89 min,Documentary,Theodore Thomas,Theodore Thomas,"Frank Thomas, Ollie Johnston, Sylvia Roemer, John Canemaker",English,USA,1 win.,,7.8,524
Frankenweenie,"When a boy's beloved dog passes away suddenly, he attempts to bring the animal back to life through a powerful science experiment.",PG,2012,05 Oct 2012,87 min,"Animation, Comedy, Family, Horror, Sci-Fi",Tim Burton,"Leonard Ripps, Tim Burton (original idea), John August (screenplay)","Catherine O'Hara, Martin Short, Martin Landau, Charlie Tahan",English,USA,Nominated for 1 Oscar. Another 11 wins & 49 nominations.,74.0,6.9,94078
Frankenweenie,A young boy sets out to revive his dead pet using the monstrous power of science.,PG,1984,21 Dec 1984,29 min,"Short, Comedy, Drama, Sci-Fi",Tim Burton,"Tim Burton (based on an original idea by), Leonard Ripps (screenplay)","Shelley Duvall, Daniel Stern, Barret Oliver, Joseph Maher",English,USA,1 nomination.,,7.3,10736
Freaky Friday,A mother and daughter find their personalities switched and have to live each other's lives on one strange Friday.,G,1976,21 Jan 1977,95 min,"Comedy, Family, Fantasy",Gary Nelson,"Mary Rodgers (screenplay), Mary Rodgers (book)","Barbara Harris, Jodie Foster, John Astin, Patsy Kelly",English,USA,,51.0,6.3,11109
Freaky Friday,"An overworked mother and her daughter do not get along. When they switch bodies, each is forced to adapt to the other's life for one freaky Friday.",PG,2003,06 Aug 2003,97 min,"Comedy, Family, Fantasy, Music, Romance",Mark Waters,"Mary Rodgers (novel), Heather Hach (screenplay), Leslie Dixon (screenplay)","Jamie Lee Curtis, Lindsay Lohan, Mark Harmon, Harold Gould","English, Mandarin",USA,Nominated for 1 Golden Globe. Another 5 wins & 10 nominations.,70.0,6.1,120172
Freaky Friday,"A musical about what happens when a mom and daughter argue, get their bodies magically switched, and have to make it through the day being the other at high school or preparing for the wedding next day - while hoping to switch back.",TV-G,2018,10 Aug 2018,90 min,"Comedy, Fantasy, Musical",Steve Carr,"Bridget Carpenter (musical book), Bridget Carpenter (screenplay), Mary Rodgers (based on a children's book by), Brian Yorkey (musical book)","Cozi Zuehlsdorff, Heidi Blickenstaff, Jason Maybaum, Alex Désert",English,USA,,,3.7,916
Free Solo,Alex Honnold attempts to become the first person to ever free solo climb El Capitan.,PG-13,2018,13 Dec 2018,100 min,"Documentary, Adventure, Sport","Jimmy Chin, Elizabeth Chai Vasarhelyi",,"Alex Honnold, Tommy Caldwell, Jimmy Chin, Cheyne Lempe",English,USA,Won 1 Oscar. Another 29 wins & 54 nominations.,83.0,8.2,46710
Frenemies,Three sets of friends deal with the ups and downs of their ever-changing relationships.,TV-G,2012,13 Jan 2012,87 min,"Comedy, Drama, Family",Daisy von Scherler Mayer,"Alexa Young (based on a novel by), Dava Savel (teleplay), Wendy Weiner (teleplay), Dava Savel (teleplay), James Krieg (teleplay), James Krieg (television story), Dava Savel (television story)","Bella Thorne, Zendaya, Mary Mouser, Nick Robinson",English,USA,3 nominations.,,5.0,3969
Frozen,"When the newly crowned Queen Elsa accidentally uses her power to turn things into ice to curse her home in infinite winter, her sister Anna teams up with a mountain man, his playful reindeer, and a snowman to change the weather condition.",PG,2013,27 Nov 2013,102 min,"Animation, Adventure, Comedy, Family, Fantasy, Musical","Chris Buck, Jennifer Lee","Jennifer Lee (screenplay by), Hans Christian Andersen (story inspired by: ""The Snow Queen"" by), Chris Buck (story by), Jennifer Lee (story by), Shane Morris (story by)","Kristen Bell, Idina Menzel, Jonathan Groff, Josh Gad","English, Norwegian",USA,Won 2 Oscars. Another 79 wins & 59 nominations.,75.0,7.5,551637
Frozen II,"Anna, Elsa, Kristoff, Olaf and Sven leave Arendelle to travel to an ancient, autumn-bound forest of an enchanted land. They set out to find the origin of Elsa's powers in order to save their kingdom.",PG,2019,22 Nov 2019,103 min,"Animation, Adventure, Comedy, Family, Fantasy, Musical","Chris Buck, Jennifer Lee","Jennifer Lee (screenplay by), Hans Christian Andersen (story inspired by ""The Snow Queen"" by), Jennifer Lee (story by), Chris Buck (story by), Kristen Anderson-Lopez (story by), Robert Lopez (story by), Marc Smith (story by), Allison Schroeder (additional screenplay material by)","Kristen Bell, Idina Menzel, Josh Gad, Jonathan Groff",English,USA,Nominated for 1 Oscar. Another 15 wins & 71 nominations.,64.0,7.0,106368
Full-Court Miracle,"An African American college basketball star becomes the head coach of a yeshiva's struggling basketball team in Philadelphia, Pennsylvania, after a knee injury forces him to leave the game. Based on the true story of Lamont Carr.",TV-G,2003,21 Nov 2003,90 min,"Drama, Family, Sport",Stuart Gillard,"Joel Silverman, Joel Kauffmann, Donald C. Yost","Alex D. Linz, Richard T. Jones, R.H. Thomson, Sean Marquette",English,USA,4 nominations.,,5.7,816
Fun and Fancy Free,"Jiminy Cricket hosts two Disney animated shorts: ""Bongo,"" about a circus bear escaping to the wild, and ""Mickey and the Beanstalk,"" a take on the famous fairy tale.",Approved,1947,12 Mar 1948,73 min,"Animation, Adventure, Comedy, Family, Fantasy, Musical, Romance","Jack Kinney, Hamilton Luske, William Morgan, Bill Roberts","Homer Brightman (story), Harry Reeves (story), Ted Sears (story), Lance Nolley (story), Eldon Dedini (story), Tom Oreb (story), Sinclair Lewis (from an original story by)","Edgar Bergen, Dinah Shore, Luana Patten, Anita Gordon",English,USA,,66.0,6.6,6454
Fuzzbucket,"In the vein of ""Harvey"", an invisible creature befriends a 12 year old boy. Of course, no one else can see him nor believes in him.",,1986,18 May 1986,46 min,"Adventure, Comedy, Family",Mick Garris,Mick Garris,"Chris Hebert, Phil Fondacaro, Joe Regalbuto, Wendy Phillips",English,USA,1 nomination.,,7.6,155
G-Force,A specially trained squad of guinea pigs is dispatched to stop a diabolical billionaire from taking over the world.,PG,2009,24 Jul 2009,88 min,"Action, Adventure, Comedy, Family, Fantasy, Sci-Fi",Hoyt Yeatman,"Cormac Wibberley (screenplay), Marianne Wibberley (screenplay), Hoyt Yeatman (story), David P.I. James (story)","Bill Nighy, Will Arnett, Zach Galifianakis, Kelli Garner","Spanish, English",USA,1 win & 1 nomination.,41.0,5.1,41151
Geek Charming,"To win a school popularity contest, a high school diva permits a film club classmate to record her popular life, but the film starts documenting her decline instead.",TV-G,2011,11 Nov 2011,94 min,"Comedy, Drama, Family, Romance",Jeffrey Hornaday,"Robin Palmer (based on the novel by), Elizabeth Hackett (teleplay), Hilary Galanoy (teleplay)","Sarah Hyland, Matt Prokop, Sasha Pieterse, Jordan Nichols",English,USA,1 nomination.,,6.4,10723
Genius,Charlie Boyle finds that even his high IQ can't solve all of his problems when he takes on a double life in order to make friends his own age.,TV-G,1999,21 Aug 1999,82 min,"Comedy, Family, Romance, Sci-Fi",Rod Daniel,"John Rieck (story), John Rieck (teleplay), Jim Lincoln (teleplay), Dan Studney (teleplay)","Trevor Morgan, Emmy Rossum, Charles Fleischer, Yannick Bisson",English,USA,2 nominations.,,6.3,1570
George of the Jungle,A man raised in the jungle by apes falls in love with a wealthy American heiress.,PG,1997,16 Jul 1997,92 min,"Action, Adventure, Comedy, Family, Romance",Sam Weisman,"Jay Ward (characters), Dana Olsen (story), Dana Olsen (screenplay), Audrey Wells (screenplay)","Brendan Fraser, Leslie Mann, Thomas Haden Church, Richard Roundtree","English, Spanish",USA,1 win & 3 nominations.,53.0,5.4,68409
George of the Jungle 2,"George, now a father, goes to Las Vegas, where he has to help out his brother.",PG,2003,20 Oct 2003,87 min,"Adventure, Comedy, Family",David Grossman,"Jordan Moffet, Bill Scott (television series), Jay Ward (based upon characters created by)","Christopher Showerman, Julie Benz, Angus T. Jones, Thomas Haden Church",English,"USA, Australia",,,3.3,6039
Geri's Game,Geri sets up a chess game to play his greatest opponent - himself.,,1997,25 Nov 1997,4 min,"Animation, Short, Family",Jan Pinkava,Jan Pinkava,Bob Peterson,,USA,Won 1 Oscar. Another 8 wins & 1 nomination.,,7.9,21679
Get a Clue,"A wealthy student with too much fashion sense, her equally rich friends, and her rival/superior from the school paper work together to solve the case when their teacher goes missing.",TV-G,2002,20 Jul 2002,83 min,"Comedy, Crime, Family, Mystery",Maggie Greenwald,Alana Sanko,"Lindsay Lohan, Bug Hall, Ian Gomez, Brenda Song",English,USA,,,5.1,5713
Glory Road,"In 1966, Texas Western coach Don Haskins led the first all-black starting line-up for a college basketball team to the NCAA national championship.",PG,2006,13 Jan 2006,118 min,"Biography, Drama, Sport",James Gartner,"Christopher Cleveland, Bettina Gilois","Josh Lucas, Derek Luke, Austin Nichols, Jon Voight",English,USA,2 wins & 3 nominations.,58.0,7.2,41442
Go Figure,"A teenager dreams of becoming a champion ice-skater, and soon discovers a top Russian instructor is working at a nearby private school.",TV-G,2005,10 Jun 2005,88 min,"Comedy, Drama, Family, Sport",Francine McDougall,"Patrick J. Clifton, Beth Rigazio","Jordan Danger, Whitney Sloan, Cristine Rose, Ryan Malgarini",English,USA,1 nomination.,,5.7,3121
Going to the Mat,"Jace Newfield has a problem. Besides being blind and being the new kid at school, his problem is that the kids at his new school thinks he's a jerk. Jace has to find a way to be accepted ...",G,2004,19 Mar 2004,120 min,"Drama, Family, Sport",Stuart Gillard,"Chris Nolan (story), Laurie Nolan (story), Chris Nolan (teleplay), Laurie Nolan (teleplay), Steve Bloom (teleplay), Stu Krieger (teleplay)","Andrew Lawrence, Khleo Thomas, Alessandra Torresani, Wayne Brady",English,USA,1 win & 3 nominations.,,6.8,1212
"Good Luck Charlie, It's Christmas!",Idiocy strikes when a woman and her daughter get separated from their family during the holidays.,TV-G,2011,02 Dec 2011,90 min,"Comedy, Drama, Family",Arlene Sanford,"Phil Baker (creator), Drew Vaupen (creator), Geoff Rodkey","Bridgit Mendler, Leigh-Allyn Baker, Bradley Steven Perry, Mia Talerico","English, Korean",USA,,,6.4,4577
Gotta Kick It Up!,A school dance team get a new lease of life thanks to a teacher who lets them in on the secret of Latin rhythms for a big competition.,TV-G,2002,26 Jul 2002,78 min,"Comedy, Drama, Family",Ramón Menéndez,"Meghan Cole (story), Nancy De Los Santos (story), Nancy De Los Santos (teleplay), Ramón Menéndez (teleplay), Tom Musca (teleplay), Stu Krieger (teleplay)","Camille Guaty, America Ferrera, Jhoanna Flores, Suilma Rodriguez",English,USA,2 nominations.,,5.8,1551
The Grasshopper and the Ants,"As in the classic fable, the grasshopper plays his fiddle and lives for the moment, while the industrious ants squirrel away massive amounts of food for the winter. With his song, he's able...",Approved,1934,10 Feb 1934,8 min,"Family, Comedy, Animation, Musical, Short",Wilfred Jackson,,Pinto Colvig,English,USA,,,7.3,1304
Greyfriars Bobby: The True Story of a Dog,The remarkable veritable story of a terrier named Bobby and the enduring friendship he forges with a tenderhearted shepherd known simply as Old Jock---unbroken even by the kindly old man's death.,Approved,1961,17 Jul 1961,87 min,"Drama, Family",Don Chaffey,"Robert Westerby (screenplay), Eleanor Atkinson (story)","Donald Crisp, Laurence Naismith, Alex Mackenzie, Duncan Macrae",English,USA,,,7.3,1203
Gus,"The California Atoms are in last place with no hope of moving up. But by switching the mule from team mascot to team member, (He can kick 100 yard field goals!) they start winning, and move...",G,1976,07 Jul 1976,96 min,"Comedy, Family, Sport",Vincent McEveety,"Ted Key (story), Arthur Alsberg, Don Nelson","Edward Asner, Don Knotts, Gary Grimes, Tim Conway",English,USA,,52.0,5.9,1481
Hacksaw,A girl captures a white stallion to compete in a contest.,TV-PG,1971,26 Sep 1971,89 min,Family,Larry Lansburgh,"Larry Lansburgh Jr. (story by), Dick Spencer III (teleplay by)","Tab Hunter, Victor Millan, Ray Teal, Russ McCubbin",English,USA,,,6.2,36
Halloweentown,"After learning she is a witch, a girl helps save a town full of other supernatural creatures.",TV-G,1998,17 Oct 1998,84 min,"Adventure, Comedy, Family, Fantasy",Duwayne Dunham,"Paul Bernbaum (story), Paul Bernbaum (teleplay), Jon Cooksey (teleplay), Ali Marie Matheson (teleplay)","Debbie Reynolds, Kimberly J. Brown, Judith Hoag, Joey Zimmerman",English,USA,2 nominations.,,6.8,11872
Halloweentown High,A girl in a magical world bets her family's magic that nothing bad will happen when kids from Halloweentown attend high school in the mortal realm.,TV-G,2004,08 Oct 2004,82 min,"Comedy, Family, Fantasy",Mark A.Z. Dippé,"Paul Bernbaum (characters), Dan Berendsen (teleplay)","Kimberly J. Brown, Debbie Reynolds, Judith Hoag, Joey Zimmerman",English,USA,,,6.2,5443
Halloweentown II: Kalabar's Revenge,"The Cromwell clan split their time between the real world and ""Halloweentown"", but the son of an old rival threatens to make the latter ""real"" and the real world a place of monsters.",TV-PG,2001,12 Oct 2001,81 min,"Adventure, Family, Fantasy",Mary Lambert,"Jon Cooksey, Ali Marie Matheson, Paul Bernbaum (based on characters created by)","Kimberly J. Brown, Judith Hoag, Daniel Kountz, Joey Zimmerman",English,USA,2 nominations.,,6.5,6476
Hannah Montana and Miley Cyrus: Best of Both Worlds Concert,A 3-D concert film of the 2007 Hannah Montana/Miley Cyrus tour.,G,2008,01 Feb 2008,74 min,"Documentary, Music",Bruce Hendricks,"Michael Poryes (character based on the series created by), Rich Correll (character based on the series created by), Barry O'Brien (character based on the series created by)","Miley Cyrus, The Jonas Brothers, Kenny Ortega, Billy Ray Cyrus",English,USA,1 win.,59.0,2.3,8392
Hannah Montana: The Movie,"As Hannah Montana's popularity begins to take over her life, Miley Stewart, on the urging from her father takes a trip to her hometown of Crowley Corners, Tennessee to get some perspective on what matters in life the most.",G,2009,10 Apr 2009,102 min,"Comedy, Drama, Family, Music, Romance",Peter Chelsom,"Dan Berendsen, Michael Poryes (characters), Rich Correll (characters), Barry O'Brien (characters)","Miley Cyrus, Billy Ray Cyrus, Emily Osment, Jason Earles",English,USA,6 wins & 10 nominations.,47.0,4.4,38414
Hatching Pete,"When Cleatus can't play the school mascot, Pete has to secretly do the job.",TV-G,2009,24 Apr 2009,90 min,"Comedy, Family",Stuart Gillard,Paul W. Cooper,"Jason Dolley, Mitchel Musso, Tiffany Thornton, Josie Loren",English,USA,1 nomination.,,5.4,2324
Hawaiian Holiday,"The gang is on vacation. Goofy has some surfing problems, Donald learns why you don't wear a grass skirt near a fire, Pluto and a starfish have a tiff, followed by an encounter with a hermit crab.",PASSED,1937,24 Sep 1937,8 min,"Animation, Short, Comedy, Family, Sport",Ben Sharpsteen,,"Pinto Colvig, Walt Disney, Marcellite Garner, Clarence Nash",English,USA,,,7.2,823
Heavyweights,"Plump kids are lured into joining a posh fat camp with the promise of quick weight loss and good times, only to find that the facility is a woodland hellhole run by a psycho ex-fitness instructor.",PG,1995,17 Feb 1995,100 min,"Comedy, Drama, Family, Sport",Steven Brill,"Judd Apatow, Steven Brill","David Goldman, Joseph Wayne Miller, Cody Burger, Allen Covert",English,USA,,42.0,6.6,24212
Herbie Goes Bananas,The adorable little VW helps its owners break up a counterfeiting ring in Mexico.,G,1980,25 Jun 1980,100 min,"Adventure, Comedy, Family, Fantasy",Vincent McEveety,"Don Tait, Gordon Buford (characters creator)","Cloris Leachman, Charles Martin Smith, John Vernon, Stephen W. Burns","English, Spanish",USA,2 nominations.,55.0,5.0,4958
Herbie Goes to Monte Carlo,"Herbie, the Volkswagen Beetle with a mind of its own, is racing in the Monte Carlo Rally. Unbeknownst to Herbie's driver, thieves have hidden a cache of stolen diamonds in Herbie's gas tank, and are now trying to get them back.",G,1977,24 Jun 1977,105 min,"Action, Adventure, Comedy, Crime, Family, Romance, Sport",Vincent McEveety,"Arthur Alsberg, Don Nelson, Gordon Buford (characters created by)","Dean Jones, Don Knotts, Julie Sommars, Jacques Marin","English, French",USA,,38.0,5.7,6553
Herbie Rides Again,The living Volkswagen Beetle helps an old lady protect her home from a corrupt developer.,G,1974,06 Jun 1974,88 min,"Comedy, Family, Fantasy, Romance",Robert Stevenson,"Bill Walsh (screenplay), Gordon Buford (story)","Helen Hayes, Ken Berry, Stefanie Powers, John McIntire",English,USA,,49.0,5.7,7035
Herbie Fully Loaded,"Maggie Peyton, the new owner of Herbie, Number 53, the free-wheelin' Volkswagen bug with a mind of its own, puts the car through its paces on the road to becoming a NASCAR competitor.",G,2005,22 Jun 2005,101 min,"Adventure, Comedy, Family, Fantasy, Romance, Sport",Angela Robinson,"Thomas Lennon (screenplay), Robert Ben Garant (screenplay), Alfred Gough (screenplay), Miles Millar (screenplay), Thomas Lennon (story), Robert Ben Garant (story), Mark Perez (story), Gordon Buford (characters)","Lindsay Lohan, Michael Keaton, Matt Dillon, Breckin Meyer",English,USA,2 wins & 6 nominations.,47.0,4.8,43653
Hercules,The son of Zeus and Hera is stripped of his immortality as an infant and must become a true hero in order to reclaim it.,G,1997,20 Jun 1997,93 min,"Animation, Adventure, Comedy, Family, Fantasy, Musical, Romance","Ron Clements, John Musker","Ron Clements (animation screenplay by), John Musker (animation screenplay by), Don McEnery (animation screenplay by), Bob Shaw (animation screenplay by), Irene Mecchi (animation screenplay by), Kaan Kalyon (story), Kelly Wightman (story), Randy Cartwright (story), John Ramirez (story), Jeff Snow (story), Vance Gerry (story), Kirk Hanson (story), Tamara Lusher (story), Francis Glebas (story), Mark Kennedy (story), Bruce Morris (story), Don Dougherty (story), Thom Enriquez (story)","Tate Donovan, Josh Keaton, Roger Bart, Danny DeVito","English, Spanish, Greek","USA, France",Nominated for 1 Oscar. Another 9 wins & 15 nominations.,74.0,7.3,195894
High School Musical,A popular high school athlete and an academically gifted girl get roles in the school musical and develop a friendship that threatens East High's social order.,TV-G,2006,20 Jan 2006,98 min,"Comedy, Drama, Family, Music, Musical, Romance",Kenny Ortega,Peter Barsocchini,"Zac Efron, Vanessa Hudgens, Ashley Tisdale, Lucas Grabeel","English, Spanish",USA,Won 2 Primetime Emmys. Another 8 wins & 18 nominations.,,5.4,77328
High School Musical 2,School's out for summer and the East High Wildcats are ready to make it the time of their lives after landing jobs in a wealthy country club owned by Sharpay and Ryan's family.,TV-G,2007,17 Aug 2007,104 min,"Comedy, Drama, Family, Music, Musical, Romance",Kenny Ortega,"Peter Barsocchini (based on characters created by), Peter Barsocchini","Zac Efron, Vanessa Hudgens, Ashley Tisdale, Lucas Grabeel",English,USA,Nominated for 2 Primetime Emmys. Another 4 wins & 7 nominations.,,5.0,52782
High School Musical 3,"As seniors in high school, Troy and Gabriella struggle with the idea of being separated from one another as college approaches. Along with the rest of the Wildcats, they stage a spring musical to address their experiences, hopes and fears about their future.",G,2008,24 Oct 2008,112 min,"Comedy, Drama, Family, Music, Musical, Romance",Kenny Ortega,"Peter Barsocchini, Peter Barsocchini (characters)","Zac Efron, Vanessa Hudgens, Ashley Tisdale, Lucas Grabeel",English,USA,8 wins & 9 nominations.,57.0,4.8,55628
High School Musical: The Musical: The Series: The Special,"A documentary-style look into how the Disney+ original series ""High School Musical: The Musical - The Series"" (2019) was created.",TV-G,2019,20 Dec 2019,23 min,Documentary,Clayton Cogswell,,"Joshua Bassett, Corbin Bleu, Matt Cornett, Tim Federle",English,USA,,,7.8,14
Hocus Pocus,"A curious youngster moves to Salem, where he struggles to fit in before awakening a trio of diabolical witches that were executed in the 17th century.",PG,1993,16 Jul 1993,96 min,"Comedy, Family, Fantasy",Kenny Ortega,"David Kirschner (story), Mick Garris (story), Mick Garris (screenplay), Neil Cuthbert (screenplay)","Bette Midler, Sarah Jessica Parker, Kathy Najimy, Omri Katz","English, French",USA,2 wins & 11 nominations.,,6.9,89713
Holes,A wrongfully convicted boy is sent to a brutal desert detention camp where he joins the job of digging holes for some mysterious reason.,PG,2003,18 Apr 2003,117 min,"Adventure, Comedy, Drama, Family, Mystery",Andrew Davis,"Louis Sachar (novel), Louis Sachar (screenplay)","Sigourney Weaver, Jon Voight, Tim Blake Nelson, Shia LaBeouf",English,USA,3 wins & 9 nominations.,71.0,7.0,74143
Home Alone 3,"Alex Pruitt, an 8-year-old boy living in Chicago, must fend off international spies who seek a top-secret computer chip in his toy car.",PG,1997,12 Dec 1997,102 min,"Comedy, Crime, Family",Raja Gosnell,John Hughes,"Alex D. Linz, Olek Krupa, Rya Kihlstedt, Lenny von Dohlen","English, Polish",USA,3 nominations.,,4.5,101062
Home on the Range,"To save their farm, the resident animals go bounty hunting for a notorious outlaw.",PG,2004,02 Apr 2004,76 min,"Animation, Adventure, Comedy, Family, Music, Western","Will Finn, John Sanford","Will Finn, John Sanford, Will Finn (story), John Sanford (story), Michael LaBash (story), Sam Levine (story), Mark Kennedy (story), Robert Lence (story), Keith Baxter (additional story), Mike Kunkel (additional story), Jason Lethcoe (additional story), Donnie Long (additional story), Shirley Pierce, Brian Pimental (additional story), David Moses Pimentel (additional story), Ralph Zondag (additional story), Davy Liu (additional story)","G.W. Bailey, Roseanne Barr, Bobby Block, Steve Buscemi","English, Mandarin",USA,5 nominations.,50.0,5.3,19123
Homeward Bound II: Lost in San Francisco,"Shadow, Sassy, and Chance have to find their way home after they become stranded at the San Francisco International Airport as their owners fly to Canada on vacation.",G,1996,08 Mar 1996,88 min,"Adventure, Comedy, Family, Romance",David R. Ellis,"Chris Hauty, Julie Hickson, Sheila Burnford (characters from novel ""The Incredible Journey"")","Michael J. Fox, Sally Field, Ralph Waite, Al Michaels",English,USA,3 nominations.,,5.9,13127
Homeward Bound: The Incredible Journey,Three pets escape from a California ranch to find their owners in San Francisco.,G,1993,12 Feb 1993,84 min,"Adventure, Comedy, Drama, Family",Duwayne Dunham,"Sheila Burnford (novel), Caroline Thompson (screenplay), Linda Woolverton (screenplay)","Don Alder, Ed Bernard, Kevin Chevalia, Anne Christianson",English,USA,1 nomination.,,6.9,40421
"Honey, I Blew Up the Kid","The Szalinski family is back, this time hilarious disaster strikes when an experiment causes their new toddler son to grow many stories tall.",PG,1992,17 Jul 1992,89 min,"Adventure, Comedy, Family, Romance, Sci-Fi",Randal Kleiser,"Stuart Gordon (characters), Brian Yuzna (characters), Ed Naha (characters), Garry Goodrow (story), Thom Eberhardt (screenplay), Peter Elbling (screenplay), Garry Goodrow (screenplay)","Rick Moranis, Marcia Strassman, Robert Oliveri, Daniel Shalikar",English,USA,10 nominations.,50.0,4.8,39775
"Honey, I Shrunk the Kids",The scientist father of a teenage girl and boy accidentally shrinks his and two other neighborhood teens to the size of insects. Now the teens must fight diminutive dangers as the father searches for them.,PG,1989,23 Jun 1989,93 min,"Adventure, Comedy, Family, Sci-Fi",Joe Johnston,"Stuart Gordon (story), Brian Yuzna (story), Ed Naha (story), Ed Naha (screenplay), Tom Schulman (screenplay)","Rick Moranis, Matt Frewer, Marcia Strassman, Kristine Sutherland",English,"USA, Mexico",Won 1 BAFTA Film Award. Another 1 win & 10 nominations.,63.0,6.3,137074
"Honey, We Shrunk Ourselves!","Mischief device, created by Wayne Szalinski, mess up again - this time not the children have shrunk, but the adults themselves.",PG,1997,18 Mar 1997,74 min,"Action, Adventure, Comedy, Family, Sci-Fi",Dean Cundey,"Stuart Gordon (based on characters created by), Brian Yuzna (based on characters created by), Ed Naha (based on characters created by), Karey Kirkpatrick, Nell Scovell, Joel Hodgson","Rick Moranis, Eve Gordon, Bug Hall, Robin Bartlett",English,USA,,,5.0,12439
Horse Sense,After treating his rancher cousin shoddily in L.A. Michael Woods is sentenced by his parents to spending a month on the ranch with his cousin and aunt.,TV-G,1999,20 Nov 1999,92 min,"Drama, Family",Greg Beeman,"Chad Hayes, Carey W. Hayes","Joey Lawrence, Andrew Lawrence, Susan Walters, M.C. Gainey",English,USA,1 nomination.,,6.2,1485
Hounded,A teenager ends up being hounded by a well-groomed and seemingly cute and tiny dog that actually turns out to be a nightmare of a beast.,TV-G,2001,01 Apr 2001,91 min,"Comedy, Drama, Family",Neal Israel,"Don Calame, Chris Conroy","Tahj Mowry, Craig Kirkwood, Shia LaBeouf, Ed Begley Jr.",English,USA,,,5.1,894
How Dogs Got Their Shapes,,,2016,17 Apr 2016,,Documentary,Keith Haskel,"Keith Haskel, Stan Hsue (developed by), Timothy Kuryak (developed by), Joseph Stanton (developed by)",,English,USA,,,6.8,34
How to Build a Better Boy,Teenage tech whizzes unwittingly use military software to program a robotic boyfriend.,TV-G,2014,15 Aug 2014,90 min,"Comedy, Family, Sci-Fi",Paul Hoen,Jason Mayland,"China Anne McClain, Kelli Berglund, Marshall Williams, Matt Shively","English, French",USA,2 nominations.,,5.5,2484
How to Fish,"Goofy demonstrates yet another pasttime, fishing. His demonstrated skill fails to explain where all the trophies mounted in his study came from...",,1942,04 Dec 1942,7 min,"Comedy, Family, Animation",Jack Kinney,,George Johnson,English,USA,,,7.0,367
How to Play Baseball,"Goofy shows us the national pastime. After a brief overview, we have a demonstration of the many possible pitches. On to the World Series, where we go through an eventful inning, ...",,1942,04 Sep 1942,8 min,"Animation, Short, Comedy",Jack Kinney,,George Johnson,English,USA,,,7.3,462
How to Play Football,It's Taxidermy Tech vs. Anthropology A&M for this introduction to college football (first piece of special equipment needed: a campus covered in ivy). Among the names borrowed for players: ...,Approved,1944,15 Sep 1944,7 min,"Animation, Short, Comedy, Family, Sport",Jack Kinney,"Rex Cox (story), Harry Reeves (story)",Pinto Colvig,English,USA,,,7.2,826
How to Swim,"Goofy shows us how to swim, first using a piano stool to demonstrate the strokes, right into the middle of traffic and back again. Next, Goofy tries to change in a tiny beachhouse and ends ...",,1942,23 Oct 1942,8 min,"Animation, Short, Comedy",Jack Kinney,"Webb Smith, Ralph Wright","George Johnson, John McLeish",English,USA,,,7.1,386
I'll Be Home for Christmas,"A college student faces an impossible journey when he is left stranded in the desert, thousands of miles from home, with no money and only a few days left until Christmas.",PG,1998,13 Nov 1998,86 min,"Comedy, Family",Arlene Sanford,"Tom Nursall (screenplay), Harris Goldberg (screenplay), Michael Allin (story)","Jonathan Taylor Thomas, Jessica Biel, Adam LaVorgna, Gary Cole",English,"USA, Canada",,,5.5,8812
Ice Age,"Set during the Ice Age, a sabertooth tiger, a sloth, and a wooly mammoth find a lost human infant, and they try to return him to his tribe.",PG,2002,15 Mar 2002,81 min,"Animation, Adventure, Comedy, Family, Fantasy","Chris Wedge, Carlos Saldanha(co-director)","Michael J. Wilson (story by), Michael Berg (screenplay by), Michael J. Wilson (screenplay by), Peter Ackerman (screenplay by), James Bresnahan (additional story), Doug Compton (additional story), Jeff Siergey (additional story), Mike Thurmeier (additional story), Galen T. Chu (additional story), Xeth Feinberg (additional story)","Ray Romano, John Leguizamo, Denis Leary, Goran Visnjic",English,USA,Nominated for 1 Oscar. Another 5 wins & 29 nominations.,60.0,7.5,421204
Ice Age: The Great Egg-Scapade,"When Sid takes a job as an egg nanny, he's unaware an old enemy has plans of his own. The shenanigans lead to the first egg hunt and creation of popular Easter traditions.",TV-PG,2016,20 Mar 2016,25 min,"Animation, Short, Adventure, Comedy, Family","Paul Stodolny, Ricardo Curtis, Steve Martino, Mike Thurmeier",Jim Hecht,"Blake Anderson, Tyree Brown, David Cowgill, Jennifer Elrod",English,USA,,,5.9,2814
Ice Princess,"With the help of her coach, her mom, and the boy who drives the Zamboni machine, nothing can stop Casey (Trachtenberg) from realizing her dream to be a champion figure skater.",G,2005,18 Mar 2005,98 min,"Comedy, Drama, Family, Sport",Tim Fywell,"Meg Cabot (story), Hadley Davis (story), Hadley Davis (screenplay)","Michelle Trachtenberg, Joan Cusack, Amy Stewart, Steve Ross",English,"USA, Canada",,55.0,6.0,23891
In the Footsteps of Elephant,It follows filmmakers as they capture the epic journey of African elephants across the Kalahari desert for Disneynature's Elephant (2020).,G,2020,03 Apr 2020,85 min,"Documentary, Adventure, Family","Vanessa Berlowitz, Tom Stephens(co-director)","Vanessa Berlowitz, David Fowler","Jeremy Sisto, Mike Chase, Mike Holding, Roger Horrocks",English,USA,,,8.1,17
Inside Out,"After young Riley is uprooted from her Midwest life and moved to San Francisco, her emotions - Joy, Fear, Anger, Disgust and Sadness - conflict on how best to navigate a new city, house, and school.",PG,2015,19 Jun 2015,95 min,"Animation, Adventure, Comedy, Drama, Family, Fantasy","Pete Docter, Ronnie Del Carmen(co-director)","Pete Docter (original story by), Ronnie Del Carmen (original story by), Pete Docter (screenplay by), Meg LeFauve (screenplay by), Josh Cooley (screenplay by), Michael Arndt (additional story material by), Simon Rich (additional story material by), Bill Hader (additional dialogue by), Amy Poehler (additional dialogue by)","Amy Poehler, Phyllis Smith, Richard Kind, Bill Hader",English,USA,Won 1 Oscar. Another 97 wins & 114 nominations.,94.0,8.2,577209
Inspector Gadget,A security guard's dreams come true when he is selected to be transformed into a cybernetic police officer.,PG,1999,23 Jul 1999,78 min,"Action, Adventure, Comedy, Crime, Family, Sci-Fi",David Kellogg,"Andy Heyward (characters), Jean Chalopin (characters), Bruno Bianchi (characters), Dana Olsen (story), Kerry Ehrin (story), Kerry Ehrin (screenplay), Zak Penn (screenplay)","Matthew Broderick, Rupert Everett, Joely Fisher, Michelle Trachtenberg","English, Norwegian, French, Spanish",USA,1 win & 13 nominations.,36.0,4.1,43808
Inspector Gadget 2,"Inspector Gadget returns in this sequel to the 1999 hit. A glitched Gadget once again must fight his arch nemesis, Claw, with the aid of a female Gadget: G2.",G,2003,11 Mar 2003,89 min,"Action, Comedy, Crime, Family, Sci-Fi",Alex Zamm,"Andy Heyward (characters), Jean Chalopin (characters), Bruno Bianchi (characters), Ron Anderson, William Robertson, Alex Zamm","French Stewart, Elaine Hendrix, Tony Martin, Caitlin Wachs",English,USA,4 nominations.,,3.4,5423
Into the Canyon,"Two journalists traverse the Grand Canyon by foot, hoping to better understand the revered canyon.",,2019,21 Feb 2019,84 min,Documentary,Peter McBride,,"Kevin Fedarko, Peter McBride",English,USA,,,7.7,94
Into the Okavango,"A passionate conservation biologist brings together a river bushman fearful of losing his past and a young scientist uncertain of her future on an epic, four-month expedition across three ...",,2018,22 Apr 2018,88 min,Documentary,Neil Gelinas,"Neil Gelinas, Brian Newell",Steve Boyes,English,"USA, Angola, Botswana, Namibia, South Africa",1 win & 2 nominations.,,7.6,183
Invincible,"Based on the story of Vince Papale, a 30-year-old bartender from South Philadelphia who overcame long odds to play for the NFL's Philadelphia Eagles in 1976.",PG,2006,25 Aug 2006,105 min,"Biography, Drama, Sport",Ericson Core,Brad Gann,"Mark Wahlberg, Greg Kinnear, Elizabeth Banks, Kevin Conway",English,USA,2 nominations.,63.0,7.1,63682
Invisible Sister,"Teenager Cleo's school science project goes quite awry, causing her popular older sister Molly to go invisible.",TV-G,2015,09 Oct 2015,80 min,"Adventure, Comedy, Family, Fantasy",Paul Hoen,"Billy Eddy (teleplay by), Billy Eddy (television story by), Matt Eddy (teleplay by), Matt Eddy (television story by), Jessica O'Toole (television story by), Amy Rardin (television story by)","Rowan Blanchard, Paris Berelc, Karan Brar, Rachel Crow",English,USA,1 nomination.,,6.1,2240
Iron Will,A brave young man is thrust into adulthood as he and his courageous team of sled dogs embark on a grueling and treacherous cross-country marathon.,PG,1994,14 Jan 1994,108 min,"Adventure, Family",Charles Haid,"John Michael Hayes, Djordje Milicevic, Jeff Arch","Mackenzie Astin, Kevin Spacey, David Ogden Stiers, August Schellenberg",English,USA,,56.0,6.6,7095
Jack,"Because of an unusual disorder that has aged him four times faster than a typical human being, a boy looks like a 40-year-old man as he starts fifth grade at public school after being homeschooled.",PG-13,1996,09 Aug 1996,113 min,"Comedy, Drama, Fantasy",Francis Ford Coppola,"James DeMonaco, Gary Nadeau","Robin Williams, Diane Lane, Brian Kerwin, Jennifer Lopez","English, Spanish",USA,6 nominations.,31.0,5.8,54474
Jack-Jack Attack,"The Parrs' baby Jack-Jack is thought to be normal, not having any super-powers like his parents or siblings. But when an outsider is hired to watch him, Jack-Jack shows his true potential.",Not Rated,2005,11 Jan 2008,5 min,"Animation, Short, Adventure, Comedy, Family",Brad Bird,"Brad Bird, Teddy Newton (story), Mark Andrews (story), Rob Gibbs (story), Bosco Ng (story)","Bret 'Brook' Parker, Bud Luckey, Eli Fucile, Jason Lee",English,USA,1 win & 1 nomination.,,7.6,13829
James and the Giant Peach,"An orphan, who lives with his two cruel aunts, befriends anthropomorphic bugs who live inside a giant peach, and they embark on a journey to New York City.",PG,1996,12 Apr 1996,79 min,"Animation, Adventure, Family, Fantasy, Musical",Henry Selick,"Roald Dahl (based on the book by), Karey Kirkpatrick (screenplay), Jonathan Roberts (screenplay), Steve Bloom (screenplay)","Simon Callow, Richard Dreyfuss, Jane Leeves, Joanna Lumley",English,"UK, USA",Nominated for 1 Oscar. Another 4 wins & 9 nominations.,78.0,6.7,57814
Jane,"The life and work of the renowned primatology scientist, Jane Goodall, especially on her research about chimpanzees.",PG,2017,24 Nov 2017,90 min,"Documentary, Biography",Brett Morgen,"Brett Morgen, Jane Goodall (based on the writings of)","Jane Goodall, Hugo Van Lawick, Hugo Eric Louis van Lawick",English,USA,Won 2 Primetime Emmys. Another 34 wins & 37 nominations.,87.0,7.8,3897
John Carter,"Transported to Barsoom, a Civil War vet discovers a barren planet seemingly inhabited by 12-foot tall barbarians. Finding himself prisoner of these creatures, he escapes, only to encounter Woola and a princess in desperate need of a savior.",PG-13,2012,09 Mar 2012,132 min,"Action, Adventure, Sci-Fi",Andrew Stanton,"Andrew Stanton (screenplay by), Mark Andrews (screenplay by), Michael Chabon (screenplay by), Edgar Rice Burroughs (based on the story ""A Princess of Mars"" by)","Taylor Kitsch, Lynn Collins, Samantha Morton, Willem Dafoe",English,USA,2 wins & 8 nominations.,51.0,6.6,248903
Johnny Kapahala: Back on Board,"In the movie, Johnny Kapahala, a teen snowboarding champion from Vermont, returns to Oahu, Hawaii, for the wedding of his hero -- his grandfather, local surf legend Johnny Tsunami -- and to...",Not Rated,2007,23 Nov 2007,90 min,"Comedy, Drama, Family, Sport",Eric Bross,"Ann Austen (teleplay), Douglas Sloan (teleplay), Max Enscoe (teleplay), Annie DeYoung (teleplay)","Brandon Baker, Jake T. Austin, Cary-Hiroyuki Tagawa, Robyn Lively",English,USA,2 wins.,,5.5,1922
Johnny Tsunami,A Hawaiian teenage surfer shows off his skills when he takes to the snow slopes in Vermont.,TV-G,1999,24 Jul 1999,88 min,"Drama, Family, Sport",Steve Boyum,"Ann Austen, Douglas Sloan","Cary-Hiroyuki Tagawa, Brandon Baker, Mary Page Keller, Yuji Okumoto",English,USA,1 nomination.,,6.3,4615
Jonas Brothers: The 3D Concert Experience,"A 3-D concert film of the 2008 Jonas Brothers ""Burning Up"" concert tour, as well as documentary footage on the lives of the three brothers.",G,2009,27 Feb 2009,76 min,"Documentary, Music",Bruce Hendricks,,"Kevin Jonas, Joe Jonas, Nick Jonas, John Taylor",English,USA,1 win & 4 nominations.,45.0,1.5,17198
Journey to the Center of the Earth,An Edinburgh professor and assorted colleagues follow an explorer's trail down an extinct Icelandic volcano to the earth's center.,Approved,1959,01 Dec 1959,129 min,"Adventure, Family, Fantasy, Romance, Sci-Fi",Henry Levin,"Walter Reisch (screenplay), Charles Brackett (screenplay), Jules Verne (novel)","Pat Boone, James Mason, Arlene Dahl, Diane Baker","English, Swedish, French, Italian, Russian",USA,Nominated for 3 Oscars. Another 1 win & 2 nominations.,,7.0,15008
Jump In!,A teenager is pressured by his father to become a boxer - but a local girl introduces him to the very different sport of rope-jumping.,TV-G,2007,27 Apr 2007,85 min,"Comedy, Drama, Family, Romance, Sport",Paul Hoen,"Doreen Spicer, Regina Y. Hicks, Karin Gist","Corbin Bleu, Keke Palmer, David Reivers, Shanica Knowles",English,USA,2 wins & 2 nominations.,,5.3,6574
Jumping Ship,Michael has big plans to show his cousin Tommy a good time aboard a luxury yacht until he discovers that the yacht he's chartered is actually an old rusted fishing boat. But when modern-day...,TV-G,2001,17 Aug 2001,93 min,"Family, Adventure, Comedy, Drama",Michael Lange,"Chad Hayes, Carey W. Hayes","Joey Lawrence, Matthew Lawrence, Andrew Lawrence, Susan Walters",English,"Australia, USA",,,6.2,1603
Jungle 2 Jungle,"A man learns he has a thirteen-year-old son who was raised in the jungle and brings the boy to New York City, turning his life upside down in the process.",PG,1997,07 Mar 1997,105 min,"Comedy, Family",John Pasquin,"Hervé Palud (earlier screenplay Un indien dans la ville), Thierry Lhermitte (earlier screenplay Un indien dans la ville), Jean-Marie Pallardy (earlier screenplay Un indien dans la ville), Philippe Bruneau (earlier screenplay Un indien dans la ville), Bruce A. Evans (screenplay), Raynold Gideon (screenplay)","Tim Allen, Martin Short, JoBeth Williams, Lolita Davidovich",English,"USA, France",3 nominations.,42.0,5.2,22111
Jungle Cat,This documentary chronicles the life of a female spotted jaguar in the South American jungle.,Approved,1960,19 Oct 1960,69 min,"Documentary, Family",James Algar,James Algar,Winston Hibler,English,USA,1 win & 1 nomination.,,7.4,205
Justin Morgan Had a Horse,"The circumstances that lead to the origination of the first American Bred Horse, the Morgan Horse.",TV-G,1972,06 Feb 1972,91 min,"Family, Drama, Western",Hollingsworth Morse,"Calvin Clements Jr., Marguerite Henry (novel), Rod Peterson","Don Murray, R.G. Armstrong, Whit Bissell, Gary Crosby",English,USA,,,6.5,125
Kazaam,"A troubled kid inadvertently releases a genie, who must grant him any three wishes he requests.",PG,1996,17 Jul 1996,93 min,"Comedy, Family, Fantasy, Musical",Paul Michael Glaser,"Paul Michael Glaser (story), Christian Ford (screenplay), Roger Soffer (screenplay)","Shaquille O'Neal, Francis Capra, Ally Walker, James Acheson",English,USA,2 nominations.,24.0,3.0,22405
Kim Possible,Heroes Kim and Ron face the problems of starting high school as freshmen when their team gets an addition. Every hero needs a villain and one's just been sprung from prison. Will Kim save the world again or will high school bog her down?,TV-G,2019,15 Feb 2019,86 min,"Action, Adventure, Comedy","Zach Lipovsky, Adam B. Stein","Josh A. Cagan (script), Josh A. Cagan, Mark McCorkle (characters), Mark McCorkle (script), Mark McCorkle, Robert Schooley (characters), Robert Schooley (script), Robert Schooley","Sadie Stanley, Sean Giambrone, Ciara Riley Wilson, Todd Stashwick",English,USA,,,3.6,2030
Kim Possible: So the Drama,"Kim's heart is quickly captured by the new boy, Eric, who soon becomes her boyfriend. Unknown to Kim, her best friend and sidekick, Ron has developed stronger feelings toward her.",TV-G,2005,08 Apr 2005,71 min,"Animation, Action, Adventure, Comedy, Family, Fantasy, Sci-Fi",Steve Loter,"Robert Schooley, Mark McCorkle","Christy Carlson Romano, Will Friedle, Nancy Cartwright, Tahj Mowry",English,USA,1 nomination.,,7.1,3728
Kingdom of the Blue Whale,"This documentary from National Geographic takes a super in-depth look at the mysterious creature the Blue Whale, exploring how the effects of currents on the ocean floors influence the ways...",,2009,08 Mar 2009,,Documentary,,Sue Houghton,"Tom Selleck, Scott Baker, John Calambokidis, Darlene Kenton",English,USA,,,7.3,77
Kitbull,"An unlikely connection sparks between two creatures: a fiercely independent stray kitten and a pit bull. Together, they experience friendship for the first time.",PG,2019,18 Feb 2019,9 min,"Animation, Short, Drama, Family",Rosana Sullivan,Rosana Sullivan,,English,USA,Nominated for 1 Oscar. Another 1 win.,,8.0,3834
Kronk's New Groove,"Kronk desperately tries to find ways to impress his dad, whom he can never please. But when things go wrong, Kronk kicks into comical gear and discovers the true riches in life are his friends and being ""true to your groove"".",G,2005,13 Dec 2005,75 min,"Animation, Comedy, Family, Musical, Romance","Saul Blinkoff, Elliot M. Bour","Tony Leondis (story by), Michael LaBash (story by), Tom Rogers (story by), Tom Rogers (screenplay by), Michael Lucker","Patrick Warburton, Tracey Ullman, Eartha Kitt, David Spade",English,USA,8 nominations.,,5.8,10599
La Luna,A young boy helps his father and grandfather harvest stars from the moon.,G,2011,22 Jun 2012,7 min,"Animation, Short, Family, Fantasy",Enrico Casarosa,Enrico Casarosa,"Tony Fucile, Krista Sheffler, Phil Sheridan",,USA,Nominated for 1 Oscar. Another 1 win & 1 nomination.,,8.0,12217
Lady and the Tramp,The romantic tale of a sheltered uptown Cocker Spaniel dog and a streetwise downtown Mutt.,PG,2019,12 Nov 2019,103 min,"Adventure, Comedy, Drama, Family, Musical, Romance",Charlie Bean,"Andrew Bujalski (screenplay by), Kari Granlund","Tessa Thompson, Justin Theroux, Sam Elliott, Ashley Jensen",English,USA,4 nominations.,48.0,6.3,12134
Lady and the Tramp,The romantic tale of a sheltered uptown Cocker Spaniel dog and a streetwise downtown Mutt.,G,1955,22 Jun 1955,76 min,"Animation, Adventure, Comedy, Drama, Family, Romance","Clyde Geronimi, Wilfred Jackson, Hamilton Luske","Ward Greene (from the story by), Erdman Penner (story), Joe Rinaldi (story), Ralph Wright (story), Don DaGradi (story)","Peggy Lee, Larry Roberts, Bill Baucom, Verna Felton",English,USA,Nominated for 1 BAFTA Film Award. Another 1 win & 1 nomination.,78.0,7.3,116990
Lady and the Tramp 2: Scamp's Adventure,"Seeking the freedom to be a wild dog, the son of Lady and the Tramp runs away to join a gang of junkyard dogs.",G,2001,27 Feb 2001,69 min,"Animation, Adventure, Family, Musical, Romance","Darrell Rooney, Jeannine Roussel(co-director)","Bill Motz (screenplay), Bob Roth (screenplay), Tom Rogers (additional screenplay material), Flip Kobler (additional screenplay material), Cindy Marcus (additional screenplay material), Ward Greene (characters)","Scott Wolf, Alyssa Milano, Chazz Palminteri, Jeff Bennett",English,"USA, Australia",1 win & 7 nominations.,,5.9,9837
Lambert the Sheepish Lion,"A delivery stork mistakenly delivers Lambert, a lion cub, to a flock of sheep. The mother won't let the stork take him back, so Lambert is raised as a sheep, but he just doesn't fit in. He ...",Approved,1952,08 Feb 1952,8 min,"Animation, Short, Comedy, Family",Jack Hannah,"Bill Peet (story), Ralph Wright (story), Milt Banta (story)",Sterling Holloway,English,USA,,,7.7,1848
Lamp Life,Short that shows what happened to Bo Peep and her sheep between Toy Story 2 and when she reappears in Toy Story 4.,,2020,31 Jan 2020,7 min,"Animation, Short, Family, Fantasy",Valerie LaPointe,Valerie LaPointe,"Annie Potts, Ally Maki, Jim Hanks, Emily Davis",English,USA,,,6.7,980
The New Yoda Chronicles: Clash of the Skywalkers,"The enraged Emperor sends Darth Vader and his entire fleet to find and destroy Luke as revenge for his destruction of the Holocrons. Luke, however, finds inspiration from the last remaining...",,2014,23 Nov 2014,22 min,Animation,Michael Hegner,Michael Price,"Eric Bauza, Michael Daingerfield, Anthony Daniels, Trevor Devall",English,"Denmark, China",,,7.4,54
The New Yoda Chronicles: Raid on Coruscant,The Emperor uses the information on the recovered Holocrons to launch devastating attacks on planets sympathetic to the Rebellion. Luke knows there's only one solution: a daring raid on Coruscant to get the Holocrons back.,,2014,20 Sep 2014,22 min,Animation,Michael Hegner,Michael Price,"Eric Bauza, Michael Daingerfield, Anthony Daniels, Trevor Devall",English,"Denmark, China",,,7.5,65
The New Yoda Chronicles: Escape from the Jedi Temple,"Luke makes an immature decision that is close to disaster, so Yoda and Ben Kenobi chooses to extend his learning.",,2014,04 May 2014,22 min,Animation,Michael Hegner,Michael Price,"Eric Bauza, Michael Daingerfield, Anthony Daniels, Trevor Devall",English,"Denmark, China",,,7.5,161
Lemonade Mouth,"Five high school kids, Olivia, Wendall, Stella, Charlie, and Mo, meet in detention and start a band based on the lemonade vending machine outside the detention room.",TV-PG,2011,15 Apr 2011,103 min,"Comedy, Drama, Family, Music, Musical",Patricia Riggen,"April Blair (teleplay), Mark Peter Hughes (novel)","Bridgit Mendler, Adam Hicks, Hayley Kiyoko, Naomi Scott",English,USA,2 nominations.,,6.9,13515
Lend a Paw,"Pluto saves the life of a kitten, and later feels jealous towards the kitten after Mickey Mouse takes the kitten in.",APPROVED,1941,03 Oct 1941,8 min,"Animation, Short, Comedy",Clyde Geronimi,,"Pinto Colvig, Walt Disney",English,USA,,,7.1,803
Leroy & Stitch,"New circumstances forces Lilo and her alien friends to part ways while Gantu and Dr. Van Hamsterviel create the Stitch clone, Leroy, in order to capture all of the experiments and take over the galaxy.",G,2006,23 Jun 2006,73 min,"Animation, Action, Adventure, Comedy, Drama, Family, Sci-Fi","Tony Craig, Roberts Gannaway","Roberts Gannaway, Jess Winfield","Daveigh Chase, Chris Sanders, David Ogden Stiers, Kevin McDonald",English,USA,1 nomination.,,6.2,4565
Let It Shine,A teenage rapper must use his musical talent to battle his nemesis and win the girl of his dreams.,TV-G,2012,01 Jun 2012,104 min,"Drama, Family, Music",Paul Hoen,"Eric Daniel (teleplay), Don D. Scott (teleplay), Eric Daniel (story)","Tyler James Williams, Coco Jones, Trevor Jackson, Brandon Mychal Smith",English,USA,4 wins & 6 nominations.,,6.4,2731
Let's Stick Together,"An elderly bee, seeing an equally elderly Donald Duck in the park, looks back on their long partnership. The bee started helping Donald pick up trash, then using his sharp stinger to ...",,1952,25 Apr 1952,7 min,"Family, Animation, Comedy, Short",Jack Hannah,"Nick George (story), Al Bertino (story)","June Foray, Clarence Nash, Bill Thompson",English,USA,,,7.0,221
Life Is Ruff,"Calvin Wheeler is a scheming 13-year-old boy with everything going for him, except for an original issue of his precious comic book collection. When a prized show-dog chases him down while ...",TV-G,2005,15 Jul 2005,84 min,"Comedy, Family",Charles Haid,Eddie Guzelian,"Kyle Massey, Kay Panabaker, Mitchel Musso, Carter Jenkins",English,USA,,,4.9,1205
Life with Mikey,A once-popular actor who now runs a talent agency specializing in child acts is trying to discover the next star. He gets more than he bargained for when he recruits a child pickpocket.,PG,1993,04 Jun 1993,91 min,"Comedy, Family",James Lapine,Marc Lawrence,"Michael J. Fox, Christina Vidal, Nathan Lane, Cyndi Lauper",English,USA,2 wins & 2 nominations.,,5.6,5221
Life-Size 2,"Grace is a hot mess in the middle of a quarter-life crisis, realizing that she is in over her head as a toy company's CEO. To make it worse, her wild-child ways are causing the company's stock to plummet.",TV-14,2018,02 Dec 2018,81 min,"Comedy, Fantasy",Steven K. Tsuchida,"Cameron Fay, Stacey Harman, Stephanie Moore (characters)","Tyra Banks, Francia Raisa, Gavin Stenhouse, Hank Chen",English,USA,1 nomination.,,4.8,727
Lifted,"A teenage alien is trying to abduct a sleeping human, but doesn't know which switch to use.",G,2006,29 Jun 2007,5 min,"Animation, Short, Comedy, Family, Sci-Fi",Gary Rydstrom,"Gary Rydstrom, Jeff Pidgeon (story), Maxwell Brace IV (story)",,,USA,,,7.9,17178
Lilo & Stitch,A Hawaiian girl adopts an unusual pet who is actually a notorious extra-terrestrial fugitive.,PG,2002,21 Jun 2002,85 min,"Animation, Adventure, Comedy, Drama, Family, Fantasy, Sci-Fi","Dean DeBlois, Chris Sanders","Chris Sanders (based on an idea by), Chris Sanders, Dean DeBlois","Daveigh Chase, Chris Sanders, Tia Carrere, David Ogden Stiers","English, Hawaiian",USA,Nominated for 1 Oscar. Another 10 wins & 26 nominations.,73.0,7.2,160264
Lilo & Stitch 2: Stitch Has a Glitch,A malfunction threatens to destroy Stitch and his friendship with Lilo!,PG,2005,30 Aug 2005,68 min,"Animation, Comedy, Drama, Family, Sci-Fi","Michael LaBash, Tony Leondis","Tony Leondis (screenplay by), Michael LaBash (screenplay by), Eddie Guzelian (screenplay by), Alexa Junge (screenplay by)","Chris Sanders, Dakota Fanning, Tia Carrere, David Ogden Stiers","English, French, Spanish",USA,2 wins & 13 nominations.,,6.3,11210
Lonesome Ghosts,"Four bored ghosts in a haunted house who've scared everyone away call up Ghost Hunters Mickey, Donald, and Goofy in hopes to have a little fun scaring them off.",,1937,24 Dec 1937,9 min,"Animation, Short, Comedy, Family",Burt Gillett,,"Billy Bletcher, Pinto Colvig, Walt Disney, Clarence Nash",English,USA,,,7.7,1838
Loop,"In LOOP, two kids at canoe camp find themselves adrift on a lake, unable to move forward until they find a new way to connect and see the world through each other's eyes.",PG,2020,10 Jan 2020,9 min,"Animation, Short, Adventure, Family, Mystery",Erica Milsom,"Adam Burke (story by), Matthias De Clercq (story by), Erica Milsom","Madison Bandy, Christiano Delgado, Louis Gonzales, Asher Brodkey",English,USA,,,6.7,362
Lou,A Pixar short about a lost-and-found box and the unseen monster within.,G,2017,16 Jun 2017,7 min,"Animation, Short, Comedy, Family, Fantasy",Dave Mullins,Dave Mullins,Jack Bright,English,USA,Nominated for 1 Oscar. Another 2 nominations.,,7.9,5581
The Luck of the Irish,A teenager must battle for a gold charm to keep his family from being controlled by an evil leprechaun.,TV-G,2001,09 Mar 2001,86 min,"Adventure, Comedy, Drama, Family, Fantasy, Sport",Paul Hoen,"Andrew Price (story), Andrew Price (teleplay), Mark Edward Edens (teleplay)","Ryan Merriman, Henry Gibson, Alexis Lopez, Glenndon Chatman",English,USA,,,6.2,6337
Playdate with Destiny,Maggie and Marge are having a play-date at Springfield's finest toddler play park when Maggie becomes smitten with a little boy. It's love at first suck and Maggie dreams about seeing him again after a day full of make-believe romance.,G,2020,06 Mar 2020,5 min,"Animation, Short, Comedy, Family, Romance",David Silverman,"James L. Brooks, Tom Gammill, Max Pross, Matt Groening, Al Jean, Michael Price, Matt Selman, David Silverman",Chris Edgerly,English,USA,,,6.7,686
Magician Mickey,"Donald Duck continually heckles Mickey's magic act, but Mickey bests him at every turn.",Approved,1937,06 Feb 1937,8 min,"Family, Animation, Comedy, Short",David Hand,,"Pinto Colvig, Walt Disney, Clarence Nash",English,USA,,,7.3,818
Man Among Cheetahs,Wildlife filmmaker Bob Poole follows a mother cheetah named Naborr who is determined to keep her two cubs alive.,,2017,11 Dec 2017,,Documentary,,James Manfull,Robert Poole,English,USA,,,6.5,15
Mars Needs Moms,A young boy named Milo gains a deeper appreciation for his mom after Martians come to Earth to take her away.,PG,2011,11 Mar 2011,88 min,"Animation, Action, Adventure, Family, Sci-Fi",Simon Wells,"Simon Wells (screenplay), Wendy Wells (screenplay), Berkeley Breathed (book)","Seth Green, Dan Fogler, Joan Cusack, Elisabeth Harnois",English,USA,2 nominations.,49.0,5.4,20441
MARS: Inside SpaceX,"MARS: Inside SpaceX will go inside SpaceX's plan to get humanity to Mars, providing an unprecedented glimpse into one of the world's most revolutionary companies. Filmed over the course of ...",,2018,12 Nov 2018,46 min,Documentary,Julia Reagan,,Raz Friman,English,USA,,,7.4,534
Marvel 75 Years: From Pulp to Pop!,Emily Vancamp hosts this one of a kind experience showing the history and development of Marvel from the first comic book to the latest blockbuster hit.,,2014,04 Nov 2014,42 min,"Documentary, History",Zak Knutson,Laura Shields,"Axel Alonso, Hayley Atwell, Gerry Conway, Louis D'Esposito",English,USA,,,7.4,594
Marvel Rising: Battle of the Bands,"Ghost-Spider is no stranger to having to balance a secret identity and her normal life, but she's never been a part of a team in this series. Learning to deal with those expectations is a ...",,2019,28 Aug 2019,22 min,"Animation, Short, Action, Adventure, Family",,Mae Catt,"Dove Cameron, Skai Jackson, Kathreen Khavari, Tyler Posey",English,USA,,,5.0,85
Marvel Rising: Chasing Ghosts,Marvel Rising: Chasing Ghosts follows fan-favorite Ghost-Spider teaming-up with the Secret Warriors to bring down the villains Sheath and Exile for good. Can team leader Quake convince Ghost-Spider to join the team for good?,,2019,16 Jan 2019,22 min,"Animation, Short, Action, Adventure",Alfred Gimeno,Mairghread Scott,"Dee Bradley Baker, Chloe Bennet, Dove Cameron, Skai Jackson",English,USA,,,4.6,242
Marvel Rising: Heart of Iron,"Riri Williams feels socially isolated because she is young for a college student. Hala the Accuser destroys the school's engineering lab and kidnaps Riri's best friend. inspired by Iron Man, Riri hatches a plan to save the day.",,2019,31 Mar 2019,44 min,"Animation, Short, Action, Sci-Fi","Sol Choi, Alfred Gimeno","Margaret Dunlap, Brian Michael Bendis (based on the Marvel comics by), Stefano Caselli (based on the Marvel comics by), Mike Deodato Jr. (based on the Marvel comics by)","Dee Bradley Baker, Chloe Bennet, Dove Cameron, Robbie Daymond",English,USA,,,4.0,306
Marvel Rising: Operation Shuri,,TV-Y7-FV,2019,11 Oct 2019,21 min,"Animation, Short, Action, Adventure","Chris Rutkowski, Eric Radomski",,,English,USA,,,,0
Marvel Rising: Playing with Fire,,TV-Y7-FV,2019,18 Dec 2019,44 min,"Animation, Action, Adventure, Sci-Fi","Sol Choi, Eric Radomski",Danielle Wolff,"Dove Cameron, Kathreen Khavari, Tyler Posey, Cierra Ramirez",English,USA,,,5.5,61
Marvel Rising: Secret Warriors,"Marvel Rising: Secret Warriors will launch first as a series of six four-minute digital shorts, with the full film coming to the screen in 2018.",,2018,30 Sep 2018,80 min,"Animation, Action, Comedy, Fantasy, Sci-Fi","Alfred Gimeno, Eric Radomski",Mairghread Scott,"Dee Bradley Baker, Chloe Bennet, Kathreen Khavari, Andrew Kishino",English,USA,,,5.1,854
Marvel Studios: Assembling a Universe,"A look at the story behind Marvel Studios and the Marvel Cinematic Universe, featuring interviews and behind-the-scenes footage from all of the Marvel films, the Marvel One-Shots and ""Marvel's Agents of S.H.I.E.L.D.""",TV-PG,2014,18 Mar 2014,43 min,"Documentary, History",,,"Axel Alonso, Victoria Alonso, Hayley Atwell, Jeffrey Bell",English,USA,,,7.6,936
Ant-Man,"Armed with a super-suit with the astonishing ability to shrink in scale but increase in strength, cat burglar Scott Lang must embrace his inner hero and help his mentor, Dr. Hank Pym, plan and pull off a heist that will save the world.",PG-13,2015,17 Jul 2015,117 min,"Action, Adventure, Comedy, Sci-Fi",Peyton Reed,"Edgar Wright (screenplay by), Joe Cornish (screenplay by), Adam McKay (screenplay by), Paul Rudd (screenplay by), Edgar Wright (story by), Joe Cornish (story by), Stan Lee (based on the Marvel comics by), Larry Lieber (based on the Marvel comics by), Jack Kirby (based on the Marvel comics by)","Paul Rudd, Michael Douglas, Evangeline Lilly, Corey Stoll",English,USA,Nominated for 1 BAFTA Film Award. Another 3 wins & 33 nominations.,64.0,7.3,540523
Avengers: Age of Ultron,"When Tony Stark and Bruce Banner try to jump-start a dormant peacekeeping program called Ultron, things go horribly wrong and it's up to Earth's mightiest heroes to stop the villainous Ultron from enacting his terrible plan.",PG-13,2015,01 May 2015,141 min,"Action, Adventure, Sci-Fi",Joss Whedon,"Joss Whedon, Stan Lee (based on the Marvel comics by), Jack Kirby (based on the Marvel comics by), Joe Simon (character created by: Captain America), Jack Kirby (character created by: Captain America), Jim Starlin (character created by: Thanos)","Robert Downey Jr., Chris Hemsworth, Mark Ruffalo, Chris Evans","English, Korean",USA,8 wins & 47 nominations.,66.0,7.3,711205
Avengers: Endgame,"After the devastating events of Avengers: Infinity War (2018), the universe is in ruins. With the help of remaining allies, the Avengers assemble once more in order to reverse Thanos' actions and restore balance to the universe.",PG-13,2019,26 Apr 2019,181 min,"Action, Adventure, Drama, Sci-Fi","Anthony Russo, Joe Russo","Christopher Markus (screenplay by), Stephen McFeely (screenplay by), Stan Lee (based on the Marvel comics by), Jack Kirby (based on the Marvel comics by), Joe Simon (Captain America created by), Jack Kirby (Captain America created by), Steve Englehart (Star-Lord created by), Steve Gan (Star-Lord created by), Bill Mantlo (Rocket Raccoon created by), Keith Giffen (Rocket Raccoon created by), Jim Starlin (Thanos,  Gamora & Drax created by), Stan Lee (Groot created by), Larry Lieber (Groot created by), Jack Kirby (Groot created by), Steve Englehart (Mantis created by), Don Heck (Mantis created by)","Robert Downey Jr., Chris Evans, Mark Ruffalo, Chris Hemsworth","English, Japanese, Xhosa, German",USA,Nominated for 1 Oscar. Another 64 wins & 102 nominations.,78.0,8.4,694527
Black Panther,"T'Challa, heir to the hidden but advanced kingdom of Wakanda, must step forward to lead his people into a new future and must confront a challenger from his country's past.",PG-13,2018,16 Feb 2018,134 min,"Action, Adventure, Sci-Fi",Ryan Coogler,"Ryan Coogler, Joe Robert Cole, Stan Lee (based on the Marvel comics by), Jack Kirby (based on the Marvel Comics by)","Chadwick Boseman, Michael B. Jordan, Lupita Nyong'o, Danai Gurira","English, Swahili, Nama, Xhosa, Korean",USA,Won 3 Oscars. Another 108 wins & 265 nominations.,88.0,7.3,579293
Captain America: Civil War,Political involvement in the Avengers' affairs causes a rift between Captain America and Iron Man.,PG-13,2016,06 May 2016,147 min,"Action, Adventure, Sci-Fi","Anthony Russo, Joe Russo","Christopher Markus (screenplay by), Stephen McFeely (screenplay by), Joe Simon (based on the Marvel comics by), Jack Kirby (based on the Marvel comics by)","Chris Evans, Robert Downey Jr., Scarlett Johansson, Sebastian Stan","English, German, Xhosa, Russian, Romanian, Hindi",USA,16 wins & 68 nominations.,75.0,7.8,628016
Captain America: The First Avenger,"Steve Rogers, a rejected military soldier, transforms into Captain America after taking a dose of a ""Super-Soldier serum"". But being Captain America comes at a price as he attempts to take down a war monger and a terrorist organization.",PG-13,2011,22 Jul 2011,124 min,"Action, Adventure, Sci-Fi",Joe Johnston,"Christopher Markus (screenplay), Stephen McFeely (screenplay), Joe Simon (comic books), Jack Kirby (comic books)","Chris Evans, Hayley Atwell, Sebastian Stan, Tommy Lee Jones","English, Norwegian, French",USA,4 wins & 46 nominations.,66.0,6.9,711603
Captain America: The Winter Soldier,"As Steve Rogers struggles to embrace his role in the modern world, he teams up with a fellow Avenger and S.H.I.E.L.D agent, Black Widow, to battle a new threat from history: an assassin known as the Winter Soldier.",PG-13,2014,04 Apr 2014,136 min,"Action, Adventure, Sci-Fi, Thriller","Anthony Russo, Joe Russo","Christopher Markus (screenplay by), Stephen McFeely (screenplay by), Joe Simon (based on the Marvel comics by), Jack Kirby (based on the Marvel comics by)","Chris Evans, Samuel L. Jackson, Scarlett Johansson, Robert Redford","English, French",USA,Nominated for 1 Oscar. Another 5 wins & 50 nominations.,70.0,7.7,706555
Captain Marvel,Carol Danvers becomes one of the universe's most powerful heroes when Earth is caught in the middle of a galactic war between two alien races.,PG-13,2019,08 Mar 2019,123 min,"Action, Adventure, Sci-Fi","Anna Boden, Ryan Fleck","Anna Boden (screenplay by), Ryan Fleck (screenplay by), Geneva Robertson-Dworet (screenplay by), Nicole Perlman (story by), Meg LeFauve (story by), Anna Boden (story by), Ryan Fleck (story by), Geneva Robertson-Dworet (story by)","Brie Larson, Samuel L. Jackson, Ben Mendelsohn, Jude Law",English,"USA, Australia",7 wins & 43 nominations.,64.0,6.9,406778
Doctor Strange,"While on a journey of physical and spiritual healing, a brilliant neurosurgeon is drawn into the world of the mystic arts.",PG-13,2016,04 Nov 2016,115 min,"Action, Adventure, Fantasy, Sci-Fi",Scott Derrickson,"Jon Spaihts, Scott Derrickson, C. Robert Cargill, Stan Lee (based on the Marvel comics by), Steve Ditko (based on the Marvel comics by)","Benedict Cumberbatch, Chiwetel Ejiofor, Rachel McAdams, Benedict Wong",English,USA,Nominated for 1 Oscar. Another 20 wins & 65 nominations.,72.0,7.5,562696
Guardians of the Galaxy,A group of intergalactic criminals must pull together to stop a fanatical warrior with plans to purge the universe.,PG-13,2014,01 Aug 2014,121 min,"Action, Adventure, Comedy, Sci-Fi",James Gunn,"James Gunn, Nicole Perlman, Dan Abnett (based on the Marvel comics by), Andy Lanning (based on the Marvel comics by), Bill Mantlo (character created by: Rocket Raccoon), Keith Giffen (character created by: Rocket Raccoon), Jim Starlin (characters created by: Drax the Destroyer,  Gamora & Thanos), Steve Englehart (character created by: Star-Lord), Steve Gan (character created by: Star-Lord), Steve Gerber (character created by: Howard the Duck), Val Mayerik (character created by: Howard the Duck)","Chris Pratt, Zoe Saldana, Dave Bautista, Vin Diesel",English,USA,Nominated for 2 Oscars. Another 52 wins & 100 nominations.,76.0,8.0,1007917
Guardians of the Galaxy Vol. 2,"The Guardians struggle to keep together as a team while dealing with their personal family issues, notably Star-Lord's encounter with his father the ambitious celestial being Ego.",PG-13,2017,05 May 2017,136 min,"Action, Adventure, Comedy, Sci-Fi",James Gunn,"James Gunn, Dan Abnett (based on the Marvel comics by), Andy Lanning (based on the Marvel comics by), Steve Englehart (Star-Lord created by), Steve Gan (Star-Lord created by), Jim Starlin (Gamora and Drax created by), Stan Lee (Groot created by), Larry Lieber (Groot created by), Jack Kirby (Groot created by), Bill Mantlo (Rocket Raccoon created by), Keith Giffen (Rocket Raccoon created by), Steve Gerber (Howard the Duck created by), Val Mayerik (Howard the Duck created by)","Chris Pratt, Zoe Saldana, Dave Bautista, Vin Diesel",English,USA,Nominated for 1 Oscar. Another 15 wins & 56 nominations.,67.0,7.6,537920
Iron Man,"After being held captive in an Afghan cave, billionaire engineer Tony Stark creates a unique weaponized suit of armor to fight evil.",PG-13,2008,02 May 2008,126 min,"Action, Adventure, Sci-Fi",Jon Favreau,"Mark Fergus (screenplay), Hawk Ostby (screenplay), Art Marcum (screenplay), Matt Holloway (screenplay), Stan Lee (characters), Don Heck (characters), Larry Lieber (characters), Jack Kirby (characters)","Robert Downey Jr., Terrence Howard, Jeff Bridges, Gwyneth Paltrow","Hungarian, Kurdish, Hindi, English, Persian, Urdu, Arabic",USA,Nominated for 2 Oscars. Another 21 wins & 65 nominations.,79.0,7.9,910300
Iron Man 2,"With the world now aware of his identity as Iron Man, Tony Stark must contend with both his declining health and a vengeful mad man with ties to his father's legacy.",PG-13,2010,07 May 2010,124 min,"Action, Adventure, Sci-Fi",Jon Favreau,"Justin Theroux (screenplay), Stan Lee (Marvel comic book), Don Heck (Marvel comic book), Larry Lieber (Marvel comic book), Jack Kirby (Marvel comic book)","Robert Downey Jr., Gwyneth Paltrow, Don Cheadle, Scarlett Johansson","English, French, Russian",USA,Nominated for 1 Oscar. Another 7 wins & 43 nominations.,57.0,7.0,693517
Iron Man 3,"When Tony Stark's world is torn apart by a formidable terrorist called the Mandarin, he starts an odyssey of rebuilding and retribution.",PG-13,2013,03 May 2013,130 min,"Action, Adventure, Sci-Fi",Shane Black,"Drew Pearce (screenplay by), Shane Black (screenplay by), Stan Lee (based on the Marvel comic book by), Don Heck (based on the Marvel comic book by), Larry Lieber (based on the Marvel comic book by), Jack Kirby (based on the Marvel comic book by), Warren Ellis (based on the ""Extremis"" mini-series written by), Adi Granov (based on the ""Extremis"" mini-series illustrated by)","Robert Downey Jr., Gwyneth Paltrow, Don Cheadle, Guy Pearce",English,USA,Nominated for 1 Oscar. Another 20 wins & 62 nominations.,62.0,7.2,730917
The Avengers,Earth's mightiest heroes must come together and learn to fight as a team if they are going to stop the mischievous Loki and his alien army from enslaving humanity.,PG-13,2012,04 May 2012,143 min,"Action, Adventure, Sci-Fi",Joss Whedon,"Joss Whedon (screenplay), Zak Penn (story), Joss Whedon (story)","Robert Downey Jr., Chris Evans, Mark Ruffalo, Chris Hemsworth","English, Russian, Hindi",USA,Nominated for 1 Oscar. Another 38 wins & 79 nominations.,69.0,8.0,1225316
Thor,"The powerful but arrogant god Thor is cast out of Asgard to live amongst humans in Midgard (Earth), where he soon becomes one of their finest defenders.",PG-13,2011,06 May 2011,115 min,"Action, Adventure, Fantasy",Kenneth Branagh,"Ashley Miller (screenplay), Zack Stentz (screenplay), Don Payne (screenplay), J. Michael Straczynski (story), Mark Protosevich (story), Stan Lee (comic book), Larry Lieber (comic book), Jack Kirby (comic book)","Chris Hemsworth, Natalie Portman, Tom Hiddleston, Anthony Hopkins",English,USA,5 wins & 30 nominations.,57.0,7.0,717145
Thor: Ragnarok,"Imprisoned on the planet Sakaar, Thor must race against time to return to Asgard and stop Ragnarök, the destruction of his world, at the hands of the powerful and ruthless villain Hela.",PG-13,2017,03 Nov 2017,130 min,"Action, Adventure, Comedy, Fantasy, Sci-Fi",Taika Waititi,"Eric Pearson, Craig Kyle, Christopher L. Yost, Stan Lee (based on the Marvel comics by), Larry Lieber (based on the Marvel comics by), Jack Kirby (based on the Marvel comics by)","Chris Hemsworth, Tom Hiddleston, Cate Blanchett, Idris Elba",English,USA,6 wins & 48 nominations.,74.0,7.9,542938
Thor: The Dark World,"When the Dark Elves attempt to plunge the universe into darkness, Thor must embark on a perilous and personal journey that will reunite him with doctor Jane Foster.",PG-13,2013,08 Nov 2013,112 min,"Action, Adventure, Fantasy",Alan Taylor,"Christopher L. Yost (screenplay by), Christopher Markus (screenplay by), Stephen McFeely (screenplay by), Don Payne (story by), Robert Rodat (story by), Stan Lee (based on the Marvel comics by), Larry Lieber (based on the Marvel comics by), Jack Kirby (based on the Marvel comics by), Walter Simonson (character created by: Malekith)","Chris Hemsworth, Natalie Portman, Tom Hiddleston, Anthony Hopkins",English,USA,3 wins & 21 nominations.,54.0,6.9,571192
Iron Man & Hulk: Heroes United,The Invincible Iron Man and the Incredible Hulk must join forces to save the Earth from its greatest threat yet.,PG,2013,03 Dec 2013,71 min,"Animation, Action, Adventure, Family, Sci-Fi","Eric Radomski, Leo Riley","Henry Gilroy, Brandon Auman, Stan Lee (characters), Jack Kirby (characters), Larry Lieber (characters), Don Heck (characters)","Adrian Pasdar, Fred Tatasciore, Dee Bradley Baker, Robin Atkin Downes",English,USA,,,4.7,2012
Mary Poppins,"In turn of the century London, a magical nanny employs music and adventure to help two neglected children become closer to their father.",G,1964,18 Jun 1965,139 min,"Comedy, Family, Fantasy, Musical",Robert Stevenson,"Bill Walsh (screenplay), Don DaGradi (screenplay), P.L. Travers (based on: The ""Mary Poppins"" books by)","Julie Andrews, Dick Van Dyke, David Tomlinson, Glynis Johns",English,USA,Won 5 Oscars. Another 15 wins & 17 nominations.,88.0,7.8,151417
Mater and the Ghostlight,"In this short featuring the characters of the movie Cars, Mater is told the story of a Ghostlight, which causes him to be scared.",G,2006,25 Oct 2006,7 min,"Animation, Short, Comedy, Family, Horror","John Lasseter, Dan Scanlon(co-director)","Joe Ranft (original story), John Lasseter (original story), Dan Scanlon (original story)","Larry the Cable Guy, Owen Wilson, Michael Wallis, Bonnie Hunt",English,USA,,,6.6,7151
Meet the Deedles,Two surfers end up as Yellowstone park rangers and have to stop a former ranger who is out for revenge.,PG,1998,27 Mar 1998,93 min,"Comedy, Family",Steve Boyum,Jim Herzfeld,"Steve Van Wormer, Paul Walker, A.J. Langer, John Ashton",English,USA,1 win & 2 nominations.,,4.1,2567
Meet the Robinsons,"Lewis is a brilliant inventor who meets mysterious stranger named Wilbur Robinson, whisking Lewis away in a time machine and together they team up to track down Bowler Hat Guy in a showdown that ends with an unexpected twist of fate.",G,2007,30 Mar 2007,95 min,"Animation, Adventure, Comedy, Family, Sci-Fi",Stephen J. Anderson,"Jon Bernstein (screenplay by), Michelle Bochner Spitz (screenplay by), Don Hall (screenplay by), Nathan Greno (screenplay by), Aurian Redson (screenplay by), Joseph Mateo (screenplay by), Stephen J. Anderson (screenplay by), William Joyce (based upon the book ""A Day with Wilbur Robinson"" by), Diego Garzon (story editor)","Angela Bassett, Daniel Hansen, Jordan Fry, Matthew Josten",English,USA,1 win & 10 nominations.,61.0,6.8,84040
Melody Time,An anthology of animated vignettes set to contemporary music.,Approved,1948,27 May 1948,75 min,"Animation, Comedy, Family, Musical","Clyde Geronimi, Wilfred Jackson, Jack Kinney, Hamilton Luske","Winston Hibler (story), Erdman Penner (story), Harry Reeves (story), Homer Brightman (story), Ken Anderson (story), Ted Sears (story), Joe Rinaldi (story), William Cottrell (story), Art Scott (story), Jesse Marsh (story), Bob Moore (story), John Walbridge (story), Hardie Gramatky (story ""Little Toot"")","Roy Rogers, Trigger, Dennis Day, The Andrews Sisters",English,USA,1 win.,69.0,6.4,4534
"Mickey, Donald, Goofy: The Three Musketeers","Mickey, Donald and Goofy are the French three Musketeers.",G,2004,17 Aug 2004,68 min,"Animation, Adventure, Comedy, Family, Musical, Romance",Donovan Cook,"Evan Spiliotopoulos (screenplay), David Mickey Evans (screenplay), Robin Kingsland","Wayne Allwine, Tony Anselmo, Bill Farmer, Russi Taylor",English,USA,1 win & 5 nominations.,,6.4,7496
Mickey's Birthday Party,"The gang throws Mickey a surprise birthday party; his present is an electric organ, which Minnie plays while Mickey does a jazzy dance. Goofy bakes the cake, but keeps having trouble with ...",Approved,1942,07 Feb 1942,8 min,"Animation, Short, Comedy, Family",Riley Thomson,Warren Foster (story),"Thelma Boardman, Pinto Colvig, Walt Disney, Florence Gill",English,USA,,,6.6,607
Mickey's Christmas Carol,The classic Disney animated characters play the roles in this animated retelling of the Charles Dickens masterpiece.,G,1983,16 Dec 1983,26 min,"Animation, Short, Comedy, Family, Fantasy","Burny Mattinson, Richard Rich","Charles Dickens (based on the book: ""A Christmas Carol"" by), Burny Mattinson (story adaptation), Tony Marino (story adaptation), Ed Gombert (story adaptation), Don Griffith (story adaptation), Alan Young (story adaptation), Alan Dinehart (story adaptation)","Alan Young, Wayne Allwine, Hal Smith, Will Ryan",English,USA,,,8.1,9549
Mickey's Once Upon a Christmas,Mickey and his friends star in 3 heartwarming stories of Christmas past.,Not Rated,1999,09 Nov 1999,66 min,"Animation, Comedy, Family, Fantasy","Jun Falkenstein, Alex Mann, Bradley Raymond, Toby Shelton, Bill Speers","Charlie Cohen (screenplay), William Dean Howells (story inspired by: ""Christmas Every Day""), Scott Spencer Gorden (screenplay), Tom Nance (screenplay), Carter Crocker (screenplay), Richard Cray (screenplay), Temple Mathews (screenplay), O. Henry (story based on: ""The Gift of the Magi""), Thomas Hart (interstitial narration), Eddie Guzelian (interstitial narration), Alex Mann, Ross Hastings","Kelsey Grammer, Wayne Allwine, Russi Taylor, Tony Anselmo",English,USA,2 nominations.,,7.2,6247
Mickey's Rival,Minnie's old sweetheart Mortimer drops in while she and Mickey are out on a picnic.,Approved,1936,20 Jun 1936,8 min,"Animation, Short, Comedy, Family, Romance",Wilfred Jackson,,"Sonny Dawson, Walt Disney, Marcellite Garner, Leone Le Doux",English,USA,,,6.9,533
Mickey's Trailer,"Mickey and his friends take a vacation in his house trailer equipped with all the latest modern conveniences. Heading up a steep mountain road with Goofy driving the car, surely nothing can go wrong.",Not Rated,1938,06 May 1938,8 min,"Animation, Short, Adventure, Comedy, Family",Ben Sharpsteen,,"Walt Disney, Clarence Nash, Danny Webb",English,USA,,,7.9,2542
Mickey's Twice Upon a Christmas,Sequel to Mickey's Once Upon a Christmas,G,2004,09 Nov 2004,68 min,"Animation, Comedy, Family, Fantasy","Carole Holliday, Matthew O'Callaghan, Theresa Cullen","Bill Motz (screenplay), Bob Roth (screenplay), Peggy Holmes (screenplay), Peggy Holmes (story), Chad Fiveash (screenplay), James Patrick Stoteraux (screenplay), Matthew O'Callaghan (screenplay), Chad Fiveash (story), James Patrick Stoteraux (story), Bill Motz (screenplay), Bob Roth (screenplay), Shirley Pierce (screenplay), Theresa Cullen (story), Jim Peronto (screenplay), Carole Holliday (screenplay), Carole Holliday (story), Michael Shipley (screenplay), Jim Bernstein (screenplay), Shirley Pierce (screenplay), Colin Goldman (story), Matthew O'Callaghan (story), Robin Kingsland","Wayne Allwine, Tony Anselmo, Jeff Bennett, Jim Cummings",English,USA,1 win & 3 nominations.,,6.5,3756
Mighty Joe Young,"A legendary fifteen-foot tall mountain gorilla named Joe is taken to an animal sanctuary in California by zoologist Gregg O'Hara (Bill Paxton) and Jill Young (Charlize Theron), with whom he grew up. Poacher Strasser (Rade Serbedzija) returns from the past to seek vengeance on Joe.",PG,1998,25 Dec 1998,114 min,"Action, Adventure, Family, Fantasy, Thriller",Ron Underwood,"Merian C. Cooper (story), Ruth Rose (earlier screenplay), Mark Rosenthal (screenplay), Lawrence Konner (screenplay)","Charlize Theron, Bill Paxton, Rade Serbedzija, Peter Firth","English, Swahili",USA,Nominated for 1 Oscar. Another 1 win & 3 nominations.,51.0,5.6,26795
Mike's New Car,"Mike's bought a new 6-wheel-drive car, and he can't wait to show it off to Sulley. Only problem is, Mike hasn't exactly mastered the controls yet, and they're pretty complicated.",Not Rated,2002,09 Aug 2002,4 min,"Animation, Short, Comedy, Family, Fantasy","Pete Docter, Roger Gould","Pete Docter (original story), Jeff Pidgeon (story), Roger Gould (story), Rob Gibbs (story)","Billy Crystal, John Goodman",English,USA,,,7.1,11759
Millions,"Ethics, being human and the soul come to the fore when a 7-year old finds a bag of Pounds just days before the currency is switched to Euros and learns what we are really made of.",PG-13,2004,29 Apr 2005,98 min,"Comedy, Crime, Drama, Family",Danny Boyle,Frank Cottrell Boyce,"Alex Etel, Lewis McGibbon, James Nesbitt, Daisy Donovan",English,UK,2 wins & 7 nominations.,74.0,6.9,24147
Minutemen,A comedy/sci-fi/adventure about three high school kids who invent a 10 minute time machine to spare others just like them from the humiliation they've endured.,TV-G,2008,25 Jan 2008,98 min,"Adventure, Comedy, Family, Sci-Fi",Lev L. Spiro,"John Killoran (teleplay), David Diamond (story), David Weissman (story)","Jason Dolley, Luke Benward, Nicholas Braun, Chelsea Kane",English,USA,5 nominations.,,5.8,5182
Miracle,"The true story of Herb Brooks, the player-turned-coach who led the 1980 U.S. Olympic hockey team to victory over the seemingly invincible Soviet squad.",PG,2004,06 Feb 2004,135 min,"Biography, Drama, History, Sport",Gavin O'Connor,Eric Guggenheim,"Kurt Russell, Patricia Clarkson, Noah Emmerich, Sean McCann",English,"Canada, USA",2 wins & 4 nominations.,68.0,7.5,45667
Miracle at Midnight,A Danish family tries to help their Jewish neighbours escape from the Nazis.,,1998,17 May 1998,90 min,Drama,Ken Cameron,"Chris Bryant, Monte Merrick","Sam Waterston, Mia Farrow, Justin Whalin, Patrick Malahide",English,USA,3 wins & 1 nomination.,,7.0,293
Miracle in Lane 2,"Based on a true story, a 13-year-old boy who uses a wheelchair is determined to win a trophy like his athletic older brother.",G,2000,13 May 2000,120 min,"Biography, Comedy, Drama, Family, Sport",Greg Beeman,"Joel Kauffmann, Donald C. Yost","Frankie Muniz, Rick Rossovich, Molly Hagan, Patrick Levis",English,USA,3 wins & 3 nominations.,,6.0,1835
Miracle Landing on the Hudson,"In 2009, just two minutes into US Airways flight 1549, a flock of birds struck the plane taking out both engines. With no power, the Captain decided to attempt the near impossible - to land it in New York's Hudson River.",,2014,05 Jan 2014,90 min,Drama,Simon George,Simon George,"Kate Steavenson-Payne, Sara Stewart, Matthew Douglas, Todd Boyce",English,USA,,,6.7,67
Miracle on 34th Street,"When a nice old man who claims to be Santa Claus is institutionalized as insane, a young lawyer decides to defend him by arguing in court that he is the real thing.",Not Rated,1947,02 Oct 1947,96 min,"Comedy, Drama, Family",George Seaton,"George Seaton (written for the screen by), Valentine Davies (story)","Maureen O'Hara, John Payne, Edmund Gwenn, Gene Lockhart","English, Dutch",USA,Won 3 Oscars. Another 5 wins & 1 nomination.,88.0,7.9,38715
Mission to the Sun,"A look at NASA's Parker Solar Probe, which launched its mission to explore the sun in August 2018.",,2018,19 Nov 2018,60 min,Documentary,Daniel M. Smith,,"Henry Goodman, Jack Baker, Jeffrey Johnson",English,USA,,,7.1,51
Moana,"In Ancient Polynesia, when a terrible curse incurred by the Demigod Maui reaches Moana's island, she answers the Ocean's call to seek out the Demigod to set things right.",PG,2016,23 Nov 2016,107 min,"Animation, Adventure, Comedy, Family, Fantasy, Musical","Ron Clements, John Musker, Don Hall(co-director), Chris Williams(co-director)","Jared Bush (screenplay by), Ron Clements (story by), John Musker (story by), Chris Williams (story by), Don Hall (story by), Pamela Ribon (story by), Aaron Kandell (story by), Jordan Kandell (story by)","Auli'i Cravalho, Dwayne Johnson, Rachel House, Temuera Morrison",English,USA,Nominated for 2 Oscars. Another 20 wins & 86 nominations.,81.0,7.6,250176
Mom's Got a Date with a Vampire,"The Hansen kids are in a jam. Adam and his best friend Duffy have gotten their hands on some tickets for the Headless Horseman concert, and his sister Chelsea has a date with her dreamy ...",TV-PG,2000,13 Oct 2000,85 min,"Comedy, Family, Fantasy, Horror",Steve Boyum,"Lindsay Naythons (story), Robert Keats (teleplay)","Matt O'Leary, Laura Vandervoort, Myles Jeffrey, Caroline Rhea",English,"Canada, USA",1 win & 3 nominations.,,5.9,3300
Monsters University,"A look at the relationship between Mike Wazowski (Billy Crystal) and James P. ""Sully"" Sullivan (John Goodman) during their days at Monsters University, when they weren't necessarily the best of friends.",G,2013,21 Jun 2013,104 min,"Animation, Adventure, Comedy, Family, Fantasy",Dan Scanlon,"Dan Scanlon (story by), Daniel Gerson (story by), Robert L. Baird (story by), Daniel Gerson (screenplay by), Robert L. Baird (screenplay by), Dan Scanlon (screenplay by)","Billy Crystal, John Goodman, Steve Buscemi, Helen Mirren",English,USA,Nominated for 1 BAFTA Film Award. Another 9 wins & 57 nominations.,65.0,7.3,308588
"Monsters, Inc.","In order to power the city, monsters have to scare children so that they scream. However, the children are toxic to the monsters, and after a child gets through, 2 monsters realize things may not be what they think.",G,2001,02 Nov 2001,92 min,"Animation, Adventure, Comedy, Family, Fantasy","Pete Docter, David Silverman(co-director), Lee Unkrich(co-director)","Pete Docter (original story by), Jill Culton (original story by), Jeff Pidgeon (original story by), Ralph Eggleston (original story by), Andrew Stanton (screenplay by), Daniel Gerson (screenplay by)","John Goodman, Billy Crystal, Mary Gibbs, Steve Buscemi",English,USA,Won 1 Oscar. Another 14 wins & 38 nominations.,79.0,8.0,779728
Motocrossed,A young girl secretly poses as her twin brother to win the big motocross race for him after he breaks his leg.,TV-G,2001,16 Feb 2001,110 min,"Action, Adventure, Family",Steve Boyum,"Ann Austen, Douglas Sloan","Alana Austin, Riley Smith, Mary-Margaret Humes, Trever O'Brien",English,USA,3 nominations.,,6.6,4203
Mr. Duck Steps Out,"Donald is headed for Daisy. However, his nephews are too.",TV-G,1940,07 Jun 1940,8 min,"Animation, Short, Comedy",Jack King,,Clarence Nash,English,USA,,,7.5,511
Mr. Mouse Takes a Trip,"Mickey is heading out on vacation from Burbank to Pomona, taking the train. The conductor, Pete, won't let him on with Pluto, so he hides Pluto in his suitcase, and tries to hide him all ...",,1940,01 Nov 1940,8 min,"Family, Animation, Comedy",Clyde Geronimi,,"Billy Bletcher, Walt Disney, Lee Millar",English,USA,,,7.2,557
Mulan,"To save her father from death in the army, a young maiden secretly goes in his place and becomes one of China's greatest heroines in the process.",G,1998,19 Jun 1998,88 min,"Animation, Adventure, Family, Fantasy, Musical, War","Tony Bancroft, Barry Cook","Robert D. San Souci (based on a story by), Rita Hsiao (screenplay by), Chris Sanders (screenplay by), Philip LaZebnik (screenplay by), Raymond Singer (screenplay by), Eugenia Bostwick-Singer (screenplay by), Dean DeBlois (story co-head), John Sanford (story), Chris Williams (story), Tim Hodge (story), Julius Aguimatang (story), Burny Mattinson (story), Lorna Cook (story), Barry Johnson (story), Thom Enriquez (story), Ed Gombert (story), Joe Grant (story), Floyd Norman (story), Linda Woolverton (additional story material), Jodi Ann Johnson (additional story material), Alan Ormsby (additional story material), David Reynolds (additional story material), Don Dougherty (additional story material), Jorgen Klubien (additional story material), Denis Rich (additional story material), Joe Ekers (additional story material), Theodore Newton (additional story material), Larry Scholl (additional story material), Daan Jippes (additional story material), Frank Nissen (additional story material), Jeff Snow (additional story material)","Miguel Ferrer, Harvey Fierstein, Freda Foh Shen, June Foray","English, Mandarin",USA,Nominated for 1 Oscar. Another 17 wins & 20 nominations.,71.0,7.6,237755
Mulan II,"While preparing for their wedding, Shang and Mulan are suddenly sent off on a secret mission. Mushu starts to meddle, and a surprise attack by Mongolians doesn't help either.",G,2004,17 Dec 2004,79 min,"Animation, Action, Comedy, Family, Musical","Darrell Rooney, Lynne Southerland","Michael Lucker (screenplay), Chris Parker (screenplay), Roger S.H. Schulman (screenplay)","Ming-Na Wen, BD Wong, Mark Moseley, Lucy Liu",English,"USA, South Korea, Singapore, Russia, Malaysia, Kazakhstan, Taiwan, Hong Kong, Japan, China, India, Syria, Iran, Egypt, Pakistan",1 nomination.,,5.7,20851
Muppet Treasure Island,The Muppets' twist on the classic tale.,G,1996,16 Feb 1996,99 min,"Action, Adventure, Comedy, Family, Musical, Romance","Brian Henson, David Lane","Robert Louis Stevenson (novel), Jerry Juhl (screenplay), Kirk R. Thatcher (screenplay), James V. Hart (screenplay)","Tim Curry, Billy Connolly, Jennifer Saunders, Kevin Bishop",English,USA,5 nominations.,64.0,7.0,20293
Muppets Most Wanted,"While on a grand world tour, The Muppets find themselves wrapped into an European jewel-heist caper headed by a Kermit the Frog look-alike and his dastardly sidekick.",PG,2014,21 Mar 2014,107 min,"Adventure, Comedy, Crime, Family, Musical, Mystery",James Bobin,"James Bobin, Nicholas Stoller, Jim Henson (based on)","Ricky Gervais, Ty Burrell, Tina Fey, Steve Whitmire","English, German",USA,3 wins & 11 nominations.,61.0,6.4,30336
My Favorite Martian,A Martian lands on Earth and makes friends with a reporter.,PG,1999,12 Feb 1999,94 min,"Comedy, Family, Sci-Fi",Donald Petrie,"John L. Greene (television series My Favorite Martian), Sherri Stoner, Deanna Oliver","Christopher Lloyd, Jeff Daniels, Elizabeth Hurley, Daryl Hannah",English,USA,3 nominations.,33.0,5.1,12448
National Treasure,A historian races to find the legendary Templar Treasure before a team of mercenaries.,PG,2004,19 Nov 2004,131 min,"Action, Adventure, Mystery, Thriller",Jon Turteltaub,"Jim Kouf (screenplay), Cormac Wibberley (screenplay), Marianne Wibberley (screenplay), Jim Kouf (story), Oren Aviv (story), Charles Segars (story)","Nicolas Cage, Diane Kruger, Justin Bartha, Sean Bean","English, Spanish",USA,1 win & 9 nominations.,39.0,6.8,295236
National Treasure: Book of Secrets,Benjamin Gates must follow a clue left in John Wilkes Booth's diary to prove his ancestor's innocence in the assassination of Abraham Lincoln.,PG,2007,21 Dec 2007,124 min,"Action, Adventure, Family, Mystery, Thriller",Jon Turteltaub,"Marianne Wibberley (screenplay), Cormac Wibberley (screenplay), Gregory Poirier (story), Marianne Wibberley (story), Cormac Wibberley (story), Ted Elliott (story), Terry Rossio (story), Jim Kouf (characters), Oren Aviv (characters), Charles Segars (characters)","Nicolas Cage, Justin Bartha, Diane Kruger, Jon Voight","English, French",USA,1 win & 5 nominations.,48.0,6.5,212576
Nature's Half Acre,"The variety of wildlife in a meadow - particularly insects and flowers - is observed over the course of a year, through the use of microphotography and time-lapse photography.",PASSED,1951,28 Jul 1951,33 min,"Documentary, Short, Family",James Algar,"Winston Hibler (script), Ted Sears (script), James Algar (script)",Winston Hibler,English,USA,Won 1 Oscar. Another 1 nomination.,,7.7,86
Newsies,A musical based on the New York City newsboy strike of 1899. When young newspaper sellers are exploited beyond reason by their bosses they set out to enact change and are met by the ruthlessness of big business.,PG,1992,10 Apr 1992,121 min,"Drama, Family, History, Musical",Kenny Ortega,"Bob Tzudiker, Noni White","Christian Bale, David Moscow, Luke Edwards, Max Casella",English,USA,1 win & 6 nominations.,46.0,7.0,18094
Disney's Newsies: The Broadway Musical!,"Filmed live on stage at the Pantages Theatre in Hollywood, CA, this is a not-to-be-missed high energy show starring Original Broadway cast members.",PG,2017,16 Feb 2017,149 min,Musical,"Jeff Calhoun, Brett Sullivan","Harvey Fierstein (book), Bob Tzudiker (based on the film written by), Noni White (based on the film written by)","Jeremy Jordan, Kara Lindsay, Ben Fankhauser, Andrew Keenan-Bolger",English,USA,,,8.5,1703
Noelle,"Santa's daughter must take over the family business when her father retires and her brother, who is supposed to inherit the Santa role, gets cold feet.",G,2019,12 Nov 2019,100 min,"Comedy, Family, Fantasy",Marc Lawrence,Marc Lawrence (script),"Anna Kendrick, Shirley MacLaine, Bill Hader, Kingsley Ben-Adir",English,USA,,48.0,6.2,9752
Now You See It...,A budding producer searches for the country's best young magician.,TV-G,2005,14 Jan 2005,83 min,"Drama, Family, Fantasy, Mystery",Duwayne Dunham,Bill Fritz,"Aly Michalka, Johnny Pacar, Frank Langella, Chris Olivero",English,USA,,,6.3,2047
Olaf's Frozen Adventure,"A Christmas-themed special featuring characters from Walt Disney Pictures' 53rd full-length animated motion picture, ""Frozen (2013)"".",G,2017,27 Oct 2017,22 min,"Animation, Short, Adventure, Comedy, Family, Fantasy, Musical","Kevin Deters, Stevie Wermers","Jac Schaeffer (screenplay by), Brian Kesinger (head of story)","Josh Gad, Idina Menzel, Kristen Bell, Jonathan Groff",English,USA,3 nominations.,,5.5,10650
Old Dogs,Two friends and business partners find their lives turned upside down when strange circumstances lead them to be the temporary guardians of seven year-old twins.,PG,2009,25 Nov 2009,88 min,"Comedy, Family",Walt Becker,"David Diamond, David Weissman","John Travolta, Robin Williams, Kelly Preston, Conner Rayburn","English, Ukrainian",USA,5 nominations.,19.0,5.4,35534
Old Yeller,"A teenage boy grows to love a stray yellow dog while helping his mother and younger brother run their Texas homestead while their father is away on a cattle drive. First thought to be good-for-nothing mutt, Old Yeller is soon beloved by all.",Approved,1957,10 Jul 1959,83 min,"Adventure, Drama, Family, Western",Robert Stevenson,"Fred Gipson (screenplay by), William Tunberg (screenplay by), Fred Gipson (based on the book ""Old Yeller"" by)","Dorothy McGuire, Fess Parker, Jeff York, Chuck Connors",English,USA,2 wins.,84.0,7.3,11270
Oliver & Company,A lost and alone kitten joins a gang of dogs engaged in petty larceny in New York City.,G,1988,18 Nov 1988,74 min,"Animation, Adventure, Comedy, Family, Musical",George Scribner,"Jim Cox (animation screenplay), Tim Disney (animation screenplay), James Mangold (animation screenplay), Vance Gerry (story), Mike Gabriel (story), Joe Ranft (story), Jim Mitchell (story), Chris Bailey (story), Kirk Wise (story), David Michener (story), Roger Allers (story), Gary Trousdale (story), Kevin Lima (story), Michael Cedeno (story), Peter Young (story), Leon Joosen (story), Charles Dickens (inspired by ""Oliver Twist"" by), Gerrit Graham (additional story material), Sam Graham (additional story material), Chris Hubbell (additional story material), Steve Hulett (additional story material), Danny Mann (additional story material)","Joey Lawrence, Billy Joel, Cheech Marin, Richard Mulligan",English,USA,Nominated for 1 Golden Globe. Another 1 win & 2 nominations.,58.0,6.7,41874
On Ice,Mickey shows off his ice-skating skills to Minnie; Goofy does some unconventional ice fishing; Donald straps skates to Pluto and laughs at his attempts to skate. Donald gets strapped to a ...,,1935,28 Sep 1935,8 min,"Family, Comedy, Animation, Short",Ben Sharpsteen,,"Pinto Colvig, Walt Disney, Marcellite Garner, Clarence Nash",English,USA,,,7.5,1056
Once Upon a Mattress,"In this hilarious tweaking of the fairy tale, ""The Princess and the Pea"", Queen Aggravain has ruled that none may marry until her son, Prince Dauntless marries. However, she has managed to ...",PG,2005,18 Dec 2005,90 min,"Comedy, Musical, Romance",Kathleen Marshall,"Marshall Barer (musical), Dean Fuller (musical), Jay Thompson (musical), Mary Rodgers (musical), Janet Brownell (teleplay)","Carol Burnett, Tracey Ullman, Denis O'Hare, Zooey Deschanel",English,USA,Nominated for 2 Primetime Emmys. Another 1 nomination.,,6.4,1025
One Hundred and One Dalmatians,"When a litter of Dalmatian puppies are abducted by the minions of Cruella de Vil, the parents must find them before she uses them for a diabolical fashion statement.",G,1961,25 Jan 1961,79 min,"Animation, Adventure, Comedy, Family","Clyde Geronimi, Hamilton Luske, Wolfgang Reitherman","Bill Peet (story), Dodie Smith (novel)","Rod Taylor, J. Pat O'Malley, Betty Lou Gerson, Martha Wentworth",English,USA,Won 1 BAFTA Film Award. Another 2 nominations.,83.0,7.2,146668
One Magic Christmas,"An angel must show a mother the true meaning of Christmas. It's not just presents and materialistic things, but the people she cares about.",G,1985,22 Nov 1985,89 min,"Family, Fantasy",Phillip Borsos,"Thomas Meehan (story), Phillip Borsos (story), Barry Healey (story), Thomas Meehan","Mary Steenburgen, Gary Basaraba, Harry Dean Stanton, Arthur Hill",English,"Canada, USA",2 wins & 7 nominations.,,6.6,2977
One Man Band,Two buskers engage in a petty feud over a child's donation.,G,2005,06 Jun 2006,4 min,"Animation, Short, Comedy, Family, Music","Mark Andrews, Andrew Jimenez","Andrew Jimenez, Mark Andrews",,,USA,,,7.7,13993
Onward,Two elven brothers embark on a quest to bring their father back for one day.,PG,2020,06 Mar 2020,102 min,"Animation, Adventure, Comedy, Family, Fantasy",Dan Scanlon,"Dan Scanlon (original story by), Keith Bunin (original story by), Jason Headley (original story by), Dan Scanlon (screenplay by), Jason Headley (screenplay by), Keith Bunin (screenplay by)","Tom Holland, Chris Pratt, Julia Louis-Dreyfus, Octavia Spencer",English,USA,1 win.,61.0,7.5,45444
Operation Dumbo Drop,"To keep the loyalty of a village during the Vietnam war, a U.S. Army officer and his unit struggle to deliver it a live elephant.",PG,1995,28 Jul 1995,107 min,"Action, Adventure, Comedy, Drama, Family, War",Simon Wincer,"James Morris (story), Gene Quintano, Jim Kouf","Danny Glover, Ray Liotta, Denis Leary, Doug E. Doug","English, Vietnamese",USA,,48.0,5.1,8265
Out of Scale,"Donald Duck has a model train and town laid out in his yard. He decides to move a live tree that doesn't match the model scale, not realizing it is home to chipmunks Chip and Dale. They in turn move into one of the miniature houses.",,1951,02 Nov 1951,7 min,"Animation, Short, Comedy, Family",Jack Hannah,"Bill Berg (story), Nick George (story)","Dessie Flynn, James MacDonald, Clarence Nash",English,USA,,,7.6,504
Paris to Pittsburgh,Paris to Pittsburgh brings to life the impassioned efforts of individuals who are battling the most severe threats of climate change in their own backyards. Set against the national debate ...,,2018,03 Dec 2018,,,"Sidney Beaumont, Michael Bonfiglio",,Rachel Brosnahan,English,USA,,,5.9,9
Partly Cloudy,"Babies both human and animal are created up in the stratosphere, by the clouds themselves. One cloud specializes in ""dangerous"" babies, creating a challenge for his loyal stork that has to deliver them.",G,2009,29 May 2009,6 min,"Animation, Short, Comedy, Family, Fantasy",Peter Sohn,Peter Sohn,"Tony Fucile, Lori Richardson",,USA,,,8.2,19102
Party Central,"With a little trickery, Mike and Sulley help their social outcast friends at Monsters University have the best frat party ever.",PG,2014,21 Mar 2014,5 min,"Animation, Short, Adventure, Comedy, Family, Fantasy",Kelsey Mann,Kelsey Mann,"Lori Alan, Carlos Alazraqui, Billy Crystal, Charlie Day",English,USA,,,7.1,1480
Penguins: Life on the Edge,"Follows the witty and tenacious team of filmmakers behind Disneynature's Penguins (2019), a coming-of-age story about an Adélie penguin named Steve.",G,2020,03 Apr 2020,78 min,"Documentary, Family","Alastair Fothergill, Jeff Wilson","David Fowler, Simon Nash","Blair Underwood, Matthew Aeberhard, Julie Moniere, Daniel Rasmussen",English,USA,,,6.7,6
Perri,"True-Life nature photography is used to tell the tale of a female tree squirrel named Perri who encounters many different forest creatures, both friendly and dangerous, as she grows up through the four seasons and finds a mate named Porro.",Approved,1957,28 Aug 1957,75 min,"Adventure, Family, Fantasy, Romance","Paul Kenworthy, Ralph Wright","Ralph Wright, Winston Hibler, Felix Salten (novel)",Winston Hibler,English,USA,Nominated for 1 Oscar. Another 1 win.,,7.2,272
Pete's Dragon,An orphan boy and his magical dragon come to town with his abusive adoptive parents in pursuit.,G,1977,03 Nov 1977,128 min,"Animation, Adventure, Comedy, Family, Fantasy, Musical","Don Chaffey, Don Bluth","Malcolm Marmorstein (screenplay), Seton I. Miller (story), S.S. Field (story)","Helen Reddy, Jim Dale, Mickey Rooney, Red Buttons",English,USA,Nominated for 2 Oscars. Another 4 nominations.,46.0,6.4,21558
Pete's Dragon,"The adventures of an orphaned boy named Pete and his best friend Elliott, who happens to be a dragon.",PG,2016,12 Aug 2016,102 min,"Action, Adventure, Comedy, Drama, Family, Fantasy",David Lowery,"David Lowery (screenplay by), Toby Halbrooks (screenplay by), Malcolm Marmorstein (based on a screenplay by), Seton I. Miller (based on a story by), S.S. Field (based on a story by)","Bryce Dallas Howard, Robert Redford, Oakes Fegley, Oona Laurence",English,USA,3 wins & 7 nominations.,71.0,6.7,52020
Peter Pan,"Wendy and her brothers are whisked away to the magical world of Neverland with the hero of their stories, Peter Pan.",G,1953,05 Feb 1953,77 min,"Animation, Adventure, Family, Fantasy, Musical","Clyde Geronimi, Wilfred Jackson, Hamilton Luske, Jack Kinney","J.M. Barrie (play), Ted Sears (story), Erdman Penner (story), Bill Peet (story), Winston Hibler (story), Joe Rinaldi (story), Milt Banta (story), Ralph Wright (story), William Cottrell (story)","Bobby Driscoll, Kathryn Beaumont, Hans Conried, Bill Thompson","English, American Sign Language",USA,2 nominations.,76.0,7.3,120707
Peter Pan 2: Return to Never Land,"In London during World War II, this is the story of Wendy's daughter, Jane, who is kidnapped by Captain Hook and Peter Pan must come to the rescue.",G,2002,15 Feb 2002,72 min,"Animation, Adventure, Family, Fantasy","Robin Budd, Donovan Cook(co-director)","Temple Mathews (screenplay), Carter Crocker (additional written material), J.M. Barrie (play)","Harriet Owen, Blayne Weaver, Corey Burton, Jeff Bennett",English,"USA, Canada, Australia",4 nominations.,49.0,5.8,17404
Phantom of the Megaplex,"A young man working at a cinema on a special premiere night, finds that the films being shown are full of strange and eerie occurrences.",TV-G,2000,10 Nov 2000,89 min,"Action, Comedy, Family, Mystery",Blair Treu,Stu Krieger,"Taylor Handley, Corinne Bohrer, Caitlin Wachs, Jacob Smith",English,"USA, Canada",3 nominations.,,6.5,2570
Phineas and Ferb the Movie: Across the 2nd Dimension,"Phineas and Ferb discover that Perry is a secret agent, and they all get stuck in an alternate dimension where Doofenschmirtz is the ruler of the tri-state area.",TV-G,2011,05 Aug 2011,78 min,"Animation, Action, Adventure, Comedy, Family, Musical, Sci-Fi","Robert Hughes, Dan Povenmire, Jay Lender, Jeff 'Swampy' Marsh, Kyle Menke","Jon Colton Barry, Dan Povenmire, Jeff 'Swampy' Marsh, Michael Diederich (additional material), Wendy Grieb (additional material), Chris Headrick (additional material), Kyle Menke (additional material), Tom Minton (additional material), Zac Moncrief (additional material), Sue Perrotto (additional material), Bernie Petterson (additional material), Joe Orrantia (additional material), Aliki Theofilopoulos (additional material), Chong Lee (additional material), Kaz (additional material), Antoine Guilbaud (additional material), Kim Roberson (additional material), Seth Kersley (additional material)","Vincent Martella, Ashley Tisdale, Thomas Brodie-Sangster, Caroline Rhea",English,USA,Nominated for 1 Primetime Emmy. Another 3 wins & 3 nominations.,,7.4,7624
Piglet's Big Movie,"When Piglet comes up missing his Hundred Acre Wood friends use Piglet's own Book of Memories to find him, discovering along the way just how big a role he's played in their lives.",G,2003,21 Mar 2003,75 min,"Animation, Adventure, Comedy, Family, Musical, Mystery",Francis Glebas,"Brian Hohlfeld (screenplay), A.A. Milne (books), Ted Henning (additional screenplay material)","John Fiedler, Jim Cummings, Andre Stojka, Kath Soucie",English,USA,1 nomination.,62.0,6.1,6519
Pinocchio,"A living puppet, with the help of a cricket as his conscience, must prove himself worthy to become a real boy.",G,1940,23 Feb 1940,88 min,"Animation, Comedy, Family, Fantasy, Musical","Norman Ferguson, T. Hee, Wilfred Jackson, Jack Kinney, Hamilton Luske, Bill Roberts, Ben Sharpsteen","Carlo Collodi (from the story by), Ted Sears (story adaptation), Otto Englander (story adaptation), Webb Smith (story adaptation), William Cottrell (story adaptation), Joseph Sabo (story adaptation), Erdman Penner (story adaptation), Aurelius Battaglia (story adaptation)","Mel Blanc, Don Brodie, Stuart Buchanan, Walter Catlett",English,USA,Won 2 Oscars. Another 4 wins.,99.0,7.4,124261
Piper,"A mother bird tries to teach her little one how to find food by herself. In the process, she encounters a traumatic experience that she must overcome in order to survive.",G,2016,17 Jun 2016,6 min,"Animation, Short, Family",Alan Barillaro,Alan Barillaro,,,USA,Won 1 Oscar. Another 1 win & 1 nomination.,,8.4,24041
Pirates of the Caribbean: At World's End,"Captain Barbossa, Will Turner and Elizabeth Swann must sail off the edge of the map, navigate treachery and betrayal, find Jack Sparrow, and make their final alliances for one last decisive battle.",PG-13,2007,25 May 2007,169 min,"Action, Adventure, Fantasy",Gore Verbinski,"Ted Elliott, Terry Rossio, Ted Elliott (characters), Terry Rossio (characters), Stuart Beattie (characters), Jay Wolpert (characters)","Johnny Depp, Geoffrey Rush, Orlando Bloom, Keira Knightley",English,USA,Nominated for 2 Oscars. Another 20 wins & 44 nominations.,50.0,7.1,577465
Pirates of the Caribbean: Dead Man's Chest,"Jack Sparrow races to recover the heart of Davy Jones to avoid enslaving his soul to Jones' service, as other friends and foes seek the heart for their own agenda as well.",PG-13,2006,07 Jul 2006,151 min,"Action, Adventure, Fantasy",Gore Verbinski,"Ted Elliott, Terry Rossio, Ted Elliott (characters), Terry Rossio (characters), Stuart Beattie (characters), Jay Wolpert (characters)","Johnny Depp, Orlando Bloom, Keira Knightley, Jack Davenport","English, Turkish, Greek, Mandarin, French",USA,Won 1 Oscar. Another 43 wins & 53 nominations.,53.0,7.3,635041
Pirates of the Caribbean: On Stranger Tides,"Jack Sparrow and Barbossa embark on a quest to find the elusive fountain of youth, only to discover that Blackbeard and his daughter are after it too.",PG-13,2011,20 May 2011,136 min,"Action, Adventure, Fantasy",Rob Marshall,"Ted Elliott (screenplay), Terry Rossio (screenplay), Ted Elliott (screen story), Terry Rossio (screen story), Ted Elliott (characters), Terry Rossio (characters), Stuart Beattie (characters), Jay Wolpert (characters), Tim Powers (novel)","Johnny Depp, Penélope Cruz, Geoffrey Rush, Ian McShane","English, Spanish","USA, UK",3 wins & 31 nominations.,45.0,6.6,465510
Pirates of the Caribbean: The Curse of the Black Pearl,"Blacksmith Will Turner teams up with eccentric pirate ""Captain"" Jack Sparrow to save his love, the governor's daughter, from Jack's former pirate allies, who are now undead.",PG-13,2003,09 Jul 2003,143 min,"Action, Adventure, Fantasy",Gore Verbinski,"Ted Elliott (screen story), Terry Rossio (screen story), Stuart Beattie (screen story), Jay Wolpert (screen story), Ted Elliott (screenplay), Terry Rossio (screenplay)","Johnny Depp, Geoffrey Rush, Orlando Bloom, Keira Knightley",English,USA,Nominated for 5 Oscars. Another 38 wins & 98 nominations.,63.0,8.0,992127
Pixel Perfect,A teen uses a holograph to create a pop star for his friend's band.,TV-G,2004,16 Jan 2004,85 min,"Family, Sci-Fi, Comedy, Fantasy, Music",Mark A.Z. Dippé,"Alan Sacks (story), Neal Shusterman (story), Neal Shusterman (teleplay)","Raviv Ullman, Leah Pipes, Spencer Redford, Chad 'Chato' Alger","English, German",USA,,,5.7,3085
Pluto's Christmas Tree,"Mickey and Pluto pick out a tree for Christmas and bring it back home, completely unaware that Chip and Dale are already living in it.",Approved,1952,21 Nov 1952,7 min,"Animation, Short, Comedy, Family, Fantasy",Jack Hannah,"Bill Berg (story), Milt Schaffer (story)","Ruth Clifford, Pinto Colvig, Dessie Flynn, James MacDonald",English,USA,,,7.7,2023
Pluto's Party,"It's Pluto's birthday party, but Mickey's dozen or so nephews seem to be having all the fun. Their present is a wagon so Pluto can pull them; the ""Pin the Tail on Pluto"" game doesn't go ...",Approved,1952,19 Sep 1952,7 min,"Animation, Short, Comedy, Family",Milt Schaffer,"Bill Berg (story), Leo Salkin (story)","Pinto Colvig, James MacDonald",English,USA,,,6.5,383
Pluto's Purchase,"Mickey sends Pluto to the butcher store. Butch sees this and contrives to take Pluto's sausage, ultimately using some of his fleas to distract Pluto long enough. Pluto manages to retrieve ...",,1948,09 Jul 1948,7 min,"Animation, Comedy, Family",Charles A. Nichols,"Eric Gurney (story), Bill de la Torre (story)","Pinto Colvig, James MacDonald",English,USA,,,6.6,138
Pocahontas,An English soldier and the daughter of an Algonquin chief share a romance when English colonists invade seventeenth century Virginia.,G,1995,23 Jun 1995,81 min,"Animation, Adventure, Drama, Family, Musical, Romance","Mike Gabriel, Eric Goldberg","Carl Binder, Susannah Grant, Philip LaZebnik, Glen Keane (story), Joe Grant (story), Ralph Zondag (story), Burny Mattinson (story), Ed Gombert (story), Kaan Kalyon (story), Francis Glebas (story), Rob Gibbs (story), Bruce Morris (story), Todd Kurosawa (story), Duncan Marjoribanks (story), Chris Buck (story), Andrew Chapman (additional story development), Randy Cartwright (additional story development), Will Finn (additional story development), Broose Johnson (additional story development), T. Daniel Hofstedt (additional story development), David Pruiksma (additional story development), Nik Ranieri (additional story development), Vincent DeFrances (additional story development), Tom Mazzocco (additional story development), Don Dougherty (additional story development), Jorgen Klubien (additional story development), Mike Gabriel (based on an idea by)","Joe Baker, Christian Bale, Irene Bedard, Billy Connolly","English, Algonquin",USA,Won 2 Oscars. Another 13 wins & 7 nominations.,58.0,6.7,163209
Pocahontas II: Journey to a New World,"Pocahontas sets off on a journey to England with Meeko, Flit, and Percy. Hearing rumors of John Smith's death, Pocahontas tries to prevent war and battle.",G,1998,25 Aug 1998,72 min,"Animation, Adventure, Drama, Family, Musical, Romance","Tom Ellery, Bradley Raymond","Allen Estrin (screenplay), Cindy Marcus (screenplay), Flip Kobler (screenplay)","Irene Bedard, Jim Cummings, Donal Gibson, Finola Hughes",English,USA,1 nomination.,,4.9,13201
Pollyanna,A young girl comes to an embittered town and confronts its attitude with her determination to see the best in life.,Approved,1960,19 May 1960,134 min,"Comedy, Drama, Family",David Swift,"Eleanor H. Porter (novel), David Swift (written for the screen by)","Hayley Mills, Jane Wyman, Richard Egan, Karl Malden",English,USA,Won 1 Golden Globe. Another 1 win & 1 nomination.,,7.4,8533
Pooh's Grand Adventure: The Search for Christopher Robin,"Winnie the Pooh and company embark on a quest to rescue Christopher Robin from certain doom in a place called ""Skull"" after misreading a note he left for them.",G,1997,05 Aug 1997,76 min,"Animation, Adventure, Comedy, Family, Musical",Karl Geurs,"A.A. Milne (stories), Karl Geurs (screenplay), Carter Crocker (screenplay)","Jim Cummings, John Fiedler, Ken Sansom, Andre Stojka",English,USA,5 nominations.,,7.1,4850
Pooh's Heffalump Movie,"A Heffalump is heard trumpeting in the hundred acre woods. Winnie the Pooh, Tigger, and Piglet are scared and rush to Rabbit's house for advice. Roo joins them and they all agree that ...",G,2005,11 Feb 2005,68 min,"Animation, Comedy, Family, Fantasy, Musical, Mystery",Frank Nissen,"Brian Hohlfeld (screenplay), Evan Spiliotopoulos (screenplay), A.A. Milne (characters)","Jim Cummings, John Fiedler, Nikita Hopkins, Kath Soucie",English,USA,1 nomination.,64.0,6.4,6031
Presto,A stage magician's rabbit gets into a magical onstage brawl against his neglectful guardian with two magic hats.,G,2008,27 Jun 2008,5 min,"Animation, Short, Comedy, Family, Fantasy",Doug Sweetland,"Doug Sweetland, Ted Mathot (story), Valerie LaPointe (story), Justin Wright (story)",Doug Sweetland,English,USA,Nominated for 1 Oscar. Another 1 nomination.,,8.4,21778
Princess Protection Program,"A princess whose country has been invaded goes into hiding in Louisiana, where she has to learn to act like an ordinary teenager.",TV-G,2009,26 Jun 2009,90 min,"Comedy, Drama, Family",Allison Liddi-Brown,"Annie DeYoung (story), Annie DeYoung, David Morgasen (story)","Demi Lovato, Selena Gomez, Nicholas Braun, Molly Hagan",English,USA,3 wins & 3 nominations.,,5.6,20758
Prom,A group of teenagers get ready for their high school prom.,PG,2011,29 Apr 2011,104 min,"Comedy, Drama, Family, Romance",Joe Nussbaum,Katie Wech,"Aimee Teegarden, Thomas McDonell, DeVaughn Nixon, Danielle Campbell",English,USA,1 nomination.,50.0,5.4,14569
Prowlers of the Everglades,,Approved,1953,23 Jul 1953,32 min,"Documentary, Short, Family",James Algar,James Algar,Winston Hibler,English,USA,,,8.1,42
Purl,"An earnest ball of yarn named Purl gets a job at a fast-paced, high energy, male-centric start-up. Things start to unravel as she tries to fit in with this close-knit group. Purl must ask ...",PG,2018,04 Feb 2019,8 min,"Animation, Short, Comedy, Family",Kristen Lester,"Kristen Lester, Michael Daley (story), Bradley Furnish (story), Kristen Lester (story), James Robertson (story)","Bret 'Brook' Parker, Michael Daley, Michael Frederickson, Erik Langley",English,USA,1 win & 1 nomination.,,6.4,1158
Queen of Katwe,A Ugandan girl sees her world rapidly change after being introduced to the game of chess.,PG,2016,30 Sep 2016,124 min,"Biography, Drama, Sport",Mira Nair,"William Wheeler (screenplay by), Tim Crothers (based on the ESPN Magazine article and book by)","Madina Nalwanga, David Oyelowo, Lupita Nyong'o, Martin Kabanza",English,USA,2 wins & 20 nominations.,73.0,7.4,14265
Quints,A 14-year-old teenager goes to desperate lengths to get attention when her mother gives birth to quints.,TV-G,2000,18 Aug 2000,83 min,"Comedy, Drama, Family",Bill Corcoran,"Matthew Weisman (story), Matthew Weisman (teleplay), Gregory K. Pincus (teleplay)","Kimberly J. Brown, Daniel Roebuck, Elizabeth Morehead, Shadia Simmons",English,"Canada, USA",2 nominations.,,5.7,2030
Ratatouille,A rat who can cook makes an unusual alliance with a young kitchen worker at a famous restaurant.,G,2007,29 Jun 2007,111 min,"Animation, Adventure, Comedy, Drama, Family, Fantasy","Brad Bird, Jan Pinkava(co-director)","Brad Bird (screenwriter), Jan Pinkava (original story by), Jim Capobianco (original story by), Brad Bird (original story by)","Patton Oswalt, Ian Holm, Lou Romano, Brian Dennehy","English, French",USA,Won 1 Oscar. Another 66 wins & 42 nominations.,96.0,8.0,612483
Read It and Weep,A shy and retiring high school student develops a peculiar alter ego that changes her life forever.,TV-G,2006,21 Jul 2006,84 min,"Comedy, Drama, Family",Paul Hoen,"Patrick J. Clifton (teleplay), Beth Rigazio (teleplay), Julia DeVillers (book)","Kay Panabaker, Danielle Panabaker, Alexandra Krosney, Marquise C. Brown",English,USA,2 nominations.,,5.5,4915
Ready to Run,"A 14-year-old girl who works at a racetrack trains a talking racehorse with issues, transforming him into a winner.",TV-G,2000,14 Jul 2000,96 min,"Family, Sport",Duwayne Dunham,John Wierick,"Krystle Po, Jason Dohring, Lillian Hurst, Jon Brazier",English,"USA, New Zealand",1 nomination.,,5.3,282
Recess: All Growed Down,TJ and the gang has their shares of memories as kindergarteners when the kindergarteners captures them,G,2003,09 Dec 2003,61 min,"Animation, Comedy, Family","Howy Parkins, Brenda Piluso, Chuck Sheetz","Elijah Aron, Mark Drop (segment), Peter Gaffney (segment), Bart Jennett, Jonathan Rosenthal (segment), Steve Viksten (segment)","Rickey D'Shon Collins, Jason Davis, Ashley Johnson, Myles Jeffrey",English,USA,,,6.7,571
Recess: School's Out,TJ and company must save summer vacation from disappearing forever.,G,2001,16 Feb 2001,82 min,"Animation, Comedy, Family",Chuck Sheetz,"Paul Germain (television series Recess), Joe Ansolabehere (television series Recess), Paul Germain (story), Joe Ansolabehere (story), Jonathan Greenberg (story), Jonathan Greenberg (screenplay)","Rickey D'Shon Collins, Jason Davis, Ashley Johnson, Andrew Lawrence",English,"USA, Japan",,43.0,6.6,9032
Recess: Taking the Fifth Grade,Wow - fifth grade. But what good is practically being a grown-up when the teacher's a big sourpuss?,G,2003,09 Dec 2003,62 min,"Animation, Comedy, Family",Howy Parkins,"Elijah Aron, Bart Jennett","Rickey D'Shon Collins, Jason Davis, Myles Jeffrey, Ashley Johnson",English,USA,,,6.8,1759
Red Tails,"A crew of African American pilots in the Tuskegee training program, having faced segregation while kept mostly on the ground during World War II, are called into duty under the guidance of Col. A.J. Bullard.",PG-13,2012,20 Jan 2012,125 min,"Action, Drama, History, War",Anthony Hemingway,"John Ridley (story), John Ridley (screenplay), Aaron McGruder (screenplay), John B. Holway (book)","Terrence Howard, Cuba Gooding Jr., Nate Parker, David Oyelowo","English, Italian, German",USA,2 wins & 9 nominations.,46.0,5.9,32647
Red's Dream,"With a sale tag hanging from his seat, propped up in the corner of a bicycle store on a rainy night, Red the unicycle dreams about a better place.",G,1987,06 Jul 1987,4 min,"Animation, Short, Family",John Lasseter,John Lasseter,Mel Blanc,English,USA,,,6.4,6019
Remember the Titans,The true story of a newly appointed African-American coach and his high school team on their first season as a racially integrated unit.,PG,2000,29 Sep 2000,113 min,"Biography, Drama, Sport",Boaz Yakin,Gregory Allen Howard,"Denzel Washington, Will Patton, Wood Harris, Ryan Hurst",English,USA,8 wins & 18 nominations.,48.0,7.8,190945
Return from Witch Mountain,"Tia and Tony visit Los Angeles, but he's quickly kidnapped by an evil scientist, leaving her to desperately search for him.",G,1978,10 Mar 1978,95 min,"Family, Adventure, Sci-Fi, Fantasy",John Hough,"Malcolm Marmorstein, Alexander Key (characters)","Bette Davis, Christopher Lee, Kim Richards, Ike Eisenmann",English,USA,,51.0,5.9,4201
Return to Halloweentown,"Marnie and Dylan are going to follow their dreams to go to college, at Halloweentown University, which is also known as Witch University.",TV-PG,2006,20 Oct 2006,88 min,"Comedy, Family, Fantasy",David Jackson,"Max Enscoe (teleplay), Annie DeYoung (teleplay), Juliet Giglio (teleplay), Keith Giglio (teleplay), Paul Bernbaum (characters)","Sara Paxton, Judith Hoag, Lucas Grabeel, Joey Zimmerman",English,USA,Nominated for 1 Primetime Emmy. Another 2 nominations.,,5.6,5338
Return to Oz,"Dorothy, saved from a psychiatric experiment by a mysterious girl, is somehow called back to Oz when a vain witch and the Nome King destroy everything that makes the magical land beautiful.",PG,1985,21 Jun 1985,113 min,"Adventure, Family, Fantasy, Horror, Mystery",Walter Murch,"Walter Murch (screenplay), Gill Dennis (screenplay), L. Frank Baum (novels)","Fairuza Balk, Nicol Williamson, Jean Marsh, Piper Laurie",English,"UK, USA",Nominated for 1 Oscar. Another 5 nominations.,42.0,6.7,23581
Richie Rich's Christmas Wish,"After getting blamed for spoiling Christmas, the richest kid in the world wishes he'd never been born.",G,1998,10 Nov 1998,84 min,"Comedy, Family",John Murlowski,"Rob Kerchner (story), Jason Feffer (story), Mark Furey (screenplay)","David Gallagher, Eugene Levy, Keene Curtis, Jake Richardson",English,USA,,,4.1,1960
Right on Track,Fact-based drama chronicling the story of two determined sisters who battled the prejudice of a male-dominated sport to become world-class drag racers.,TV-G,2003,21 Mar 2003,89 min,"Biography, Drama, Family",Duwayne Dunham,"Sally Nemeth, Bruce Graham","Beverley Mitchell, Brie Larson, Jon Lindstrom, Jodi Russell",English,USA,,,6.3,1087
Rip Girls,A 13-year-old (Camilla Belle) learns to surf while visiting Hawaii for the first time to see a plantation she inherited.,TV-G,2000,22 Apr 2000,87 min,"Drama, Family, Romance",Joyce Chopra,Jeanne Rosenberg,"Camilla Belle, Dwier Brown, Stacie Hess, Brian Stark",English,"Australia, USA",2 nominations.,,6.2,1135
Robin Hood,The story of the legendary outlaw is portrayed with the characters as humanoid animals.,G,1973,08 Nov 1973,83 min,"Animation, Adventure, Comedy, Family, Romance","Wolfgang Reitherman, David Hand","Larry Clemmons (story), Ken Anderson (based on: character and story conceptions by), Ken Anderson (story sequences), Vance Gerry (story sequences), Frank Thomas (story sequences), Eric Cleworth (story sequences), Julius Svendsen (story sequences), David Michener (story sequences)","Roger Miller, Peter Ustinov, Terry-Thomas, Brian Bedford","English, Portuguese",USA,Nominated for 1 Oscar. Another 1 win & 1 nomination.,57.0,7.6,110712
Rocky Mountain Animal Rescue,,,2018,03 Mar 2018,,Reality-TV,,,,English,USA,,,7.8,5
Rogue One: A Star Wars Story,The daughter of an Imperial scientist joins the Rebel Alliance in a risky move to steal the Death Star plans.,PG-13,2016,16 Dec 2016,133 min,"Action, Adventure, Sci-Fi",Gareth Edwards,"Chris Weitz (screenplay by), Tony Gilroy (screenplay by), John Knoll (story by), Gary Whitta (story by), George Lucas (based on characters created by)","Felicity Jones, Diego Luna, Alan Tudyk, Donnie Yen",English,USA,Nominated for 2 Oscars. Another 24 wins & 80 nominations.,65.0,7.8,526836
Rookie of the Year,"When an accident miraculously gives a boy an incredibly powerful pitching arm, he becomes a major league pitcher for the Chicago Cubs.",PG,1993,07 Jul 1993,103 min,"Comedy, Family, Fantasy, Sport",Daniel Stern,Sam Harper,"Thomas Ian Nicholas, Gary Busey, Albert Hall, Amy Morton",English,USA,1 win & 1 nomination.,53.0,6.0,23711
Roving Mars,A pair of uncrewed vehicles transmit images from Mars.,G,2006,27 Jan 2006,40 min,"Documentary, Short",George Butler,"George Butler, Robert Andrus, George Butler (narration)","Paul Newman, Steve Squyres, Rob Manning, Charles Elachi",English,USA,1 win & 1 nomination.,58.0,7.2,968
Ruby Bridges,"The true story of Ruby Bridges, an African-American girl who, in 1960 at age 6, helped to integrate and the segregarding of all-white schools of New Orleans. Although she was the only black...",,1998,18 Jan 1998,96 min,Drama,Euzhan Palcy,Toni Ann Johnson,"Penelope Ann Miller, Kevin Pollak, Michael Beach, Jean Louisa Kelly",English,USA,4 wins & 4 nominations.,,7.2,607
Sacred Planet,"This IMAX film shows exotic places that still exist and gives new insights into the Earth's diverse landscapes, peoples and animals. From the last remaining old growth forests of British ...",G,2004,22 Apr 2004,40 min,"Documentary, Short",Jon Long,"Karen Fernandez Long, Jon Long","Robert Redford, Arapata McKay, Tsaan Ciqae, Mae Tui",English,"Canada, Malaysia, USA",,53.0,6.0,259
Saludos Amigos,Disney animators tour South America and present four animated shorts inspired by their trip.,Approved,1942,06 Feb 1943,42 min,"Animation, Short, Family, Fantasy, Music","Wilfred Jackson, Jack Kinney, Hamilton Luske, Bill Roberts, Norman Ferguson","Ted Sears (story research), William Cottrell (story research), Webb Smith (story research), Homer Brightman (story), Ralph Wright (story), Roy Williams (story), Harry Reeves (story), Dick Huemer (story), Joe Grant (story)","Fred Shields, José Oliveira","English, Portuguese",USA,Nominated for 3 Oscars. Another 1 win.,60.0,6.2,4784
Sanjay's Super Team,"Bored with his father's meditation, a young Indian boy daydreams of Hindu gods as superheroes.",PG,2015,25 Nov 2015,7 min,"Animation, Short, Action, Family, Fantasy, Thriller",Sanjay Patel,Sanjay Patel,"Brent Schraff, Sunny Singh Attar, Arun Rao, Jaquelynn Herrera",English,USA,Nominated for 1 Oscar. Another 2 nominations.,,6.9,3879
Santa Paws 2: The Santa Pups,"When the Christmas spirit mysteriously begins to disappear, the playful and mischievous Santa Pups - Hope, Jingle, Charity and Noble - must race to save Christmas.",G,2012,20 Nov 2012,88 min,"Adventure, Family",Robert Vince,"Philip Fracassi, Anna McRoberts, Robert Vince","Cheryl Ladd, Danny Woodburn, Kaitlyn Maher, Pat Finn",English,USA,1 win.,,4.9,1100
Santa's Workshop,Santa's little helpers must hurry to finish the toys before Christmas Day.,,1932,10 Dec 1932,7 min,"Animation, Family, Short",Wilfred Jackson,,"Pinto Colvig, Walt Disney, Allan Watson",English,USA,,,7.4,1320
Saving Mr. Banks,"Author P.L. Travers reflects on her childhood after reluctantly meeting with Walt Disney, who seeks to adapt her Mary Poppins books for the big screen.",PG-13,2013,20 Dec 2013,125 min,"Biography, Comedy, Drama",John Lee Hancock,"Kelly Marcel, Sue Smith","Emma Thompson, Tom Hanks, Annie Rose Buckley, Colin Farrell",English,"USA, UK, Australia",Nominated for 1 Oscar. Another 14 wins & 72 nominations.,65.0,7.5,147182
Science Fair,"Nine high school students from disparate corners of the globe navigate rivalries, setbacks, and hormones on their quest to win the international science fair. Only one can be named ""Best in Fair.""",PG,2018,19 Oct 2018,90 min,Documentary,"Cristina Costantini, Darren Foster","Cristina Costantini, Darren Foster, Jeff Plunkett","Jack Andraka, Ramy Khodeir, Serena McCalla",English,USA,,79.0,7.7,331
Sea of Hope: America's Underwater Treasures,"Oceanographer Dr. Sylvia Earle, National Geographic photographer Brian Skerry, Author & Historian Maxwell Kennedy take a team of young environmentalists around America's Ocean hotspots to ...",,2017,01 Jan 2017,48 min,Documentary,Robert Nixon,"Robert Nixon, Gary Parker",,English,USA,,,,0
Sea Scouts,"Donald has a large sailboat, and his crew consists of his three nephews. But between his own clumsiness, and that of his inexperienced (but not mean) crew, the sailing is anything but ...",,1939,30 Jun 1939,8 min,"Animation, Family, Comedy, Short",Dick Lundy,,Clarence Nash,English,USA,,,6.9,556
Secret of the Wings,Tinkerbell wanders into the forbidden Winter woods and meets Periwinkle. Together they learn the secret of their wings and try to unite the warm fairies and the winter fairies to help Pixie Hollow.,G,2012,14 Dec 2012,75 min,"Animation, Family, Fantasy","Roberts Gannaway, Peggy Holmes","Roberts Gannaway (screenplay), Peggy Holmes (screenplay), Ryan Rowe (screenplay), Tom Rogers (screenplay)","Mae Whitman, Lucy Hale, Timothy Dalton, Jeff Bennett",English,"USA, India, UK",1 win & 5 nominations.,,7.1,10155
Secretariat,"Penny Chenery Tweedy and colleagues guide her long-shot but precocious stallion to set, in 1973, the unbeaten record for winning the Triple Crown.",PG,2010,08 Oct 2010,123 min,"Biography, Drama, Family, History, Sport",Randall Wallace,"Mike Rich, William Nack (book)","Diane Lane, John Malkovich, Dylan Walsh, Margo Martindale",English,USA,4 wins & 6 nominations.,61.0,7.2,25455
The Secret of Christ's Tomb,,,2017,03 Dec 2017,,Documentary,Robert Strange,Robert Strange,Stefan Ashton Frank,English,USA,,,5.1,7
Secrets of Life,"A feature-length documentary showing the changing world of nature, the sky, the sea, the sun, planets, insects and volcanic action. A story of nature's strange and intricate designs for survival and her many methods of perpetuating life.",Passed,1956,06 Nov 1956,70 min,"Documentary, Family",James Algar,James Algar,Winston Hibler,English,USA,1 win.,,7.8,126
Secrets of the King Cobra,,,2010,10 Apr 2010,,Documentary,,,,English,India,,,7.2,6
Sharks of Lost Island,,,2013,01 Nov 2013,,,Neil Gelinas,Neil Gelinas,,English,USA,,,,0
Sharpay's Fabulous Adventure,Sharpay Evans travels to New York where she is pursuing a Broadway career but it's her dog who lands an acting gig first.,G,2011,19 Apr 2011,90 min,"Comedy, Drama, Family, Music, Musical, Romance",Michael Lembeck,"Robert Horn, Peter Barsocchini (based on characters created for ""High School Musical"" by)","Ashley Tisdale, Austin Butler, Cameron Goodman, Bradley Steven Perry",English,USA,1 nomination.,,4.7,5651
Shipwrecked,A young Norwegian boy in 1850s England goes to work as a cabin boy and discovers some of his shipmates are actually pirates.,PG,1990,01 Mar 1991,92 min,"Adventure, Family",Nils Gaup,"O.V. Falck-Ytter (book), Nils Gaup (screenplay), Bob Foss (screenplay), Greg Dinner (screenplay), Nick Thiel (screenplay)","Stian Smestad, Gabriel Byrne, Louisa Milwood-Haigh, Trond Peter Stamsø Munch",English,"Norway, Sweden, USA",3 nominations.,,6.7,2364
The Simpsons Movie,"After Homer deliberately pollutes the town's water supply, Springfield is encased in a gigantic dome by the EPA and the family are declared fugitives.",PG-13,2007,27 Jul 2007,87 min,"Animation, Adventure, Comedy",David Silverman,"James L. Brooks (screenplay), Matt Groening (screenplay), Al Jean (screenplay), Ian Maxtone-Graham (screenplay), George Meyer (screenplay), David Mirkin (screenplay), Mike Reiss (screenplay), Mike Scully (screenplay), Matt Selman (screenplay), John Swartzwelder (screenplay), Jon Vitti (screenplay), Joel H. Cohen (consultant writer), John Frink (consultant writer), Tim Long (consultant writer), Michael Price (consultant writer)","Dan Castellaneta, Julie Kavner, Nancy Cartwright, Yeardley Smith",English,USA,Nominated for 1 Golden Globe. Another 5 wins & 33 nominations.,80.0,7.3,302244
Sister Act,"When a worldly singer witnesses a mob crime, the police hide her as a nun in a traditional convent where she has trouble fitting in.",PG,1992,29 May 1992,100 min,"Comedy, Crime, Family, Music",Emile Ardolino,Paul Rudnick,"Whoopi Goldberg, Maggie Smith, Kathy Najimy, Wendy Makkena",English,USA,Nominated for 2 Golden Globes. Another 9 wins & 8 nominations.,51.0,6.4,83764
Sister Act 2: Back in the Habit,Showgirl Deloris Van Cartier (Whoopi Goldberg) returns as Sister Mary Clarence to teach music to a group of Catholic students whose run-down school is slated for closure.,PG,1993,10 Dec 1993,107 min,"Comedy, Family, Music",Bill Duke,"Paul Rudnick (characters), James Orr, Jim Cruickshank, Judi Ann Mason","Whoopi Goldberg, Kathy Najimy, Barnard Hughes, Mary Wickes",English,USA,1 win & 3 nominations.,38.0,5.6,47046
Skyrunners,"Fourteen-year-old Tyler encounters an alien ship which makes him appear older, inexplicably turns him into a ""Skyrunner"" with incomprehensible powers. This turns his high school life upside...",TV-PG,2009,27 Nov 2009,92 min,"Family, Sci-Fi",Ralph Hemecker,Richard C. Okie,"Kelly Blatz, Joey Pollari, Linda Kash, Conrad Coates",English,USA,1 win & 1 nomination.,,5.0,1022
Sleeping Beauty,"After being snubbed by the royal family, a malevolent fairy places a curse on a princess which only a prince can break, along with the help of three good fairies.",G,1959,25 Dec 1959,75 min,"Animation, Family, Fantasy, Musical, Romance","Clyde Geronimi, Les Clark, Hamilton Luske, Wolfgang Reitherman","Erdman Penner (story adaptation), Charles Perrault (story ""Sleeping Beauty""), Joe Rinaldi (additional story), Winston Hibler (additional story), Bill Peet (additional story), Ted Sears (additional story), Ralph Wright (additional story), Milt Banta (additional story)","Mary Costa, Bill Shirley, Eleanor Audley, Verna Felton",English,USA,Nominated for 1 Oscar. Another 4 wins & 5 nominations.,85.0,7.2,129694
Smart House,"A teenager wins a fully-automated dream house in a competition, but soon the computer controlling it begins to take over and everything gets out of control. Then teenage Ben must calm the computer named PAT.",TV-G,1999,26 Jun 1999,82 min,"Comedy, Drama, Family, Sci-Fi",LeVar Burton,"William Hudson, Stu Krieger","Kevin Kilner, Ryan Merriman, Katey Sagal, Jessica Steen",English,USA,2 nominations.,,6.3,5998
Smash and Grab,"After years of toiling away inside the engine room of a towering locomotive, two antiquated robots will risk everything for freedom and for each other.",PG,2019,11 Feb 2019,8 min,"Animation, Short, Action, Adventure, Family, Sci-Fi",Brian Larsen,Brian Larsen,,English,USA,,,6.7,399
Snow Dogs,"When a Miami dentist inherits a team of sled dogs, he's got to learn the trade or lose his pack to a crusty mountain man.",PG,2002,18 Jan 2002,99 min,"Adventure, Comedy, Family, Sport",Brian Levant,"Jim Kouf (screenplay), Tommy Swerdlow (screenplay), Michael Goldberg (screenplay), Mark Gibson (screenplay), Philip Halprin (screenplay), Gary Paulsen (book)","Cuba Gooding Jr., James Coburn, Sisqó, Nichelle Nichols",English,"Canada, USA",1 win.,29.0,5.2,24563
Snow White and the Seven Dwarfs,"Exiled into the dangerous forest by her wicked stepmother, a princess is rescued by seven dwarf miners who make her part of their household.",G,1937,04 Feb 1938,83 min,"Animation, Family, Fantasy, Musical, Romance","William Cottrell, David Hand, Wilfred Jackson, Larry Morey, Perce Pearce, Ben Sharpsteen","Jacob Grimm (fairy tales), Wilhelm Grimm (fairy tales), Ted Sears (story adaptation), Richard Creedon (story adaptation), Otto Englander (story adaptation), Dick Rickard (story adaptation), Earl Hurd (story adaptation), Merrill De Maris (story adaptation), Dorothy Ann Blank (story adaptation), Webb Smith (story adaptation)","Roy Atwell, Stuart Buchanan, Adriana Caselotti, Eddie Collins",English,USA,Nominated for 1 Oscar. Another 11 wins & 5 nominations.,95.0,7.6,174379
Snowball Express,"When John Baxter inherits a ski resort in the Rocky Mountains, he quits his job in New York and moves the family west to run it. Only to find that the place is a wreck. But together they ...",G,1972,22 Jun 1973,93 min,"Comedy, Family",Norman Tokar,"Don Tait (screenplay), Jim Parker (screenplay), Arnold Margolin (screenplay), Frankie O'Rear (book), John O'Rear (book)","Dean Jones, Nancy Olson, Harry Morgan, Keenan Wynn",English,USA,,,6.5,1355
Snowglobe,A young woman discovers a Christmas-themed dreamworld inside a magical snowglobe.,TV-PG,2007,15 Dec 2007,86 min,"Comedy, Family, Fantasy, Romance",Ron Lagomarsino,"Garrett Frawley, Brian Turner","Christina Milian, Erin Karpluk, Hilda Doherty, Jason Schombing",English,USA,1 win.,,6.0,2043
Society Dog Show,"Pluto's in a dog show against lots of snooty, high-society dogs. While Mickey's chasing after a dropped can, Pluto is making eyes at the dog next door. Pluto's turn for judging comes, and ...",,1939,03 Feb 1939,8 min,"Animation, Family, Comedy",Bill Roberts,,"Pinto Colvig, Walt Disney",English,USA,,,7.1,350
Splash,"A young man is reunited with a mermaid who saved him from drowning as a boy. He falls in love with her, not knowing who or what she is.",PG,1984,09 Mar 1984,111 min,"Comedy, Fantasy, Romance",Ron Howard,"Brian Grazer (based on a story by), Bruce Jay Friedman (screen story by), Lowell Ganz (screenplay by), Babaloo Mandel (screenplay by), Bruce Jay Friedman (screenplay by)","Tom Hanks, Daryl Hannah, Eugene Levy, John Candy","English, Swedish",USA,Nominated for 1 Oscar. Another 2 wins & 8 nominations.,71.0,6.2,65908
Star Wars: Episode IV - A New Hope,"Luke Skywalker joins forces with a Jedi Knight, a cocky pilot, a Wookiee and two droids to save the galaxy from the Empire's world-destroying battle station, while also attempting to rescue Princess Leia from the mysterious Darth Vader.",PG,1977,25 May 1977,121 min,"Action, Adventure, Fantasy, Sci-Fi",George Lucas,George Lucas,"Mark Hamill, Harrison Ford, Carrie Fisher, Peter Cushing",English,USA,Won 6 Oscars. Another 52 wins & 28 nominations.,90.0,8.6,1188658
Star Wars: Episode II - Attack of the Clones,"Ten years after initially meeting, Anakin Skywalker shares a forbidden romance with Padmé Amidala, while Obi-Wan Kenobi investigates an assassination attempt on the senator and discovers a secret clone army crafted for the Jedi.",PG,2002,16 May 2002,142 min,"Action, Adventure, Fantasy, Sci-Fi",George Lucas,"George Lucas (screenplay by), Jonathan Hales (screenplay by), George Lucas (story by)","Ewan McGregor, Natalie Portman, Hayden Christensen, Christopher Lee",English,USA,Nominated for 1 Oscar. Another 19 wins & 63 nominations.,54.0,6.5,613768
Star Wars: Episode VI - Return of the Jedi,"After a daring mission to rescue Han Solo from Jabba the Hutt, the Rebels dispatch to Endor to destroy the second Death Star. Meanwhile, Luke struggles to help Darth Vader back from the dark side without falling into the Emperor's trap.",PG,1983,25 May 1983,131 min,"Action, Adventure, Fantasy, Sci-Fi",Richard Marquand,"Lawrence Kasdan (screenplay by), George Lucas (screenplay by), George Lucas (story by)","Mark Hamill, Harrison Ford, Carrie Fisher, Billy Dee Williams",English,USA,Nominated for 4 Oscars. Another 22 wins & 16 nominations.,58.0,8.3,912250
Star Wars: Episode III - Revenge of the Sith,"Three years into the Clone Wars, the Jedi rescue Palpatine from Count Dooku. As Obi-Wan pursues a new threat, Anakin acts as a double agent between the Jedi Council and Palpatine and is lured into a sinister plan to rule the galaxy.",PG-13,2005,19 May 2005,140 min,"Action, Adventure, Fantasy, Sci-Fi",George Lucas,George Lucas,"Ewan McGregor, Natalie Portman, Hayden Christensen, Ian McDiarmid",English,USA,Nominated for 1 Oscar. Another 26 wins & 61 nominations.,68.0,7.5,681075
Star Wars: The Clone Wars,"After the Republic's victory on Christophsis, Anakin and his new apprentice Ahsoka Tano must rescue the kidnapped son of Jabba the Hutt. Political intrigue complicates their mission.",PG,2008,15 Aug 2008,98 min,"Animation, Action, Adventure, Family, Fantasy, Sci-Fi",Dave Filoni,"Henry Gilroy, Steven Melching, Scott Murphy","Matt Lanter, Ashley Eckstein, James Arnold Taylor, Dee Bradley Baker",English,USA,2 nominations.,35.0,5.9,53973
Star Wars: Episode V - The Empire Strikes Back,"After the Rebels are brutally overpowered by the Empire on the ice planet Hoth, Luke Skywalker begins Jedi training with Yoda, while his friends are pursued by Darth Vader and a bounty hunter named Boba Fett all over the galaxy.",PG,1980,20 Jun 1980,124 min,"Action, Adventure, Fantasy, Sci-Fi",Irvin Kershner,"Leigh Brackett (screenplay by), Lawrence Kasdan (screenplay by), George Lucas (story by)","Mark Hamill, Harrison Ford, Carrie Fisher, Billy Dee Williams",English,USA,Won 1 Oscar. Another 24 wins & 20 nominations.,82.0,8.7,1109656
Star Wars: Episode VII - The Force Awakens,"Three decades after the Empire's defeat, a new threat arises in the militant First Order. Defected stormtrooper Finn and the scavenger Rey are caught up in the Resistance's search for the missing Luke Skywalker.",PG-13,2015,18 Dec 2015,138 min,"Action, Adventure, Sci-Fi",J.J. Abrams,"Lawrence Kasdan, J.J. Abrams, Michael Arndt, George Lucas (based on characters created by)","Harrison Ford, Mark Hamill, Carrie Fisher, Adam Driver",English,USA,Nominated for 5 Oscars. Another 62 wins & 125 nominations.,80.0,7.9,833706
Star Wars: Episode VIII - The Last Jedi,"Rey develops her newly discovered abilities with the guidance of Luke Skywalker, who is unsettled by the strength of her powers. Meanwhile, the Resistance prepares for battle with the First Order.",PG-13,2017,15 Dec 2017,152 min,"Action, Adventure, Fantasy, Sci-Fi",Rian Johnson,"Rian Johnson, George Lucas (based on characters created by)","Mark Hamill, Carrie Fisher, Adam Driver, Daisy Ridley",English,USA,Nominated for 4 Oscars. Another 22 wins & 88 nominations.,85.0,7.0,532835
Star Wars: Episode I - The Phantom Menace,"Two Jedi escape a hostile blockade to find allies and come across a young boy who may bring balance to the Force, but the long dormant Sith resurface to claim their old glory.",PG,1999,19 May 1999,136 min,"Action, Adventure, Fantasy, Sci-Fi",George Lucas,George Lucas,"Liam Neeson, Ewan McGregor, Natalie Portman, Jake Lloyd",English,USA,Nominated for 3 Oscars. Another 26 wins & 65 nominations.,51.0,6.5,698744
Stargirl,A boy becomes intrigued by a mysterious and quirky student named Stargirl and spends his time trying to know more about her.,PG,2020,13 Mar 2020,107 min,"Comedy, Drama, Romance",Julia Hart,"Kristin Hahn (screenplay by), Julia Hart (screenplay by), Jordan Horowitz (screenplay by), Jerry Spinelli (based on the novel by)","Grace VanderWaal, Graham Verchere, Giancarlo Esposito, Maximiliano Hernández",English,USA,,60.0,6.2,2130
StarStruck,"Jessica Olsen was expecting a normal trip to California with her family to visit her grandma. However, she agrees to join her older sister to find the famous pop star, Christopher Wilde.",TV-G,2010,14 Feb 2010,90 min,"Comedy, Family, Music, Romance",Michael Grossman,"Barbara Johns (teleplay), Annie DeYoung (teleplay), Barbara Johns (story)","Sterling Knight, Danielle Campbell, Maggie Castle, Brandon Mychal Smith",English,USA,2 nominations.,,6.1,12305
Steamboat Willie,"Mickey Mouse, piloting a steamboat, delights his passenger, Minnie, by making musical instruments out of the menagerie on deck.",TV-Y7,1928,01 Jan 1929,8 min,"Animation, Short, Comedy, Family, Musical","Ub Iwerks, Walt Disney",,Walt Disney,English,USA,1 win.,,7.6,6678
Stepsister from Planet Weird,A teenager's life is disrupted when her mother falls in love with an alien.,TV-G,2000,17 Jun 2000,85 min,"Comedy, Family, Sci-Fi",Steve Boyum,"Francess Lantz (book), Chris Matheson (teleplay)","Courtnee Draper, Tamara Hope, Lance Guest, Khrystyne Haje",English,USA,,,6.0,1317
Stitch! The Movie,"Stitch, an alien living on Earth disguised as a dog with his human family, continues his adventures when he discovers that the alien family he never knew he had is now in Hawaii, being hunted down by galactic forces.",G,2003,25 Aug 2003,60 min,"Animation, Adventure, Comedy, Family, Sci-Fi","Tony Craig, Roberts Gannaway","Jess Winfield, Roberts Gannaway","Daveigh Chase, Chris Sanders, Tia Carrere, David Ogden Stiers","Hawaiian, English",USA,2 nominations.,,6.2,7622
Stonehenge: Decoded,Stonehenge Decoded presents world-renowned archaeologists as they reveal a revolutionary new theory about who built Stonehenge and why.,PG,2008,01 May 2008,92 min,"Documentary, History",Christopher Spencer,"Colin Swash, Christopher Spencer","Donald Sutherland, Stoyan Aleksiev, Bogomil Atanasov, Fahradin Fahradinov",English,UK,1 nomination.,,6.5,133
Stuck in the Suburbs,"Teenager Brittany is bored with her quiet suburban life. She finds excitement when her phone is switched with the phone of Jordan Cahill. Jordan, only the top teen pop singer, has come to her town to make a music video.",TV-G,2004,16 Jul 2004,76 min,"Comedy, Family, Music",Savage Steve Holland,"Wendy Engelberg (story), Amy Engelberg (story), Wendy Engelberg (teleplay), Amy Engelberg (teleplay), Dan Berendsen (teleplay)","Danielle Panabaker, Brenda Song, Amanda Shaw, CiCi Hedgpeth",English,USA,,,5.6,3395
Super Buddies,"Watch the fur fly as a new breed of superhero is born in Disneys fun-filled epic adventure. An ordinary day at Fernfield Farms turns extraordinary when Budderball, Mudbud, B- Dawg, Buddha ...",G,2013,27 Aug 2013,81 min,Family,Robert Vince,"Anna McRoberts, Robert Vince","Trey Loney, John Ratzenberger, Michael Teigen, Sam Adler",,USA,1 win.,,4.2,1089
Super Rhino,"Penny and Bolt have been captured by the evil Dr. Calico, suspended above a pool of lava (Calico is going to lower Penny and Bolt into the lava to kill them), inside a heavily guarded ...",G,2009,22 Mar 2009,4 min,"Animation, Short, Adventure, Comedy, Family",Nathan Greno,Nathan Greno,"Miley Cyrus, Mark Walton, Susie Essman, Malcolm McDowell",English,USA,,,6.3,854
Swiss Family Robinson,A family setting out for a new life across the sea is shipwrecked on a deserted island. The family members collaborate to create a home for themselves in the jungle environment.,,1940,08 Feb 1940,93 min,Adventure,Edward Ludwig,"C. Graham Baker, Walter Ferris, Gene Towne, Johann David Wyss (novel)","Thomas Mitchell, Edna Best, Freddie Bartholomew, Terry Kilburn",English,USA,,,6.5,324
Swiss Family Robinson,A Swiss family must survive being shipwrecked on a deserted island.,G,1960,21 Dec 1960,126 min,"Adventure, Family",Ken Annakin,"Lowell S. Hawley (screenplay), Johann David Wyss (novel)","John Mills, Dorothy McGuire, James MacArthur, Janet Munro",English,USA,,61.0,7.2,13189
Tall Tale,A young boy draws on the inspiration of legendary western characters to find the strength to fight an evil land baron in the old west who wants to steal his family's farm and destroy their ...,PG,1995,24 Mar 1995,96 min,"Adventure, Family, Fantasy, Western",Jeremiah S. Chechik,"Steve Bloom, Robert Rodat","Patrick Swayze, Oliver Platt, Roger Aaron Brown, Nick Stahl",English,USA,,,5.9,3246
Tangled,"The magically long-haired Rapunzel has spent her entire life in a tower, but now that a runaway thief has stumbled upon her, she is about to discover the world for the first time, and who she really is.",PG,2010,24 Nov 2010,100 min,"Animation, Adventure, Comedy, Family, Fantasy, Musical, Romance","Nathan Greno, Byron Howard","Dan Fogelman (screenplay by), Jacob Grimm (based upon the fairy tale ""Rapunzel"" by), Wilhelm Grimm (based upon the fairy tale ""Rapunzel"" by)","Mandy Moore, Zachary Levi, Donna Murphy, Ron Perlman",English,USA,Nominated for 1 Oscar. Another 10 wins & 40 nominations.,71.0,7.7,390220
Tangled: Before Ever After,"As Rapunzel prepares for her coronation as Princess of Corona, one unforgettable night will change her hair again!",TV-Y7,2017,10 Mar 2017,55 min,"Animation, Action, Adventure, Comedy, Family, Fantasy, Musical","Tom Caulfield, Stephen Sandoval","Jase Ricci, Shane Prigmore (developed by), Chris Sonnenburg (developed for television by), Shane Prigmore (developed for television by), Chris Sonnenburg (developed by), Jase Ricci (story editor)","Zachary Levi, Mandy Moore, Eden Espinosa, Clancy Brown",English,USA,1 win & 5 nominations.,,6.6,1861
Tarzan & Jane,"After being married an entire year, Jane thinks back on some of her and Tarzan's adventures as she searches for something special to mark the occasion with.",G,2002,23 Jul 2002,75 min,"Animation, Adventure, Family","Steve Loter, Victor Cook, Don MacKinnon, Lisa Schaffer(co-director)","Edgar Rice Burroughs (""Tarzan"" stories), Bill Motz, Bob Roth, Mirith J. Colao, John Behnke, Rob Humphrey, Jim Peterson, Jess Winfield, Jess Winfield (story), Dave Bullock (story), Adam Van Wyk (story)","Michael T. Weiss, Olivia d'Abo, Jeff Bennett, Jim Cummings",English,USA,4 nominations.,,5.4,5264
Teacher's Pet,"Spot (Lane) is a dog who can talk and read. Posing as a human, he sneaks into school with his master Leonard (Flemming). Educational adventures ensue.",PG,2004,16 Jan 2004,73 min,"Animation, Adventure, Comedy, Family, Fantasy, Musical, Sci-Fi",Timothy Björklund,"Gary Baseman (television series Teacher's Pet), Bill Steinkellner (television series Teacher's Pet), Cheri Steinkellner (television series Teacher's Pet), Bill Steinkellner (screenplay), Cheri Steinkellner (screenplay)","Nathan Lane, Kelsey Grammer, Shaun Fleming, Debra Jo Rupp",English,USA,2 nominations.,74.0,5.8,1471
Teen Beach 2,"Modern day teens Mack and Brady get a real world visit from Lela, Tanner, Butchy, and other surfer and biker pals from the beach party film within a film, Wet Side Story.",TV-G,2015,26 Jun 2015,104 min,"Family, Fantasy, Musical",Jeffrey Hornaday,"Matt Eddy (teleplay by), Billy Eddy (teleplay by), Dan Berendsen (story by), Robert Horn (story by), Vince Marcello (based on characters created by), Mark Landry (based on characters created by)","Ross Lynch, Maia Mitchell, Gracie Gillam, Garrett Clayton",English,USA,2 wins & 3 nominations.,,6.1,3331
Teen Beach Movie,"Two surfing lovers, whose doomed relationship is nearing to a close, find themselves swept into a dimension-traversing wave that sends them into a beach movie musical in the 60's.",Not Rated,2013,19 Jul 2013,110 min,"Family, Fantasy, Musical",Jeffrey Hornaday,"Vince Marcello (story by), Mark Landry (story by), Vince Marcello (teleplay by), Mark Landry (teleplay by), Robert Horn (teleplay by)","Ross Lynch, Maia Mitchell, Gracie Gillam, Garrett Clayton",English,USA,2 nominations.,,5.9,8886
Teen Spirit,"The story is about Amber, a mean popular girl who gets electrocuted and dies and is not allowed to enter into heaven unless she helps the least popular girl in school become Prom Queen within a week, but things do not go as planned.",TV-PG,2011,07 Aug 2011,82 min,"Comedy, Drama, Fantasy",Gil Junger,"David Kendall (teleplay), Kathryn McCullough (story and teleplay), Bob Young (teleplay)","Cassandra Scerbo, Carissa Capobianco, Gabriela Lopez, Katrina Rose Tandy",English,USA,,,5.5,6775
That Darn Cat,"A maid is kidnapped and scratches a message onto D.C. the cat's collar and when his owner Patti discovers this, she plays amateur detective with the help of D.C. to try to find the culprits.",PG,1997,14 Feb 1997,89 min,"Action, Comedy, Crime, Family, Mystery",Bob Spiers,"Gordon Gordon (novel), Mildred Gordon (novel), Gordon Gordon, Mildred Gordon, Bill Walsh, Scott Alexander (screenplay), Larry Karaszewski (screenplay)","Christina Ricci, Doug E. Doug, Dean Jones, George Dzundza",English,USA,2 nominations.,36.0,4.7,3952
That Darn Cat!,"After a kidnapped bank teller uses a neighbor's wandering cat to send an S.O.S., the F.B.I. assigns a cat-allergic Agent to the case.",Approved,1965,02 Dec 1965,116 min,"Comedy, Crime, Family, Thriller",Robert Stevenson,"Gordon Gordon (screenplay), Mildred Gordon (screenplay), Bill Walsh (screenplay), Gordon Gordon (book), Mildred Gordon (book)","Hayley Mills, Dean Jones, Dorothy Provine, Roddy McDowall","English, French",USA,6 nominations.,71.0,6.8,5542
The Absent Minded Professor,A college professor invents an anti-gravity substance which a corrupt businessman wants for himself.,Approved,1961,16 Mar 1961,92 min,"Comedy, Family, Sci-Fi, Sport",Robert Stevenson,"Bill Walsh (screenplay), Samuel W. Taylor (story)","Fred MacMurray, Nancy Olson, Keenan Wynn, Tommy Kirk",English,USA,Nominated for 3 Oscars. Another 1 win & 5 nominations.,75.0,6.8,6856
The Adventures of Bullwhip Griffin,"A young man from Boston heads west to join the California gold rush with the hopes of restoring his family fortune, but his dedicated butler sets out to find him and bring him home.",Approved,1967,08 Mar 1967,108 min,"Action, Adventure, Comedy, Family, Romance, Western",James Neilson,"Lowell S. Hawley (screenplay), Albert Sidney Fleischman (novel)","Roddy McDowall, Suzanne Pleshette, Karl Malden, Harry Guardino",English,USA,,,6.6,603
The Adventures of Huck Finn,"In Missouri, during the 1840s, young Huck Finn fearful of his drunkard father and yearning for adventure, leaves his foster family and joins with runaway slave Jim in a voyage down the Mississippi River toward slavery free states.",PG,1993,02 Apr 1993,108 min,"Adventure, Comedy, Drama, Family",Stephen Sommers,"Mark Twain (novel), Stephen Sommers (screenplay)","Elijah Wood, Courtney B. Vance, Robbie Coltrane, Jason Robards","English, French",USA,,,6.2,7451
The Adventures of Ichabod and Mr. Toad,"An animated adaptation of ""The Wind in the Willows"" followed by an adaptation of ""The Legend of Sleepy Hollow"".",Approved,1949,06 Jan 1950,68 min,"Animation, Comedy, Family, Fantasy, Horror","James Algar, Clyde Geronimi, Jack Kinney","Washington Irving (story ""The Legend of Sleepy Hollow""), Kenneth Grahame (story ""The Wind in the Willows""), Erdman Penner (story), Winston Hibler (story), Joe Rinaldi (story), Ted Sears (story), Homer Brightman (story), Harry Reeves (story)","Bing Crosby, Basil Rathbone, Eric Blore, J. Pat O'Malley",English,USA,,74.0,7.0,11917
The African Lion,The Milotte's spend three years in Africa filming a lion.,Approved,1955,14 Sep 1955,75 min,"Family, Documentary",James Algar,"James Algar, Winston Hibler, Ted Sears, Jack Moffitt",Winston Hibler,English,USA,3 wins.,,7.3,286
The Apple Dumpling Gang,Three orphan children strike gold in 1878 California.,G,1975,01 Jul 1975,100 min,"Comedy, Family, Western",Norman Tokar,"Don Tait (screenplay), Jack M. Bickham (book)","Bill Bixby, Susan Clark, Don Knotts, Tim Conway",English,USA,,59.0,6.5,4710
The Apple Dumpling Gang Rides Again,"The adventures of two idiotic outlaw wannabees, Amos and Theodore.",G,1979,27 Jun 1979,88 min,"Comedy, Family, Western",Vincent McEveety,Don Tait,"Tim Conway, Don Knotts, Tim Matheson, Kenneth Mars",English,USA,,37.0,6.1,2270
The Aristocats,"With the help of a smooth talking tomcat, a family of Parisian felines set to inherit a fortune from their owner try to make it back home after a jealous butler kidnaps them and leaves them in the country.",G,1970,24 Dec 1970,78 min,"Animation, Adventure, Comedy, Family, Musical",Wolfgang Reitherman,"Larry Clemmons (story), Vance Gerry (story), Ken Anderson (story), Frank Thomas (story), Eric Cleworth (story), Julius Svendsen (story), Ralph Wright (story), Tom McGowan (based on a story by), Tom Rowe (based on a story by)","Phil Harris, Eva Gabor, Sterling Holloway, Scatman Crothers",English,USA,3 wins.,66.0,7.1,89029
The Art of Skiing,"Goofy, staying at the Sugar Bowl resort, demonstrates the basics of downhill skiing, which the titles and announcer insist is pronounced ""SHEEing"". The equipment is, of course, of the era. ...",Approved,1941,14 Nov 1941,8 min,"Animation, Short, Comedy, Family, Sport","Jack Kinney, Bill Roberts",,"George Johnson, John McLeish, Hannes Schroll",English,USA,,,7.3,1061
The Band Concert,Mickey and his band are determined to perform their music despite the interferance of Donald Duck and a powerful storm.,TV-Y7,1935,23 Feb 1935,9 min,"Animation, Short, Comedy, Family, Music",Wilfred Jackson,,Clarence Nash,English,USA,1 win.,,7.9,2714
The Bears and I,A man seeking peace and quiet finds himself father to three bears.,G,1974,31 Jul 1974,89 min,"Drama, Family",Bernard McEveety,"John Whedon (screenplay), Robert Franklin Leslie (novel), Jack Speirs (narration)","Patrick Wayne, Chief Dan George, Andrew Duggan, Michael Ansara",English,USA,,,6.2,253
The BFG,"An orphan little girl befriends a benevolent giant who takes her to Giant Country, where they attempt to stop the man-eating giants that are invading the human world.",PG,2016,01 Jul 2016,117 min,"Adventure, Family, Fantasy",Steven Spielberg,"Melissa Mathison (screenplay by), Roald Dahl (based on the book by)","Mark Rylance, Ruby Barnhill, Penelope Wilton, Jemaine Clement",English,"USA, India, UK",4 wins & 25 nominations.,66.0,6.4,73906
The Big Bad Wolf,"The two foolish little pigs escort Red Riding Hood on a short cut through the woods, against the advice of their bricklayer brother. When they encounter the wolf, Red runs ahead to granny's...",Approved,1934,14 Apr 1934,9 min,"Animation, Comedy, Family, Musical, Short",Burt Gillett,,"Sara Berner, Billy Bletcher, Pinto Colvig, Dorothy Compton",English,USA,,,7.1,1381
The Biscuit Eater,"In this touching adventure, a remake of the popular 1940 film, two Georgia boys ignore their racial differences to team up and befriend a feral bird dog, whom they train to participate in a field trials.",G,1972,22 Mar 1972,90 min,"Drama, Family",Vincent McEveety,"James Street (story), Lawrence Edward Watkin","Earl Holliman, Pat Crowley, Lew Ayres, Godfrey Cambridge",English,USA,,,5.7,281
The Black Cauldron,A young boy and a bunch of misfit friends embark on a quest to find a dark magic item of ultimate power before a diabolical tyrant can.,PG,1985,24 Jul 1985,80 min,"Animation, Action, Adventure, Family, Fantasy, Horror","Ted Berman, Richard Rich","Lloyd Alexander (novel), David Jonas (story), Vance Gerry (story), Ted Berman (story), Richard Rich (story), Al Wilson (story), Roy Morita (story), Peter Young (story), Art Stevens (story), Joe Hale (story), Rosemary Anne Sisson (additional dialogue), Roy Edward Disney (additional dialogue), Tony Marino (additional story contributions), Steve Hulett (additional story contributions), Mel Shaw (additional story contributions), Burny Mattinson (additional story contributions), John Musker (additional story contributions), Ron Clements (additional story contributions), Doug Lefler (additional story contributions)","Grant Bardsley, Susan Sheridan, Freddie Jones, Nigel Hawthorne","English, Portuguese","USA, UK",,59.0,6.4,29395
The Black Hole,"A research vessel finds a missing ship, commanded by a mysterious scientist, on the edge of a black hole.",PG,1979,21 Dec 1979,98 min,"Action, Sci-Fi",Gary Nelson,"Jeb Rosebrook (story by), Bob Barbash (story by), Richard H. Landau (story by), Jeb Rosebrook (screenplay by), Gerry Day (screenplay by)","Maximilian Schell, Anthony Perkins, Robert Forster, Joseph Bottoms",English,USA,Nominated for 2 Oscars. Another 6 nominations.,52.0,6.0,22422
The Blue Umbrella,"Amidst the rain in a singing city, two umbrellas - one blue, one not - fall eternally in love.",G,2013,21 Jun 2013,7 min,"Animation, Short, Family, Fantasy, Romance",Saschka Unseld,Saschka Unseld,Sarah Jaffe,English,USA,1 nomination.,,7.6,8311
The Boy Who Talked to Badgers,A young boy gets along better with the animals he befriends around his family's Canadian farm than with the people he lives with.,,1975,14 Sep 1975,,"Adventure, Family",Gary Nelson,,"Christian Juttner, Carl Betz, Salome Jens, Denver Pyle",English,USA,,,6.8,25
The Brave Little Toaster Goes to Mars,"Thomas M. Disch's sequel, based on the book sequel, has our heroes zooming off to, of all places, Mars.",Not Rated,1998,18 May 1998,73 min,"Animation, Adventure, Family, Sci-Fi","Robert C. Ramirez, Patrick A. Ventura","Willard Carroll (screenplay), Thomas M. Disch (novel)","Thurl Ravenscroft, Deanna Oliver, Eric Lloyd, Timothy Stack",English,USA,2 nominations.,,5.7,1333
The Castaway Cowboy,"A Texas cowboy is rescued at sea by a 12-year-old boy. While he waits to return home, he decides to help out his rescuer's family.",G,1974,01 Aug 1974,91 min,"Comedy, Family, Western",Vincent McEveety,"Don Tait (story & screenplay), Richard M. Bluel (story), Hugh Benson (story)","James Garner, Vera Miles, Robert Culp, Eric Shea",English,USA,,,5.9,421
The Cat from Outer Space,"Three scientists help an Alien feline, stranded on Earth, to repair its damaged spacecraft in order to return home but their efforts are hampered by inept army officials and foreign spies.",G,1978,09 Jun 1978,104 min,"Comedy, Family, Sci-Fi",Norman Tokar,Ted Key,"Ken Berry, Sandy Duncan, Harry Morgan, Roddy McDowall",English,USA,1 nomination.,58.0,6.1,4162
The Cheetah Girls,Four teens aim to take the world by storm with their music.,TV-G,2003,15 Aug 2003,100 min,"Comedy, Drama, Family, Music, Musical",Oz Scott,"Deborah Gregory (series of books), Alison Taylor","Raven-Symoné, Adrienne Houghton, Kiely Williams, Sabrina Bryan","English, Spanish","Canada, USA",6 nominations.,,4.8,6690
The Cheetah Girls 2,"The girl group return for more adventures, this time traveling to Spain to take part in a music festival.",TV-G,2006,25 Aug 2006,96 min,"Comedy, Drama, Family, Music, Musical",Kenny Ortega,"Bethesda Brown, Alison Taylor, Deborah Gregory (series of books)","Raven-Symoné, Adrienne Houghton, Sabrina Bryan, Kiely Williams","English, Spanish",USA,2 nominations.,,5.0,5512
The Cheetah Girls: One World,The girl group travel to India to star in a Bollywood movie - but end up competing for the same part.,TV-G,2008,22 Aug 2008,90 min,"Comedy, Drama, Family, Musical",Paul Hoen,"Dan Berendsen (story by), Dan Berendsen (teleplay by), Nisha Ganatra (teleplay by), Deborah Gregory (series of books), Jen Small (teleplay by)","Adrienne Houghton, Sabrina Bryan, Kiely Williams, Roshan Seth",English,USA,2 nominations.,,4.7,3779
The Christmas Star,A counterfeiter finds the true meaning of the holidays.,TV-G,1986,14 Dec 1986,94 min,"Drama, Family",Alan Shapiro,"Carol Dysinger, Alan Shapiro (story), Alan Shapiro, Alan Shapiro","Edward Asner, Rene Auberjonois, Jim Metzler, Susan Tyrrell",English,"Canada, USA",,,6.5,345
The Chronicles of Narnia: Prince Caspian,"The Pevensie siblings return to Narnia, where they are enlisted to once again help ward off an evil king and restore the rightful heir to the land's throne, Prince Caspian.",PG,2008,16 May 2008,150 min,"Action, Adventure, Family, Fantasy",Andrew Adamson,"Andrew Adamson (screenplay), Christopher Markus (screenplay), Stephen McFeely (screenplay), C.S. Lewis (novel)","Ben Barnes, Georgie Henley, Skandar Keynes, William Moseley",English,"USA, Poland, Slovenia, Czech Republic, UK",2 wins & 20 nominations.,62.0,6.5,187627
"The Chronicles of Narnia: The Lion, the Witch and the Wardrobe",Four kids travel through a wardrobe to the land of Narnia and learn of their destiny to free it with the guidance of a mystical lion.,PG,2005,09 Dec 2005,143 min,"Adventure, Family, Fantasy",Andrew Adamson,"Ann Peacock (screenplay), Andrew Adamson (screenplay), Christopher Markus (screenplay), Stephen McFeely (screenplay), C.S. Lewis (book)","Georgie Henley, Skandar Keynes, William Moseley, Anna Popplewell","English, German, Brazilian Sign Language","UK, USA",Won 1 Oscar. Another 17 wins & 46 nominations.,75.0,6.9,353342
The Color of Friendship,A white South African girl finds herself in a difficult situation when she is sent to spend a term with a black family in America.,TV-G,2000,05 Feb 2000,87 min,"Biography, Drama, Family",Kevin Hooks,Paris Qualles,"Lindsey Haun, Shadia Simmons, Carl Lumbly, Penny Johnson Jerald",English,"Canada, USA",Won 1 Primetime Emmy. Another 4 wins & 3 nominations.,,7.4,3027
The Computer Wore Tennis Shoes,"At Medfield College, an accident with a donated computer gives Dexter Riley the ability to remember any knowledge learned instantly and perfectly.",G,1969,24 Dec 1969,91 min,"Comedy, Family, Sci-Fi",Robert Butler,Joseph L. McEveety,"Kurt Russell, Cesar Romero, Joe Flynn, William Schallert",English,USA,,54.0,6.0,4208
The Country Bears,Beary Barrington goes on an adventure to save Country Bear Hall by getting the Country Bears back together for a reunion concert.,G,2002,26 Jul 2002,88 min,"Comedy, Family, Music, Musical",Peter Hastings,Mark Perez,"Haley Joel Osment, Diedrich Bader, Candy Ford, James Gammon",English,USA,4 nominations.,37.0,4.1,4769
The Emperor's New Groove,"Emperor Kuzco is turned into a llama by his ex-administrator Yzma, and must now regain his throne with the help of Pacha, the gentle llama herder.",G,2000,15 Dec 2000,78 min,"Animation, Adventure, Comedy, Family, Fantasy",Mark Dindal,"Chris Williams (story by), Mark Dindal (story by), David Reynolds (screenplay by), Stephen J. Anderson (additional story material by), Don Hall (additional story material by), John Norton (additional story material by), Roger Allers (based on an original story by), Matthew Jacobs (based on an original story by), Doug Frankel (additional story), Mark Kennedy (additional story), Mark Walton (additional story)","David Spade, John Goodman, Eartha Kitt, Patrick Warburton",English,USA,Nominated for 1 Oscar. Another 7 wins & 26 nominations.,70.0,7.3,171721
The Even Stevens Movie,"The Stevens think that they've won an all-expenses-paid trip to an island that's halfway around the world. When their house is destroyed, their food stolen, and their bacon eaten, the ...",TV-G,2003,13 Jun 2003,93 min,"Comedy, Family",Sean McNamara,"Dennis Rinsler, Marc Warren","Shia LaBeouf, Christy Carlson Romano, Donna Pescow, Tom Virtue",English,USA,1 win & 5 nominations.,,6.2,6241
The Finest Hours,The Coast Guard makes a daring rescue attempt off the coast of Cape Cod after a pair of oil tankers are destroyed during a blizzard in 1952.,PG-13,2016,29 Jan 2016,117 min,"Action, Drama, History, Thriller",Craig Gillespie,"Scott Silver (screenplay), Paul Tamasy (screenplay), Eric Johnson (screenplay), Casey Sherman (book), Michael J. Tougias (book)","Chris Pine, Casey Affleck, Ben Foster, Eric Bana",English,USA,2 wins.,58.0,6.8,59000
The Flood,An in-depth look at the animals living in the heart of Africa's Okavango Delta.,,2018,25 Nov 2018,,Documentary,,,Angela Bassett,English,USA,,,8.2,24
The Fox and the Hound,Two childhood friends find themselves forced to become enemies.,G,1981,10 Jul 1981,83 min,"Animation, Adventure, Drama, Family","Ted Berman, Richard Rich, Art Stevens, David Hand, Wolfgang Reitherman","Daniel P. Mannix (based on the book by), Larry Clemmons (story), Ted Berman (story), David Michener (story), Peter Young (story), Burny Mattinson (story), Steve Hulett (story), Earl Kress (story), Vance Gerry (story)","Mickey Rooney, Kurt Russell, Pearl Bailey, Jack Albertson",English,USA,1 win & 2 nominations.,65.0,7.3,81227
The Fox and the Hound 2,"Tod and Copper still go together like an itch and a scratch, but when Copper gets a shot at the big time with a nutty group of hound dog howlers, their purebred friendship is put to the test.",G,2006,11 Dec 2006,69 min,"Animation, Adventure, Comedy, Family, Musical",Jim Kammerud,"Rich Burns (screenplay by), Roger S.H. Schulman (screenplay by)","Reba McEntire, Patrick Swayze, Jonah Bobo, Harrison Fahn",English,USA,1 win.,,5.3,3961
The Game Plan,An NFL quarterback living the bachelor lifestyle discovers that he has an 8-year-old daughter from a previous relationship.,PG,2007,28 Sep 2007,110 min,"Comedy, Family, Sport",Andy Fickman,"Nichole Millard (screenplay), Kathryn Price (screenplay), Nichole Millard (story), Kathryn Price (story), Audrey Wells (story)","Dwayne Johnson, Madison Pettis, Kyra Sedgwick, Roselyn Sanchez",English,USA,3 nominations.,44.0,6.1,56291
The Ghosts of Buxley Hall,Ghosts and a young cadet try to save a military academy from being closed.,,1980,21 Dec 1980,120 min,"Comedy, Family, Fantasy",Bruce Bilson,"Sy Gomberg (adaptation), Rick Mittleman (adaptation), Sy Gomberg","Dick O'Neill, Victor French, Louise Latham, Rad Daly",English,USA,,,6.6,97
The Goddess of Spring,"The lovely goddess of spring Persephone is kidnapped by Hades, thus bringing about the winter season.",APPROVED,1934,03 Nov 1934,10 min,"Animation, Short, Family, Fantasy, Musical",Wilfred Jackson,,"Kenny Baker, Jessica Dragonette, Tudor Williams",English,USA,,,6.9,483
The Golden Touch,"Greedy King Midas is granted his wish that everything he touches turns to gold. However, he realizes this may be a curse, when he sits down to eat and the food turns to gold as well.",,1935,22 Mar 1935,10 min,"Animation, Short, Comedy, Family, Musical",Walt Disney,,Billy Bletcher,English,USA,,,6.9,856
The Good Dinosaur,"In a world where dinosaurs and humans live side-by-side, an Apatosaurus named Arlo makes an unlikely human friend.",PG,2015,25 Nov 2015,93 min,"Animation, Adventure, Comedy, Drama, Family, Fantasy",Peter Sohn,"Bob Peterson (original concept & development by), Peter Sohn (story by), Erik Benson (story by), Meg LeFauve (story by), Kelsey Mann (story by), Bob Peterson (story by), Meg LeFauve (screenplay by), Peter Hedges (additional screenplay material by), Adrian Molina (additional screenplay material by)","Jeffrey Wright, Frances McDormand, Maleah Nipay-Padilla, Ryan Teeple",English,USA,Nominated for 1 Golden Globe. Another 9 wins & 40 nominations.,66.0,6.7,97413
The Great Mouse Detective,"Basil, the rodent Sherlock Holmes, investigates the kidnapping of a toy maker and uncovers its link to his archenemy, Professor Ratigan.",G,1986,02 Jul 1986,74 min,"Animation, Adventure, Family, Musical, Mystery","Ron Clements, Burny Mattinson, David Michener, John Musker","Peter Young (story adapted by), Vance Gerry (story adapted by), Steve Hulett (story adapted by), Ron Clements (story adapted by), John Musker (story adapted by), Bruce Morris (story adapted by), Matthew O'Callaghan (story adapted by), Burny Mattinson (story adapted by), David Michener (story adapted by), Mel Shaw (story adapted by), Eve Titus (based on ""Basil Of Baker Street""), Paul Galdone (based on ""Basil Of Baker Street"")","Vincent Price, Barrie Ingham, Val Bettin, Susanne Pollatschek","English, French, German, Italian",USA,1 win & 3 nominations.,73.0,7.2,42723
The Great Muppet Caper,"Kermit the Frog, The Great Gonzo, and Fozzie Bear are reporters who travel to Britain to interview a rich victim of jewel thieves and help her along with her secretary, Miss Piggy.",G,1981,26 Jun 1981,97 min,"Adventure, Comedy, Crime, Family, Musical, Mystery",Jim Henson,"Tom Patchett, Jay Tarses, Jerry Juhl, Jack Rose","Jim Henson, Frank Oz, Dave Goelz, Jerry Nelson",English,"UK, USA",Nominated for 1 Oscar. Another 1 nomination.,70.0,7.2,12993
The Greatest Game Ever Played,"In the 1913 US Open, 20-year-old Francis Ouimet played golf against his idol, 1900 US Open champion, Englishman Harry Vardon.",PG,2005,30 Sep 2005,120 min,"Biography, Drama, Sport",Bill Paxton,"Mark Frost (book), Mark Frost (screenplay)","James Paxton, Tom Rack, Armand Laroche, Peter Hurley",English,"USA, Canada",3 nominations.,55.0,7.4,26823
The Haunted Mansion,"A realtor and his wife and children are summoned to a mansion, which they soon discover is haunted, and while they attempt to escape, he learns an important lesson about the family he has neglected.",PG,2003,26 Nov 2003,88 min,"Comedy, Family, Fantasy, Horror, Mystery",Rob Minkoff,David Berenbaum,"Eddie Murphy, Terence Stamp, Nathaniel Parker, Marsha Thomason",English,USA,1 win & 4 nominations.,34.0,5.0,40276
The Hockey Champ,Donald shows his nephews the moves that won him his hockey trophy. But the boys have a few moves of their own.,Approved,1939,28 Apr 1939,7 min,"Animation, Short, Comedy, Family, Sport",Jack King,,Clarence Nash,English,USA,,,7.1,756
The Hunchback of Notre Dame,"A deformed bell-ringer must assert his independence from a vicious government minister in order to help his friend, a gypsy dancer.",G,1996,21 Jun 1996,91 min,"Animation, Drama, Family, Musical, Romance","Gary Trousdale, Kirk Wise","Tab Murphy (animation story by), Victor Hugo (from the novel ""Notre Dame de Paris"" by), Tab Murphy (animation screenplay by), Irene Mecchi (animation screenplay by), Bob Tzudiker (animation screenplay by), Noni White (animation screenplay by), Jonathan Roberts (animation screenplay by), Kevin Harkey (story), Gaëtan Brizzi (story), Paul Brizzi (story), Ed Gombert (story), Brenda Chapman (story), Jeff Snow (story), Jim Capobianco (story), Denis Rich (story), Burny Mattinson (story), John Sanford (story), Kelly Wightman (story), James Fujii (story), Geefwee Boedoe (story), Floyd Norman (story), Francis Glebas (story), Kirk Hanson (story), Christine Blum (story), Sue C. Nichols (story), Will Finn (additional screenplay material by)","Jason Alexander, Mary Kay Bergman, Corey Burton, Jim Cummings","English, Latin","USA, France",Nominated for 1 Oscar. Another 8 wins & 21 nominations.,74.0,6.9,135545
The Hunchback of Notre Dame 2: The Secret of the Bell,Quasimodo goes into action when a magician seeks to steal one of the bells of Notre Dame.,G,2002,19 Mar 2002,68 min,"Animation, Adventure, Comedy, Drama, Family, Musical, Romance",Bradley Raymond,"Jule Selbo (screenplay by), Flip Kobler (screenplay by), Cindy Marcus (screenplay by)","Jason Alexander, Jennifer Love Hewitt, Tom Hulce, Paul Kandel",English,USA,2 wins & 12 nominations.,,4.7,5645
The Incredible Journey,"The story of three pets, a cat and two dogs, who lose their owners when they are all on vacation. Can they find their way home?",G,1963,20 Nov 1963,80 min,"Adventure, Drama, Family",Fletcher Markle,"James Algar (screenplay), Sheila Burnford (book)","Émile Genest, John Drainie, Tommy Tweed, Sandra Scott",English,"Canada, USA",,87.0,7.1,3702
The Incredibles,"A family of undercover superheroes, while trying to live the quiet suburban life, are forced into action to save the world.",PG,2004,05 Nov 2004,115 min,"Animation, Action, Adventure, Family",Brad Bird,Brad Bird,"Craig T. Nelson, Holly Hunter, Samuel L. Jackson, Jason Lee","English, French",USA,Won 2 Oscars. Another 65 wins & 56 nominations.,90.0,8.0,633057
The Journey of Natty Gann,"In the 1930s, a tomboy runs away from her guardian to join her single father who is 2,000 miles away, where he has found work.",PG,1985,27 Sep 1985,101 min,"Adventure, Family",Jeremy Kagan,Jeanne Rosenberg,"Meredith Salenger, John Cusack, Ray Wise, Lainie Kazan",English,USA,Nominated for 1 Oscar. Another 1 win & 2 nominations.,66.0,7.0,4848
The Jungle Book,Bagheera the Panther and Baloo the Bear have a difficult time trying to convince a boy to leave the jungle for human civilization.,G,1967,18 Oct 1967,78 min,"Animation, Adventure, Family, Musical","Wolfgang Reitherman, James Algar, Jack Kinney","Larry Clemmons (story), Ralph Wright (story), Ken Anderson (story), Vance Gerry (story), Rudyard Kipling (inspired by the Mowgli stories)","Phil Harris, Sebastian Cabot, Bruce Reitherman, George Sanders",English,USA,Nominated for 1 Oscar. Another 4 wins & 3 nominations.,65.0,7.6,159903
The Jungle Book 2,"Mowgli, missing the jungle and his old friends, runs away from the man village unaware of the danger he's in by going back to the wild.",G,2003,14 Feb 2003,72 min,"Animation, Adventure, Family, Musical",Steve Trenbirth,"Karl Geurs (screenplay by), Carter Crocker (additional written material), Evan Spiliotopoulos (additional written material), David Reynolds (additional written material), Roger S.H. Schulman (additional written material), Tom Rogers (additional written material)","John Goodman, Haley Joel Osment, Mae Whitman, Connor Funk",English,"USA, Australia",1 win & 9 nominations.,38.0,5.4,14354
The Jungle Book: Mowgli's Story,"Now your whole family can relive Disney's 'The Jungle Book', from Mowgli's point of view.",G,1998,28 Sep 1998,77 min,"Adventure, Family",Nick Marck,"Rudyard Kipling (book), Jose Rivera (teleplay), Jim Herzfeld (teleplay)","Brandon Baker, Sherman Howard, Clancy Brown, Peri Gilpin",English,USA,,,4.2,625
The Last Song,"A rebellious girl is sent to a Southern beach town for the summer to stay with her father. Through their mutual love of music, the estranged duo learn to reconnect.",PG,2010,31 Mar 2010,107 min,"Drama, Music, Romance",Julie Anne Robinson,"Nicholas Sparks (screenplay), Jeff Van Wie (screenplay), Nicholas Sparks (book)","Miley Cyrus, Greg Kinnear, Bobby Coleman, Liam Hemsworth",English,USA,4 wins & 10 nominations.,33.0,6.0,78380
The Legend of Mor'du,The witch from Pixar's Brave (2012) uses magical illustrations to tell the legend of a power-obsessed prince who sought a magic spell that would allow him to wrest control of a kingdom from...,,2012,05 Dec 2012,7 min,"Animation, Short, Family",Brian Larsen,"Brian Larsen, Steve Purcell","Julie Walters, Steve Purcell, Callum O'Neill",English,USA,,,6.2,1084
The Lion King,"After the murder of his father, a young lion prince flees his kingdom only to learn the true meaning of responsibility and bravery.",PG,2019,19 Jul 2019,118 min,"Animation, Adventure, Drama, Family, Musical",Jon Favreau,"Jeff Nathanson (screenplay by), Irene Mecchi (based on ""The Lion King"" screenplay by), Jonathan Roberts (based on ""The Lion King"" screenplay by), Linda Woolverton (based on ""The Lion King"" screenplay by)","Chiwetel Ejiofor, John Oliver, James Earl Jones, John Kani","English, Xhosa, Zulu, French, Spanish","USA, UK",Nominated for 1 Oscar. Another 14 wins & 32 nominations.,55.0,6.9,189877
The Lion King 3: Hakuna Matata,Timon the meerkat and Pumbaa the warthog retell the story of The Lion King (1994) from their own perspective.,G,2004,10 Feb 2004,77 min,"Animation, Adventure, Comedy, Family, Musical",Bradley Raymond,"Tom Rogers (screenplay), Roger Allers (additional screenplay material), Irene Mecchi (additional screenplay material), Bill Steinkellner (additional screenplay material), Evan Spiliotopoulos (additional screenplay material)","Nathan Lane, Ernie Sabella, Julie Kavner, Jerry Stiller",English,"Australia, USA",6 wins & 10 nominations.,,6.6,35523
The Lion King 2: Simba's Pride,Simba's daughter is the key to a resolution of a bitter feud between Simba's pride and the outcast pride led by the mate of Scar.,G,1998,27 Oct 1998,81 min,"Animation, Adventure, Drama, Family, Musical, Romance","Darrell Rooney, Rob LaDuca(co-director)","Flip Kobler (screenplay), Cindy Marcus (screenplay), Jenny Wingfield (additional written material), Linda Voorhees (additional written material), Gregory Poirier (additional written material), Bill Motz (additional written material), Bob Roth (additional written material), Mark McCorkle (additional written material), Robert Schooley (additional written material), Jonathan Cuba (additional written material)","Matthew Broderick, Neve Campbell, Andy Dick, Robert Guillaume",English,"USA, Australia",3 wins & 3 nominations.,,6.5,58256
The Lion King,"A Lion cub crown prince is tricked by a treacherous uncle into thinking he caused his father's death and flees into exile in despair, only to learn in adulthood his identity and his responsibilities.",G,1994,24 Jun 1994,88 min,"Animation, Adventure, Drama, Family, Musical","Roger Allers, Rob Minkoff","Irene Mecchi (screenplay by), Jonathan Roberts (screenplay by), Linda Woolverton (screenplay by), Burny Mattinson (story), Barry Johnson (story), Lorna Cook (story), Thom Enriquez (story), Andy Gaskill (story), Gary Trousdale (story), Jim Capobianco (story), Kevin Harkey (story), Jorgen Klubien (story), Chris Sanders (story), Tom Sito (story), Larry Leker (story), Joe Ranft (story), Rick Maki (story), Ed Gombert (story), Francis Glebas (story), Mark Kausler (story), J.T. Allen (additional story material), George Scribner (additional story material), Miguel Tejada-Flores (additional story material), Jenny Tripp (additional story material), Bob Tzudiker (additional story material), Christopher Vogler (additional story material), Kirk Wise (additional story material), Noni White (additional story material), Brenda Chapman (story supervisor)","Rowan Atkinson, Matthew Broderick, Niketa Calame-Harris, Jim Cummings","English, Swahili, Xhosa, Zulu",USA,Won 2 Oscars. Another 35 wins & 34 nominations.,88.0,8.5,901362
The Little Mermaid,A mermaid princess makes a Faustian bargain in an attempt to become human and win a prince's love.,G,1989,17 Nov 1989,83 min,"Animation, Family, Fantasy, Musical, Romance","Ron Clements, John Musker","John Musker, Ron Clements, Hans Christian Andersen (fairy tale), Howard Ashman (additional dialogue), Gerrit Graham (additional dialogue), Sam Graham (additional dialogue), Chris Hubbell (additional dialogue)","Rene Auberjonois, Christopher Daniel Barnes, Jodi Benson, Pat Carroll","English, French",USA,Won 2 Oscars. Another 10 wins & 8 nominations.,88.0,7.6,227707
The Little Mermaid 2: Return to the Sea,"To protect her from a sea witch, Ariel's daughter is not allowed in the ocean; but when she becomes 12, she runs away to an adventure under the sea.",G,2000,19 Sep 2000,75 min,"Animation, Drama, Family, Fantasy, Musical","Jim Kammerud, Brian Smith(co-director)","Elizabeth Anderson (screenplay), Temple Mathews (screenplay), Elise D'Haene (additional screenplay material), Eddie Guzelian (additional screenplay material)","Jodi Benson, Samuel E. Wright, Tara Strong, Pat Carroll",English,"USA, Canada, Australia, Taiwan",4 nominations.,,5.6,16648
The Little Mermaid: Ariel's Beginning,"In the kingdom of Atlantica where music is forbidden, the youngest daughter of King Triton, named Ariel, discovers her love of an underground music club and sets off to a daring adventure to bring restoration of music back to Atlantica.",G,2008,25 Aug 2008,77 min,"Animation, Drama, Family, Fantasy, Musical",Peggy Holmes,"Robert Reece (screenplay), Evan Spiliotopoulos (screenplay), Jule Selbo (story), Jenny Wingfield (story), Steve Bencich (additional screenplay material), Peggy Holmes (additional screenplay material), Tom Rogers (additional screenplay material), Thania St. John (additional screenplay material), Rich Burns (additional screenplay material), Ron J. Friedman (additional screenplay material)","Jodi Benson, Samuel E. Wright, Jim Cummings, Sally Field",English,USA,2 nominations.,,6.3,8001
The Living Desert,Documentary of the lives of flora and fauna in a desert in the US.,Passed,1953,10 Nov 1953,69 min,"Family, Documentary",James Algar,"James Algar (screenplay), Winston Hibler (screenplay), Ted Sears (screenplay)",Winston Hibler,English,USA,Won 1 Oscar. Another 6 wins & 2 nominations.,69.0,7.5,1139
Lizzie McGuire,"Lizzie McGuire has graduated from middle school and takes a trip to Rome, Italy with her class. And what was supposed to be only a normal trip, becomes a teenager's dream come true.",PG,2003,02 May 2003,94 min,"Adventure, Comedy, Family, Music, Romance",Jim Fall,"Susan Estelle Jansen, Ed Decter, John J. Strauss, Terri Minsky (characters)","Hilary Duff, Adam Lamberg, Hallie Todd, Robert Carradine","English, Italian",USA,2 wins & 3 nominations.,56.0,5.5,34463
The Lost Tomb of Alexander the Great,"In this gripping investigation, archaeologist Pepi Papakosta is on a hunt for Alexander the Great's lost tomb, and she makes an extraordinary discovery.",,2019,04 Mar 2019,,Documentary,Duncan Singh,,"Fredrik T. Hiebert, Calliope Limneos-Papakosta",English,UK,,,7.2,32
The Love Bug,A race car driver becomes a champion with a Volkswagen Beetle with a mind of its own.,G,1968,13 Mar 1969,108 min,"Comedy, Family, Sport",Robert Stevenson,"Bill Walsh (screenplay), Don DaGradi (screenplay), Gordon Buford (story)","Dean Jones, Michele Lee, David Tomlinson, Buddy Hackett","English, Cantonese, Spanish",USA,1 win & 2 nominations.,48.0,6.5,13617
The Many Adventures of Winnie the Pooh,"In this collection of animated shorts based on the stories and characters by A.A. Milne, Winnie the Pooh, a honey-loving teddy bear, embarks on some eccentric adventures.",G,1977,11 Mar 1977,74 min,"Animation, Adventure, Comedy, Family, Musical","John Lounsbery, Wolfgang Reitherman, Ben Sharpsteen","A.A. Milne (books), Larry Clemmons (story), Ralph Wright (story), Vance Gerry (story), Xavier Atencio (story), Ken Anderson (story), Julius Svendsen (story), Ted Berman (story), Eric Cleworth (story), Winston Hibler (story supervisor ""Blustery Day"")","Sebastian Cabot, Junius Matthews, Barbara Luddy, Howard Morris",English,USA,1 nomination.,,7.6,31065
The Million Dollar Duck,"Professor Dooley takes home a duck from his research laboratory as a pet for his son, but soon finds out that it lays golden eggs.",G,1971,30 Jun 1971,89 min,"Comedy, Family, Sci-Fi",Vincent McEveety,"Ted Key (story), Roswell Rogers","Dean Jones, Sandy Duncan, Joe Flynn, Tony Roberts",English,USA,,45.0,5.9,1886
The Mistle-Tones,A talented singer forms a musical group and challenges her rivals to a competition on Christmas Eve.,TV-PG,2012,09 Dec 2012,90 min,"Comedy, Family, Music",Paul Hoen,"Jed Elinoff, Scott Thomas","Tia Mowry-Hardrict, Jonathan Patrick Moore, Andy Gala, Megan Kathleen Duffy",English,USA,,,6.7,1843
The Muppet Christmas Carol,The Muppet characters tell their version of the classic tale of an old and bitter miser's redemption on Christmas Eve.,G,1992,11 Dec 1992,85 min,"Comedy, Drama, Family, Fantasy, Musical",Brian Henson,"Charles Dickens (novel), Jerry Juhl (screenplay)","Michael Caine, Dave Goelz, The Great Gonzo, Steve Whitmire",English,"USA, UK",2 wins & 1 nomination.,64.0,7.7,45861
The Muppet Movie,"Kermit and his newfound friends trek across America to find success in Hollywood, but a frog legs merchant is after Kermit.",G,1979,22 Jun 1979,95 min,"Adventure, Comedy, Family, Musical",James Frawley,"Jerry Juhl, Jack Burns","Jim Henson, Frank Oz, Jerry Nelson, Richard Hunt",English,"UK, USA",Nominated for 2 Oscars. Another 4 wins & 9 nominations.,74.0,7.6,31198
The Muppets,A Muppet fanatic with some help from his 2 human compatriots must regroup the Muppet gang to stop an avaricious oil mogul from taking down one of their precious life-longing treasures.,PG,2011,23 Nov 2011,103 min,"Adventure, Comedy, Family, Musical",James Bobin,"Jason Segel, Nicholas Stoller, Jim Henson (based on)","Jason Segel, Amy Adams, Chris Cooper, Rashida Jones",English,USA,Won 1 Oscar. Another 16 wins & 43 nominations.,75.0,7.1,84999
The New Neighbor,"As the new neighbor on the block, Donald Duck tries to be courteous to the inconsiderate slob living next door; but eventually a feud erupts, and the television news covers it like a sporting event.",,1953,01 Aug 1953,7 min,"Family, Comedy, Animation, Short",Jack Hannah,"Nick George (story), Milt Schaffer (story)","Billy Bletcher, Clarence Nash",English,USA,,,7.5,292
The Odd Life of Timothy Green,"A childless couple bury a box in their backyard, containing all of their wishes for an infant. Soon, a child is born, though Timothy Green is not all that he appears.",PG,2012,15 Aug 2012,105 min,"Comedy, Drama, Family, Fantasy",Peter Hedges,"Peter Hedges (screenplay), Ahmet Zappa (story)","Jennifer Garner, Joel Edgerton, CJ Adams, Odeya Rush",English,USA,1 win & 8 nominations.,47.0,6.6,43976
The Old Mill,A variety of animals find a shelter in the old mill during a fierce storm.,Approved,1937,05 Nov 1937,9 min,"Animation, Short, Comedy, Family, Musical",Wilfred Jackson,,"Marie Arbuckle, Jean MacMurray, Louise Myers, Clarence Nash",,USA,Won 1 Oscar. Another 1 win.,,7.9,3165
The Olympic Champ,Goofy illustrates the various Olympic track-and-field events and the torch traditions.,Approved,1942,09 Oct 1942,7 min,"Animation, Short, Comedy, Family, Sport",Jack Kinney,,John McLeish,English,USA,,,7.1,634
The Olympic Elk,,Approved,1952,13 Feb 1952,27 min,"Documentary, Short",James Algar,"Winston Hibler (script), Ted Sears (script), James Algar (script)",Winston Hibler,English,USA,,,7.2,40
The Other Me,Will Browning accidentally creates a clone of himself when working on a science project.,TV-G,2000,08 Sep 2000,90 min,"Comedy, Family, Sci-Fi",Manny Coto,"Mary C. Ryan (book), Jeff Schechter (teleplay)","Andrew Lawrence, Mark L. Taylor, Lori Hallier, Alison Pill",English,USA,2 wins & 1 nomination.,,6.1,1741
The Parent Trap,Teenage twin sisters swap places and scheme to reunite their divorced parents.,Passed,1961,21 Jun 1961,129 min,"Comedy, Family, Romance",David Swift,"Erich Kästner (book), David Swift (written for the screen by)","Hayley Mills, Maureen O'Hara, Brian Keith, Charles Ruggles",English,USA,Nominated for 2 Oscars. Another 2 wins & 6 nominations.,73.0,7.1,18041
The Parent Trap,"Identical twins Annie and Hallie, separated at birth and each raised by one of their biological parents, later discover each other for the first time at summer camp and make a plan to bring their wayward parents back together.",PG,1998,29 Jul 1998,128 min,"Adventure, Comedy, Drama, Family, Romance",Nancy Meyers,"Erich Kästner (book), David Swift (screenplay), Nancy Meyers (screenplay), Charles Shyer (screenplay)","Lindsay Lohan, Dennis Quaid, Natasha Richardson, Elaine Hendrix","English, French","USA, UK",2 wins & 7 nominations.,64.0,6.5,114898
The Pied Piper,"A piper saves a town from rat infestation, but when they refuse to pay him back for his deed, he gets revenge.",,1933,16 Sep 1933,8 min,"Animation, Short, Family, Fantasy, Musical",Wilfred Jackson,,,English,USA,1 win.,,6.7,659
The Poof Point,A bad experiment makes two inventors younger and younger,TV-G,2001,14 Sep 2001,90 min,"Comedy, Family, Sci-Fi",Neal Israel,"Ellen Weiss (novel), Mel Friedman (novel), Stu Krieger (teleplay)","Tahj Mowry, Dawnn Lewis, Mark Curry, Raquel Lee",English,USA,,,4.7,466
The Prince and the Pauper,"Two boys, one a prince and one a poor boy, change places.",TV-PG,1962,06 Jan 1981,93 min,Adventure,Don Chaffey,"Mark Twain (from the story by), Jack Whittingham","Sean Scully, Guy Williams, Jane Asher, Paul Rogers",English,UK,,,6.2,33
The Prince and the Pauper,A poor boy and a prince exchange identities and lives while the villainous Captain of the Guard plots to take advantage of this.,G,1990,16 Nov 1990,25 min,"Animation, Short, Adventure, Comedy, Family",George Scribner,"Gerrit Graham (animation screenplay), Sam Graham (animation screenplay), Chris Hubbell (animation screenplay), Mark Twain (novel), Jenny Tripp (additional story material), Charles Fleischer (additional story material), Robin Kingsland","Wayne Allwine, Bill Farmer, Arthur Burghardt, Tony Anselmo",English,USA,,,7.1,2791
The Princess and the Frog,"A waitress, desperate to fulfill her dreams as a restaurant owner, is set on a journey to turn a frog prince back into a human being, but she has to face the same problem after she kisses him.",G,2009,11 Dec 2009,97 min,"Animation, Adventure, Comedy, Family, Fantasy, Musical, Romance","Ron Clements, John Musker","Ron Clements (story by), John Musker (story by), Greg Erb (story by), Jason Oremland (story by), Ron Clements (screenplay by), John Musker (screenplay by), Rob Edwards (screenplay by), E.D. Baker (story inspired in part by ""The Frog Princess"" by)","Anika Noni Rose, Bruno Campos, Keith David, Michael-Leon Wooley","English, French",USA,Nominated for 3 Oscars. Another 11 wins & 38 nominations.,73.0,7.1,117082
The Princess Bride,"While home sick in bed, a young boy's grandfather reads him the story of a farmboy-turned-pirate who encounters numerous obstacles, enemies and allies in his quest to be reunited with his true love.",PG,1987,09 Oct 1987,98 min,"Adventure, Family, Fantasy, Romance",Rob Reiner,"William Goldman (screenplay by), William Goldman (based upon his book)","Cary Elwes, Mandy Patinkin, Chris Sarandon, Christopher Guest",English,USA,Nominated for 1 Oscar. Another 7 wins & 8 nominations.,77.0,8.1,377085
The Princess Diaries,"Mia Thermopolis has just found out that she is the heir apparent to the throne of Genovia. With her friends Lilly and Michael Moscovitz in tow, she tries to navigate through the rest of her sixteenth year.",G,2001,03 Aug 2001,111 min,"Comedy, Family, Romance",Garry Marshall,"Meg Cabot (novel), Gina Wendkos (screenplay)","Julie Andrews, Anne Hathaway, Hector Elizondo, Heather Matarazzo","English, Dutch, Italian","USA, UK",3 wins & 11 nominations.,52.0,6.3,123037
The Princess Diaries 2: Royal Engagement,"Now settled in Genovia, Princess Mia faces a new revelation: she is being primed for an arranged marriage to an English suitor.",G,2004,11 Aug 2004,113 min,"Comedy, Family, Romance",Garry Marshall,"Meg Cabot (characters), Gina Wendkos (story), Shonda Rhimes (story), Shonda Rhimes (screenplay)","Anne Hathaway, Julie Andrews, Hector Elizondo, John Rhys-Davies","English, Greek, French, Spanish",USA,1 win & 2 nominations.,43.0,5.8,70904
The Proud Family Movie,"Penny and her family are lured on an all expenses paid vacation where a mad scientist captures them, refusing to let them go because Oscar won't reveal his on of his secret Proud Snacks formulas.",TV-G,2005,19 Aug 2005,90 min,"Animation, Adventure, Comedy, Family, Fantasy, Sci-Fi",Bruce W. Smith,"Ralph Farquhar (screenplay), Calvin Brown Jr. (screenplay), John Patrick White (screenplay), Stiles White (screenplay)","Kyla Pratt, Tommy Davidson, Paula Jai Parker, Jo Marie Payton",English,USA,3 nominations.,,5.4,1430
The Reluctant Dragon,Humorist Robert Benchley learns about the animation process at Walt Disney Studios while trying to find the great man himself to pitch him the idea of making a cartoon about a shy dragon.,Approved,1941,20 Jun 1941,74 min,"Animation, Comedy, Family","Alfred L. Werker, Hamilton Luske, Jack Cutting, Ub Iwerks, Jack Kinney","Kenneth Grahame (based on the story by), Ted Sears (screenplay), Al Perkins (screenplay), Larry Clemmons (screenplay), William Cottrell (screenplay), Harry Clork (screenplay), Erdman Penner (story ""Reluctant Dragon"" sequence), T. Hee (story ""Reluctant Dragon"" sequence), Joe Grant (story ""Baby Weems"" sequence), Dick Huemer (story ""Baby Weems"" sequence), John P. Miller (story ""Baby Weems"" sequence)","Robert Benchley, Frances Gifford, Buddy Pepper, Nana Bryant",English,USA,,,6.9,2403
The Rescuers,Two mice of the Rescue Aid Society search for a little girl kidnapped by unscrupulous treasure hunters.,G,1977,22 Jun 1977,78 min,"Animation, Adventure, Comedy, Family, Fantasy","John Lounsbery, Wolfgang Reitherman, Art Stevens","Margery Sharp (suggested by ""The Rescuers"" and ""Miss Bianca"" by), Larry Clemmons (story), Ken Anderson (story), Frank Thomas (story), Vance Gerry (story), David Michener (story), Ted Berman (story), Fred Lucky (story), Burny Mattinson (story), Dick Sebast (story)","Bob Newhart, Eva Gabor, Geraldine Page, Joe Flynn",English,USA,Nominated for 1 Oscar. Another 2 wins.,74.0,6.9,55743
The Rescuers Down Under,"The R.A.S. agents, Miss Bianca and Bernard, race to Australia to save a little boy and a rare golden eagle from a murderous poacher.",G,1990,16 Nov 1990,77 min,"Animation, Adventure, Crime, Drama, Family, Fantasy, Mystery","Hendel Butoy, Mike Gabriel","Jim Cox (animation screenplay by), Karey Kirkpatrick (animation screenplay by), Byron Simpson (animation screenplay by), Joe Ranft (animation screenplay by), Joe Ranft (story supervisor), Margery Sharp (suggested by characters created by)","Bob Newhart, Eva Gabor, John Candy, Tristan Rogers",English,USA,6 wins.,70.0,6.9,36509
The Rocketeer,A young pilot stumbles onto a prototype jetpack that allows him to become a high-flying masked hero.,PG,1991,21 Jun 1991,108 min,"Action, Adventure, Family, Sci-Fi",Joe Johnston,"Dave Stevens (graphic novel ""The Rocketeer""), Danny Bilson (story), Paul De Meo (story), William Dear (story), Danny Bilson (screenplay), Paul De Meo (screenplay)","Billy Campbell, Jennifer Connelly, Alan Arkin, Timothy Dalton","English, German",USA,1 win & 6 nominations.,61.0,6.5,50945
The Rookie,A Texas baseball coach makes the major league after agreeing to try out if his high school team made the playoffs.,G,2002,29 Mar 2002,127 min,"Drama, Family, Sport",John Lee Hancock,Mike Rich,"Dennis Quaid, Rachel Griffiths, Jay Hernandez, Beth Grant",English,USA,5 wins & 4 nominations.,72.0,6.9,31236
The Sandlot: Heading Home,"Sucessful, arrogant baseball superstar Tommy ""Santa"" Santorelli travels back in time to 1976 and relives his boyhood days on the sandlot baseball team, and has the chance to this time choose friendship over glory.",PG,2007,01 May 2007,96 min,"Family, Sport",William Dear,"Keith Mitchell, Allie Dvorin, David Mickey Evans (based upon characters created by), Robert Gunter (based upon characters created by)","Danny Nucci, Luke Perry, Keanu Pires, Sarah Deakins",English,"USA, Canada",,,5.0,1746
The Santa Clause,"When a man inadvertently makes Santa fall off of his roof on Christmas Eve, he finds himself magically recruited to take his place.",PG,1994,11 Nov 1994,97 min,"Comedy, Drama, Family, Fantasy",John Pasquin,"Leo Benvenuti, Steve Rudnick","Tim Allen, Judge Reinhold, Wendy Crewson, Eric Lloyd","English, Spanish","USA, Canada",2 wins & 8 nominations.,57.0,6.5,91389
The Santa Clause 2,"Scott Calvin has been a humble Santa Claus for nearly ten years, but it might come to an end if he doesn't find a Mrs. Claus.",G,2002,01 Nov 2002,104 min,"Comedy, Family, Fantasy",Michael Lembeck,"Don Rhymer (screenplay), Cinco Paul (screenplay), Ken Daurio (screenplay), Ed Decter (screenplay), John J. Strauss (screenplay), Leo Benvenuti (characters), Steve Rudnick (characters), Leo Benvenuti (story), Steve Rudnick (story)","Tim Allen, Elizabeth Mitchell, David Krumholtz, Eric Lloyd",English,"USA, Canada",1 win & 3 nominations.,48.0,5.6,47866
The Santa Clause 3: The Escape Clause,"Santa, aka Scott Calvin, is faced with double-duty: how to keep his new family happy, and how to stop Jack Frost from taking over Christmas.",G,2006,03 Nov 2006,97 min,"Adventure, Comedy, Family, Fantasy",Michael Lembeck,"Ed Decter, John J. Strauss, Leo Benvenuti (characters), Steve Rudnick (characters)","Tim Allen, Elizabeth Mitchell, Eric Lloyd, Judge Reinhold",English,"USA, Canada",4 wins & 9 nominations.,32.0,4.7,31254
The Scream Team,Eccentric Frank Carlyle ran a horror shop in small town Steeple Falls which takes pride in and profit from its Halloween traditions. Frank's widower grandson Richard begrudgingly returns ...,TV-PG,2002,11 Oct 2002,100 min,"Comedy, Family, Fantasy, Horror",Stuart Gillard,"Robert Short (story), Dan Berendsen (story), Dan Berendsen (teleplay)","Mark Rendall, Kat Dennings, Robert Bockstael, Eric Idle",English,USA,,,6.7,774
The Secret of the Magic Gourd,A boy learns the meaning of work after a magic gourd grants him anything he wants.,G,2007,29 Jun 2007,84 min,"Drama, Family",Frankie Chung,Tianyi Zhang (story),"Corbin Bleu, Peisi Chen, Aaron Michael Drozin, Drake Johnston","Mandarin, English","China, Hong Kong, USA",1 win & 1 nomination.,,5.3,490
The Shaggy D.A.,A lawyer makes an interesting discovery that could affect his chances of getting elected to office.,G,1976,17 Dec 1976,91 min,"Comedy, Family, Fantasy",Robert Stevenson,"Don Tait (screenplay), Felix Salten (novel)","Dean Jones, Tim Conway, Suzanne Pleshette, Keenan Wynn",English,USA,,60.0,5.9,2468
The Shaggy Dog,A teenage boy is cursed with periodically turning into an sheepdog.,Approved,1959,19 Mar 1959,104 min,"Family, Comedy, Fantasy",Charles Barton,"Bill Walsh (screenplay), Lillie Hayward (screenplay), Felix Salten (novel)","Fred MacMurray, Jean Hagen, Tommy Kirk, Annette Funicello",English,USA,1 win & 1 nomination.,45.0,6.5,4080
The Sign of Zorro,"In this film, edited from eight episodes of Disney's hit TV series, Don Diego returns home to find his town under the heel of a cruel dictator, Capitan Monastario. Diego dons the mask of ...",Approved,1958,11 Jun 1960,91 min,"Adventure, Drama, Family, Romance, Western","Lewis R. Foster, Norman Foster","Norman Foster (screenplay), Lowell S. Hawley (screenplay), Bob Wehling (screenplay), John Meredyth Lucas (screenplay), Johnston McCulley (novel)","Guy Williams, Henry Calvin, Gene Sheldon, Romney Brent",English,USA,,,7.1,645
The Small One,A young Judean boy tries to sell his beloved old donkey to someone who would care for him as much as he does.,G,1978,16 Dec 1978,26 min,"Animation, Short, Family",Don Bluth,"Vance Gerry (story), Peter Young (story), Charles Tazewell (book)","Sean Marshall, William Woodson, Olan Soule, Hal Smith",English,USA,,,7.8,1181
The Sound of Music,A woman leaves an Austrian convent to become a governess to the children of a Naval officer widower.,G,1965,01 Apr 1965,172 min,"Biography, Drama, Family, Musical, Romance",Robert Wise,"George Hurdalek (with the partial use of ideas by), Howard Lindsay (from the stage musical book by), Russel Crouse (from the stage musical book by), Ernest Lehman (screenplay)","Julie Andrews, Christopher Plummer, Eleanor Parker, Richard Haydn","English, German",USA,Won 5 Oscars. Another 12 wins & 13 nominations.,63.0,8.0,194154
The Story of Robin Hood and His Merrie Men,"With King Richard away at the crusades, Prince John rules England with an iron fist and tasks the Sheriff of Nottingham with the collection of high taxes and the capture of outlaw Robin Hood.",Approved,1952,26 Jun 1952,84 min,"Action, Adventure, Family",Ken Annakin,Lawrence Edward Watkin (screenplay),"Richard Todd, Joan Rice, Peter Finch, James Hayter",English,UK,,64.0,6.7,1281
The Straight Story,An old man makes a long journey by lawnmower to mend his relationship with an ill brother.,G,1999,03 Nov 1999,112 min,"Biography, Drama",David Lynch,"John Roach, Mary Sweeney","Sissy Spacek, Jane Galloway Heitz, Joseph A. Carpenter, Donald Wiegert",English,"France, UK, USA",Nominated for 1 Oscar. Another 19 wins & 39 nominations.,86.0,8.0,77452
The Strongest Man in the World,Dexter Riley and his friends accidently discover a new chemical mixed with a cereal seems to give anyone temporary superhuman strength,G,1975,06 Feb 1975,92 min,"Comedy, Family, Sci-Fi",Vincent McEveety,"Joseph L. McEveety, Herman Groves","Kurt Russell, Joe Flynn, Eve Arden, Cesar Romero",English,USA,,63.0,6.1,2531
The Suite Life Movie,"A doctor approaches Zack and Cody and tells them that they would be ideal for the Gemini Project, a massive project studying the effects of twins.",Not Rated,2011,25 Mar 2011,79 min,"Adventure, Comedy, Crime, Drama, Family, Sci-Fi",Sean McNamara,"Danny Kallis (characters), Jim Geoghan (characters), Michael Saltzman, Robert Horn","Cole Sprouse, Dylan Sprouse, Brenda Song, Debby Ryan",English,USA,,,5.3,3051
The Swap,"Ellie O'Brien is trying to juggle rhythmic gymnastics and troubles with her best friend. Meanwhile, classmate Jack Malloy is struggling to live up to his brothers' hockey-star legacies and dad's high expectations and tough-love approach.",TV-G,2016,07 Oct 2016,100 min,"Comedy, Family, Fantasy",Jay Karas,"Charlie Shahnaian, Shari Simpson","Peyton List, Jacob Bertrand, Claire Rankin, Darrin Rose",English,USA,3 nominations.,,6.1,1522
The Sword in the Stone,"A poor boy named Arthur learns the power of love, kindness, knowledge and bravery with the help of a wizard called Merlin in the path to become one of the most beloved kings in English history.",G,1963,21 Jun 1964,79 min,"Animation, Adventure, Comedy, Family, Fantasy, Musical","Wolfgang Reitherman, Clyde Geronimi, David Hand","Bill Peet (story), T.H. White (based on the book by)","Sebastian Cabot, Karl Swenson, Rickie Sorensen, Junius Matthews",English,USA,Nominated for 1 Oscar. Another 1 win.,61.0,7.2,85169
The Thirteenth Year,A teen learns that his birth mother is a mermaid after he begins to grow fins and slimy scales on his thirteenth birthday.,TV-G,1999,15 May 1999,95 min,"Comedy, Family, Fantasy",Duwayne Dunham,"Jenny Arata (story), Robert L. Baird (teleplay), Kelly Senecal (teleplay), Jenny Arata (teleplay)","Chez Starbuck, Justin Jon Ross, Courtnee Draper, Brent Briscoe",English,USA,1 nomination.,,6.0,4525
The Three Caballeros,"Donald receives his birthday gifts, which include traditional gifts and information about Brazil (hosted by Zé Carioca) and Mexico (by Panchito, a Mexican Charro Rooster).",Approved,1944,22 Feb 1945,71 min,"Animation, Comedy, Family, Fantasy, Musical","Norman Ferguson, Clyde Geronimi, Jack Kinney, Bill Roberts, Harold Young","Homer Brightman (story), Ernest Terrazas (story), Ted Sears (story), Bill Peet (story), Ralph Wright (story), Elmer Plummer (story), Roy Williams (story), William Cottrell (story), Del Connell (story), James Bodrero (story)","Aurora Miranda, Carmen Molina, Dora Luz, Sterling Holloway","English, Spanish, Portuguese",USA,Nominated for 2 Oscars. Another 1 nomination.,85.0,6.5,11541
The Three Musketeers,"France, 1625: Young d'Artagnan heads to Paris to join the Musketeers but the evil cardinal has disbanded them - save 3. He meets the 3, Athos, Porthos and Aramis, and joins them on their quest to save the king and country.",PG,1993,12 Nov 1993,105 min,"Action, Adventure, Comedy, Family, Romance",Stephen Herek,"Alexandre Dumas (novel), David Loughery (screenplay)","Charlie Sheen, Kiefer Sutherland, Chris O'Donnell, Oliver Platt",English,"Austria, UK, USA",2 wins & 3 nominations.,43.0,6.4,48683
The Tigger Movie,Tigger goes looking through the hundred-acre-wood to find his family.,G,2000,11 Feb 2000,77 min,"Animation, Comedy, Drama, Family, Musical",Jun Falkenstein,"Eddie Guzelian (story), Jun Falkenstein (screenplay), A.A. Milne (characters)","Jim Cummings, Nikita Hopkins, Ken Sansom, John Fiedler",English,"USA, Japan",4 nominations.,53.0,6.3,16402
The Tortoise and the Hare,"A Walt Disney Silly Symphony telling of the classic fable about a foot race between speedy Max Hare, aka The Blue Streak, and and Slow But Sure Toby Tortoise.",Approved,1935,05 Jan 1935,9 min,"Animation, Short, Comedy, Family",Wilfred Jackson,,"Pinto Colvig, Eddie Holden, Ned Norton",English,USA,,,7.2,2028
The Ugly Dachshund,The Garrisons live with a Great Dane who thinks he's a dainty dachshund. His identity crisis results in an uproarious series of household crises that reduce the Garrisons' house to shambles.,Not Rated,1966,16 Feb 1966,93 min,"Comedy, Family",Norman Tokar,"Albert Aley (screenplay), G.B. Stern (book)","Dean Jones, Suzanne Pleshette, Charles Ruggles, Kelly Thordsen","English, Japanese",USA,,,6.7,3244
Ugly Duckling,A newborn cygnet searches for a family that will accept him.,Approved,1939,07 Apr 1939,9 min,"Animation, Short, Comedy, Family","Jack Cutting, Clyde Geronimi",,,,USA,,,7.6,2421
The Ultimate Christmas Present,"A girl steals a weather machine from Santa Claus, to make a snow day. The machine breaks, and causes an out-of-control snowstorm.",TV-G,2000,01 Dec 2000,85 min,"Comedy, Family",Greg Beeman,"Hallie Einhorn (story), Michael Hitchcock (story), Michael Hitchcock (teleplay)","Hallee Hirsh, Spencer Breslin, Hallie Todd, Brenda Song",English,"Canada, USA",2 wins & 3 nominations.,,5.9,1478
The Vanishing Prairie,Story of the American Prairie as it was when vast herds of bison and elk grazed.,Approved,1954,11 Jul 1955,71 min,"Documentary, Family",James Algar,"James Algar (screenplay), Winston Hibler (screenplay), Ted Sears (screenplay)",Winston Hibler,English,USA,Won 1 Oscar. Another 3 wins.,,7.7,341
The Wild,"An adolescent lion is accidentally shipped from the New York Zoo to Africa. Now running free, his zoo pals must put aside their differences to help bring him back.",G,2006,14 Apr 2006,82 min,"Animation, Adventure, Comedy, Family",Steve 'Spaz' Williams,"Ed Decter (screenplay), John J. Strauss (screenplay), Mark Gibson (screenplay), Philip Halprin (screenplay), Mark Gibson (story), Philip Halprin (story), Bill Wolkoff (additional story material), David Collard (additional story material), Matt Lopez (additional story material), Lloyd Taylor (additional story material), Steve 'Spaz' Williams (additional story material), Ed Driscoll (punch-up writer)","Kiefer Sutherland, Jim Belushi, Eddie Izzard, Janeane Garofalo",English,"Canada, USA",2 nominations.,47.0,5.3,23206
The Wise Little Hen,Donald and his friend Peter Pig try to avoid work by faking stomach aches until Mrs. Hen teaches them the value of labor.,,1934,07 Jun 1934,8 min,"Animation, Short, Comedy, Family, Musical",Wilfred Jackson,,"Florence Gill, Clarence Nash",English,USA,,,7.1,1567
The Wizards Return: Alex vs. Alex,"While visiting Tuscany, Italy, a young wizard accidentally creates an evil version of herself.",TV-G,2013,15 Mar 2013,60 min,"Adventure, Comedy, Drama, Family, Fantasy",Victor Gonzalez,"Todd J. Greenwald (based on the series created by), Ben Montanio, Vince Cheung, Dan Berendsen","Selena Gomez, Jake T. Austin, Jennifer Stone, Gregg Sulkin","English, Italian",USA,2 nominations.,,6.5,4934
The Little Mermaid Live!,A live broadcast of the beloved animated Disney tale with live performances of the songs.,TV-PG,2019,05 Nov 2019,83 min,Musical,"Hamish Hamilton, Ron Clements, John Musker","John Musker (animated film written by), Ron Clements (animated film written by), Brian Strickland (additional material written by)","Auli'i Cravalho, Shaggy, Graham Phillips, Amber Riley",English,USA,,,5.5,645
The Young Black Stallion,A young girl befriends a wild black stallion.,G,2003,25 Dec 2003,50 min,"Adventure, Family, Drama",Simon Wincer,"Walter Farley (novel), Steven Farley (novel), Jeanne Rosenberg (screen story), Jeanne Rosenberg (screenplay)","Richard Romanus, Biana Tamimi, Patrick Elyas, Gérard Rudolf",English,USA,1 nomination.,51.0,5.6,1008
Those Calloways,"Story of Cam Calloway and his family, who live in a densely wooded area in New England. Cam dreams of building a sanctuary for the geese that fly over the area each year, and he tries ...",Approved,1965,01 Mar 1965,131 min,"Drama, Family",Norman Tokar,"Louis Pelletier (screenplay), Paul Annixter (book)","Brian Keith, Vera Miles, Brandon De Wilde, Walter Brennan",English,USA,,,6.8,423
Three Days,"Ten years ago, Andrew married his childhood sweetheart, Beth. Now Andrew's a high-powered literary agent, but his relationship with his wife has not fared as well. When Beth is tragically ...",TV-G,2001,09 Dec 2001,100 min,"Drama, Family, Fantasy",Michael Switzer,"Robert Tate Miller, Eric Tuchman","Kristin Davis, Reed Diamond, Danielle Brett, Tim Meadows",English,USA,,,7.2,867
Three Little Pigs,"When a hungry wolf starts blowing down some pigs' houses, they take refuge in their sensible brother's brick house.",Passed,1933,27 May 1933,9 min,"Animation, Short, Comedy, Family, Musical",Burt Gillett,,"Billy Bletcher, Pinto Colvig, Dorothy Compton, Mary Moder",English,USA,Won 1 Oscar. Another 1 win.,,7.5,4805
Three Men and a Baby,Three bachelors find themselves forced to take care of a baby left by one of the guys' girlfriends.,PG,1987,25 Nov 1987,102 min,"Comedy, Drama, Family",Leonard Nimoy,"Coline Serreau (screenplay ""Trois Hommes et un Couffin""), James Orr (screenplay), Jim Cruickshank (screenplay)","Tom Selleck, Steve Guttenberg, Ted Danson, Nancy Travis",English,USA,2 wins & 1 nomination.,61.0,6.0,45155
Three Men and a Little Lady,"Three ex-dads quickly discover how empty life is without their little lady, and go to outrageous lengths in their efforts to win their daughter back in this critically acclaimed and equally charming sequel.",PG,1990,21 Nov 1990,104 min,"Comedy, Drama, Family, Romance",Emile Ardolino,"Coline Serreau (screenplay ""Trois Hommes Et Un Couffin""), Sara Parriott (story), Josann McGibbon (story), Charlie Peters (screenplay)","Tom Selleck, Steve Guttenberg, Ted Danson, Nancy Travis",English,USA,1 win & 1 nomination.,51.0,5.4,21881
Thumbelina,The tiny girl meets a fairy Prince who saves her from the creatures of the woods.,G,1994,30 Mar 1994,86 min,"Animation, Family, Fantasy, Musical, Romance","Don Bluth, Gary Goldman","Hans Christian Andersen (original classic fairytale), Don Bluth (screenplay)","Gino Conforti, Barbara Cook, Jodi Benson, Will Ryan",English,"Ireland, USA, Canada, UK, Denmark, Spain, Poland, Hungary",1 win.,,6.3,14576
Tiger Cruise,"In the wake of the World Trade Center attacks, a naval carrier with civilians on board is ordered in combat mode.",TV-PG,2004,06 Aug 2004,88 min,"Drama, Family",Duwayne Dunham,"Anna Sandor, Bruce Graham","Hayden Panettiere, Bill Pullman, Troy Evans, Bianca Collins",English,USA,3 nominations.,,6.2,1166
The Nightmare Before Christmas,"Jack Skellington, king of Halloween Town, discovers Christmas Town, but his attempts to bring Christmas to his home causes confusion.",PG,1993,29 Oct 1993,76 min,"Animation, Family, Fantasy, Musical",Henry Selick,"Tim Burton (story and characters), Michael McDowell (adaptation), Caroline Thompson (screenplay)","Danny Elfman, Chris Sarandon, Catherine O'Hara, William Hickey",English,USA,Nominated for 1 Oscar. Another 7 wins & 16 nominations.,82.0,8.0,281155
Timmy Failure: Mistakes Were Made,"An 11-year-old boy who believes that he is the best detective in town runs the agency Total Failures with his best friend, an imaginary 1,200-pound polar bear.",PG,2020,07 Feb 2020,99 min,"Adventure, Comedy, Drama, Family, Fantasy",Tom McCarthy,"Tom McCarthy (screenplay by), Stephan Pastis (screenplay by), Stephan Pastis (based on the book by)","Winslow Fegley, Ophelia Lovibond, Wallace Shawn, Craig Robinson",English,USA,,60.0,6.1,1300
Tin Toy,A tin one-man-band toy tries to escape a destructive baby.,G,1988,30 Dec 1988,5 min,"Animation, Short, Family, Fantasy",John Lasseter,John Lasseter (story),"Mel Blanc, Rob Paulsen",English,USA,Won 1 Oscar. Another 3 wins.,,6.5,9253
Tinker Bell,Enter the land of Tinker Bell and her four best fairy friends.,G,2008,28 Oct 2008,78 min,"Animation, Adventure, Family, Fantasy",Bradley Raymond,"Jeffrey M. Howard (screenplay), Jeffrey M. Howard (story), Bradley Raymond (story), J.M. Barrie (characters)","Mae Whitman, Kristin Chenoweth, Raven-Symoné, Lucy Liu",English,USA,,,6.8,11194
Tinker Bell and the Great Fairy Rescue,Tinker Bell must team up with a rival fairy to keep their existence a secret from humans.,G,2010,21 Sep 2010,76 min,"Animation, Adventure, Family, Fantasy",Bradley Raymond,"Bob Hilgenberg (screenplay), Rob Muir (screenplay), Joe Ansolabehere (screenplay), Paul Germain (screenplay), Bradley Raymond (story), Jeffrey M. Howard (story)","Mae Whitman, Lauren Mote, Michael Sheen, Pamela Adlon",English,USA,1 win & 1 nomination.,,6.9,7103
Tinker Bell and the Lost Treasure,Tinker Bell journey far North of Never Land to patch things up with her friend Terence and restore a Pixie Dust Tree.,G,2009,27 Oct 2009,81 min,"Animation, Adventure, Family, Fantasy",Klay Hall,"Evan Spiliotopoulos (screenplay), Klay Hall (story), Evan Spiliotopoulos (story)","Mae Whitman, Jesse McCartney, Jane Horrocks, Lucy Liu",English,USA,1 nomination.,,6.7,9233
Titanic: 20 Years Later with James Cameron,"For the 20th anniversary of ""Titanic,"" James Cameron reopens the file on the disaster.",,2017,26 Nov 2017,46 min,Documentary,Thomas C. Grane,Richard Brehm,"Jacqueline Astor Drexel, Robert Ballard, Harold Bride, Muffet Laurie Brown",English,USA,,,7.2,273
Toby Tortoise Returns,"Max Hare is boxing Toby Tortoise, and beating him severely in round one. Between rounds, a Mae West lookalike tells Toby she ""likes a man who takes his time"", which seems to reinvigorate ...",APPROVED,1936,22 Aug 1936,7 min,"Animation, Short, Comedy",Wilfred Jackson,,"Alyce Ardell, Marcellite Garner, Eddie Holden, Leone Le Doux",English,USA,,,7.0,532
Togo,"The story of the sled dog, Togo, who led the 1925 serum run, but was considered by most to be too small and weak to lead such an intense race.",PG,2019,20 Dec 2019,113 min,"Adventure, Biography, Drama, Family, History",Ericson Core,Tom Flynn (screenplay),"Willem Dafoe, Julianne Nicholson, Christopher Heyerdahl, Richard Dormer",English,USA,1 win & 2 nominations.,69.0,8.1,24630
Tom and Huck,Two best friends witness a murder and embark on a series of adventures in order to prove the innocence of the man wrongly accused of the crime.,PG,1995,22 Dec 1995,97 min,"Adventure, Comedy, Drama, Family, Romance, Western",Peter Hewitt,"Mark Twain (novel), Stephen Sommers (screenplay), David Loughery (screenplay)","Jonathan Taylor Thomas, Brad Renfro, Eric Schweig, Charles Rocket",English,USA,1 win & 5 nominations.,,5.5,9519
Toy Story,A cowboy doll is profoundly threatened and jealous when a new spaceman figure supplants him as top toy in a boy's room.,G,1995,22 Nov 1995,81 min,"Animation, Adventure, Comedy, Family, Fantasy",John Lasseter,"John Lasseter (original story by), Pete Docter (original story by), Andrew Stanton (original story by), Joe Ranft (original story by), Joss Whedon (screenplay by), Andrew Stanton (screenplay by), Joel Cohen (screenplay by), Alec Sokolow (screenplay by)","Tom Hanks, Tim Allen, Don Rickles, Jim Varney",English,USA,Nominated for 3 Oscars. Another 27 wins & 20 nominations.,95.0,8.3,846332
Toy Story 2,"When Woody is stolen by a toy collector, Buzz and his friends set out on a rescue mission to save Woody before he becomes a museum toy property with his roundup gang Jessie, Prospector, and Bullseye.",G,1999,24 Nov 1999,92 min,"Animation, Adventure, Comedy, Family, Fantasy","John Lasseter, Ash Brannon(co-director), Lee Unkrich(co-director)","John Lasseter (original story by), Pete Docter (original story by), Ash Brannon (original story by), Andrew Stanton (original story by), Andrew Stanton (screenplay by), Rita Hsiao (screenplay by), Doug Chamberlin (screenplay by), Chris Webb (screenplay by)","Tom Hanks, Tim Allen, Joan Cusack, Kelsey Grammer","English, Arabic, Spanish",USA,Nominated for 1 Oscar. Another 21 wins & 26 nominations.,88.0,7.9,504561
Toy Story 3,"The toys are mistakenly delivered to a day-care center instead of the attic right before Andy leaves for college, and it's up to Woody to convince the other toys that they weren't abandoned and to return home.",G,2010,18 Jun 2010,103 min,"Animation, Adventure, Comedy, Family, Fantasy",Lee Unkrich,"John Lasseter (story by), Andrew Stanton (story by), Lee Unkrich (story by), Michael Arndt (screenplay by)","Tom Hanks, Tim Allen, Joan Cusack, Ned Beatty","English, Spanish",USA,Won 2 Oscars. Another 60 wins & 95 nominations.,92.0,8.3,729086
Toy Story 4,"When a new toy called ""Forky"" joins Woody and the gang, a road trip alongside old and new friends reveals how big the world can be for a toy.",G,2019,21 Jun 2019,100 min,"Animation, Adventure, Comedy, Family, Fantasy",Josh Cooley,"John Lasseter (original story by), Andrew Stanton (original story by), Josh Cooley (original story by), Valerie LaPointe (original story by), Rashida Jones (original story by), Will McCormack (original story by), Martin Hynes (original story by), Stephany Folsom (original story by), Andrew Stanton (screenplay by), Stephany Folsom (screenplay by)","Tom Hanks, Tim Allen, Annie Potts, Tony Hale",English,USA,Won 1 Oscar. Another 49 wins & 53 nominations.,84.0,7.8,172068
Toy Story Toons: Hawaiian Vacation,The toys throw Ken and Barbie a Hawaiian vacation in Bonnie's room.,G,2011,24 Jun 2011,6 min,"Animation, Short, Comedy, Family, Fantasy",Gary Rydstrom,"Gary Rydstrom, Jason Katz, Erik Benson, Erik Benson (story), Christian Roman (story)","Tom Hanks, Tim Allen, Joan Cusack, Kristen Schaal","English, Spanish",USA,,,7.3,7148
Toy Story Toons: Small Fry,A fast food restaurant mini variant of Buzz forcibly switches places with the real Buzz and his friends have to deal with the obnoxious impostor.,G,2011,23 Nov 2011,7 min,"Animation, Short, Comedy, Family, Fantasy","Angus MacLane, Dylan Brown","Angus MacLane, Angus MacLane (story), John Lasseter (story), Josh Cooley (story editor)","Tom Hanks, Tim Allen, Wallace Shawn, Joan Cusack",English,USA,,,7.1,5326
Trail of the Panda,"In China, a mute orphan boy rescues a lost panda cub.",G,2009,,87 min,"Adventure, Family",Zhong Yu,"Jean Chalopin (screenplay), Jennifer L. Liu","Daichi Harashima, Li Feng, Zhong Yu, Chang Liu",Mandarin,China,,,6.4,139
Trailer Horn,Donald's peaceful day in the forest gets rather disturbed by Chip and Dale.,,1950,28 Apr 1950,6 min,"Animation, Comedy, Family, Short",Jack Hannah,Roy Williams (story),"Dessie Flynn, James MacDonald, Clarence Nash",English,USA,,,7.1,359
Treasure Island,The treasure seeking adventures of young Jim Hawkins and pirate captain Long John Silver.,PG,1950,19 Jul 1950,96 min,"Adventure, Family",Byron Haskin,"Lawrence Edward Watkin (screenplay), Robert Louis Stevenson (story)","Bobby Driscoll, Robert Newton, Basil Sydney, Walter Fitzgerald",English,UK,1 nomination.,89.0,6.9,6611
Treasure of Matecumbe,"In 1869 Kentucky, a young boy and his friends set out to find a treasure chest hidden by his late father in the Florida Everglades during the Civil War.",G,1976,01 Jul 1976,117 min,"Adventure, Family, Western",Vincent McEveety,"Don Tait (screenplay), Robert Lewis Taylor (book)","Robert Foxworth, Joan Hackett, Peter Ustinov, Vic Morrow",English,USA,,,6.3,412
Treasure Planet,"A Disney animated version of ""Treasure Island"". The only difference is that this movie is set in outer space with alien worlds and other galactic wonders.",PG,2002,27 Nov 2002,95 min,"Animation, Adventure, Family, Sci-Fi","Ron Clements, John Musker","Robert Louis Stevenson (based on the novel ""Treasure Island"" by), Ron Clements (screenplay by), John Musker (screenplay by), Rob Edwards (screenplay by), Ron Clements (animation story by), John Musker (animation story by), Ted Elliott (animation story by), Terry Rossio (animation story by)","Roscoe Lee Browne, Corey Burton, Dane A. Davis, Joseph Gordon-Levitt",English,USA,Nominated for 1 Oscar. Another 1 win & 13 nominations.,60.0,7.2,96646
TRON,A computer hacker is abducted into the digital world and forced to participate in gladiatorial games where his only chance of escape is with the help of a heroic security program.,PG,1982,09 Jul 1982,96 min,"Action, Adventure, Sci-Fi",Steven Lisberger,"Steven Lisberger (screenplay), Steven Lisberger (story), Bonnie MacBird (story)","Jeff Bridges, Bruce Boxleitner, David Warner, Cindy Morgan",English,USA,Nominated for 2 Oscars. Another 2 wins & 6 nominations.,58.0,6.8,110110
TRON: Legacy,The son of a virtual world designer goes looking for his father and ends up inside the digital world that his father designed. He meets his father's corrupted creation and a unique ally who was born inside the digital world.,PG,2010,17 Dec 2010,125 min,"Action, Adventure, Sci-Fi",Joseph Kosinski,"Edward Kitsis (screenplay), Adam Horowitz (screenplay), Edward Kitsis (story), Adam Horowitz (story), Brian Klugman (story), Lee Sternthal (story), Steven Lisberger (characters), Bonnie MacBird (characters)","Jeff Bridges, Garrett Hedlund, Olivia Wilde, Bruce Boxleitner",English,USA,Nominated for 1 Oscar. Another 10 wins & 49 nominations.,49.0,6.8,306175
Tru Confessions,Trudy Walker hated her life. She thought it was totally messed up until she found out about a contest that could change everything..,TV-G,2002,05 Apr 2002,112 min,"Drama, Comedy, Family",Paul Hoen,"Janet Tashjian (novel), Stu Krieger (teleplay)","Clara Bryant, Shia LaBeouf, Mare Winningham, William Francis McGuire",English,"USA, Canada",1 win.,,7.5,2866
Tuck Everlasting,A young woman meets and falls in love with a young man who is part of a family of immortals.,PG,2002,11 Oct 2002,90 min,"Drama, Family, Fantasy, Romance",Jay Russell,"Natalie Babbitt (novel), Jeffrey Lieber (screenplay), James V. Hart (screenplay)","Alexis Bledel, William Hurt, Sissy Spacek, Jonathan Jackson","English, French",USA,1 win & 3 nominations.,66.0,6.6,20533
Tugboat Mickey,"Tugboat skipper Mickey Mouse and his inept crew, consisting of Donald Duck and Goofy, try to save a sinking ship.",,1940,26 Apr 1940,7 min,"Animation, Comedy, Family, Short",Clyde Geronimi,,"Pinto Colvig, Walt Disney, Clarence Nash",English,USA,,,7.1,650
Turner & Hooch,A detective must adopt a rambunctious dog in order to help him find a killer.,PG,1989,28 Jul 1989,97 min,"Comedy, Crime, Drama, Thriller",Roger Spottiswoode,"Dennis Shryack (story), Michael Blodgett (story), Dennis Shryack (screenplay), Michael Blodgett (screenplay), Daniel Petrie Jr. (screenplay), Jim Cash (screenplay), Jack Epps Jr. (screenplay)","Tom Hanks, Mare Winningham, Craig T. Nelson, Reginald VelJohnson",English,USA,1 win & 1 nomination.,36.0,6.2,61665
'Twas the Night,A mischievous 14-year-old boy and his irresponsible uncle almost ruin Christmas when they decide to take Santa's new high-tech sleigh for a joyride.,TV-G,2001,07 Dec 2001,84 min,"Comedy, Family",Nick Castle,"Jim Lincoln (story), Dan Studney (story), Jim Lincoln (teleplay), Dan Studney (teleplay), Jenny Tripp (teleplay)","Josh Zuckerman, Brenda Grate, Bryan Cranston, Jefferson Mappin",English,USA,1 win & 3 nominations.,,5.5,719
Twitches,"Two teen witches who were separated at birth and were adopted by two different families meet on their 21st birthday and must use their powers to save the world in which they were born, where their birth mother still lives.",TV-PG,2005,14 Oct 2005,86 min,"Comedy, Drama, Family, Fantasy",Stuart Gillard,"Melissa Gould (teleplay), Dan Berendsen (teleplay), H.B. Gilmour (book), Randi Reisfeld (book)","Tia Mowry-Hardrict, Tamera Mowry-Housley, Kristen Wilson, Patrick Fabian",English,USA,1 win.,,5.7,6703
Twitches Too,"After using their powers to battle the forces of darkness, the sisters settle down to lead normal lives. However, the discovery that their biological father may not be dead, but residing in New York, causes confusion for the pair.",TV-PG,2007,12 Oct 2007,83 min,"Drama, Family, Fantasy",Stuart Gillard,"Dan Berendsen, H.B. Gilmour (characters), Randi Reisfeld (characters)","Tia Mowry-Hardrict, Tamera Mowry-Housley, Kristen Wilson, Patrick Fabian",English,USA,,,5.8,3961
Unidentified Flying Oddball,An astronaut and his android double travel back to the time of King Arthur.,G,1979,26 Jul 1979,93 min,"Comedy, Family, Adventure, Fantasy, Sci-Fi",Russ Mayberry,"Don Tait (screen story), Don Tait (screenplay), Mark Twain (novel)","Dennis Dugan, Jim Dale, Ron Moody, Kenneth More",English,USA,,66.0,5.3,917
Up,"78-year-old Carl Fredricksen travels to Paradise Falls in his house equipped with balloons, inadvertently taking a young stowaway.",PG,2009,29 May 2009,96 min,"Animation, Adventure, Comedy, Family","Pete Docter, Bob Peterson(co-director)","Pete Docter (story by), Bob Peterson (story by), Tom McCarthy (story by), Bob Peterson (screenplay by), Pete Docter (screenplay by)","Edward Asner, Christopher Plummer, Jordan Nagai, Bob Peterson",English,USA,Won 2 Oscars. Another 78 wins & 82 nominations.,88.0,8.2,895906
"Up, Up, and Away!",The only normal member of a super-powered family feels left out and confused until he has the chance to use a talent of his own to save everyone.,TV-G,2000,22 Jan 2000,90 min,"Comedy, Family, Fantasy, Sci-Fi",Robert Townsend,Dan Berendsen,"Robert Townsend, Michael J. Pagan, Alex Datcher, Sherman Hemsley",English,"Canada, USA",1 nomination.,,5.6,1736
Valiant,"At the height of World War II, a tiny wood pigeon enlists in the elite Royal Homing Pigeon Service to serve Britain, as the fearsome General Von Talon (Tim Curry) and his deadly squadron of falcons patrol the English Channel. Is he a war-hero in the making?",G,2005,19 Aug 2005,76 min,"Animation, Adventure, Comedy, Family, War",Gary Chapman,"George Webster (story), Jordan Katz (screenplay), George Webster (screenplay), George Melrod (screenplay)","Ewan McGregor, Ricky Gervais, Tim Curry, Jim Broadbent",English,"UK, USA",2 nominations.,45.0,5.5,20118
Viking Warrior Women,"Drama led documentary follows the life of Signe, an orphaned Chief's daughter, who driven by revenge becomes an explorer and trader in the lands of the Rus Vikings.",,2019,07 Jun 2019,51 min,"Documentary, History","David Bartlett, Sebastian Peiter",Sebastian Peiter,"Moa Enqvist Stefansdotter, Stina Edström, Dennis Bengtsson, Bjarne Dahl","English, Swedish, German",UK,,,7.1,14
Waking Sleeping Beauty,"The story of the Disney Renaissance, an incredibly prolific, successful and prestigious decade lasting from 1984 to 1994 that saw the fallen Walt Disney Animation Studios' unexpected progressive triumphant return to excellence.",PG,2009,06 Oct 2010,86 min,Documentary,Don Hahn,Patrick Pacheco (screenplay),"Don Hahn, Ron Clements, Peter Schneider, Roy Edward Disney",English,USA,2 wins & 2 nominations.,70.0,7.6,2253
WALL·E,"In the distant future, a small waste-collecting robot inadvertently embarks on a space journey that will ultimately decide the fate of mankind.",G,2008,27 Jun 2008,98 min,"Animation, Adventure, Family, Sci-Fi",Andrew Stanton,"Andrew Stanton (original story by), Pete Docter (original story by), Andrew Stanton (screenplay by), Jim Reardon (screenplay by)","Ben Burtt, Elissa Knight, Jeff Garlin, Fred Willard",English,USA,Won 1 Oscar. Another 91 wins & 93 nominations.,95.0,8.4,955757
Water Birds,,APPROVED,1952,26 Jun 1952,30 min,"Documentary, Short, Family",Ben Sharpsteen,"Winston Hibler (screenplay), Ted Sears (screenplay), William Otis (screenplay)",Winston Hibler,English,USA,Won 1 Oscar. Another 1 nomination.,,6.9,111
Wendy Wu: Homecoming Warrior,A Californian teenager learns that she is the reincarnation of a legendary female warrior destined to protect the world.,TV-PG,2006,16 Jun 2006,91 min,"Action, Adventure, Family",John Laing,"Vince Cheung, Ben Montanio, B. Mark Seabrooks, Lydia Look","Brenda Song, Shin Koyamada, Susan Chuang, Justin Chon","English, Mandarin, Cantonese",USA,,,5.4,5328
Whispers: An Elephant's Tale,"A nameless baby male elephant was just getting used to life in the herd, when poachers kill his mother, so he runs and gets lost. He's found by a grouchy female, Groove, the sister of a ...",G,2000,10 Mar 2000,72 min,Family,Dereck Joubert,"Dereck Joubert (story), Beverly Joubert (story), Dereck Joubert (screenplay), Jordan Moffet (screenplay), Holly Goldberg Sloan (screenplay)","Angela Bassett, Joanna Lumley, Anne Archer, Debi Derryberry",English,USA,,30.0,5.0,252
White Fang,Jack London's classic adventure story about the friendship developed between a Yukon gold hunter and the mixed dog-wolf he rescues from the hands of a man who mistreats him.,PG,1991,18 Jan 1991,107 min,"Adventure, Drama",Randal Kleiser,"Jack London (novel), Jeanne Rosenberg (screenplay), Nick Thiel (screenplay), David Fallon (screenplay)","Jed, Klaus Maria Brandauer, Ethan Hawke, Seymour Cassel",English,USA,1 win.,62.0,6.7,18897
Who Framed Roger Rabbit,A toon-hating detective is a cartoon rabbit's only hope to prove his innocence when he is accused of murder.,PG,1988,22 Jun 1988,104 min,"Animation, Adventure, Comedy, Crime, Family, Fantasy, Mystery","Robert Zemeckis, Richard Williams","Gary K. Wolf (novel), Jeffrey Price (screenplay), Peter S. Seaman (screenplay)","Bob Hoskins, Christopher Lloyd, Joanna Cassidy, Charles Fleischer",English,USA,Won 3 Oscars. Another 21 wins & 21 nominations.,83.0,7.7,175505
Willow,A young farmer is chosen to undertake a perilous journey in order to protect a special baby from an evil queen.,PG,1988,20 May 1988,126 min,"Action, Adventure, Drama, Fantasy, Romance",Ron Howard,"George Lucas (story by), Bob Dolman (screenplay by)","Val Kilmer, Joanne Whalley, Warwick Davis, Jean Marsh",English,USA,Nominated for 2 Oscars. Another 1 win & 9 nominations.,47.0,7.3,97309
Wind,,,2019,,,"Animation, Short",Edwin Chang,Edwin Chang,,English,USA,,,,0
Winged Seduction: Birds of Paradise,,,2012,22 Nov 2012,,Documentary,Molly Hermann,Molly Hermann,Josh Goodman,English,USA,,,6.5,10
Winnie the Pooh,"While searching for honey, Pooh and his friends embark on an adventure to find Eeyore's missing tail and rescue Christopher Robin from an unknown monster called The Backson.",G,2011,15 Jul 2011,63 min,"Animation, Adventure, Comedy, Family, Musical","Stephen J. Anderson, Don Hall","Stephen J. Anderson (story by), Clio Chiang (story by), Don Dougherty (story by), Don Hall (story by), Kendelle Hoyer (story by), Brian Kesinger (story by), Nicole Mitchell (story by), Jeremy Spears (story by), A.A. Milne (based upon the works of), Ernest Shepard (based upon the works of)","John Cleese, Jim Cummings, Bud Luckey, Craig Ferguson",English,USA,2 wins & 25 nominations.,74.0,7.2,20673
Winnie the Pooh: A Very Merry Pooh Year,Ring in the season with Winnie The Pooh in a holiday adventure.,G,2002,12 Nov 2002,65 min,"Animation, Comedy, Drama, Family, Fantasy, Musical","Gary Katona, Ed Wexler, Jamie Mitchell","Brian Hohlfeld, Ted Henning, Karl Geurs, Mark Zaslove","Jim Cummings, Peter Cullen, John Fiedler, Michael Gough",English,USA,1 win & 3 nominations.,,6.8,1781
Winnie the Pooh: Springtime with Roo,"Roo is upset when Rabbit cancels Easter and declares ""Spring Cleaning Day"" instead.",G,2003,09 Mar 2004,65 min,"Animation, Adventure, Comedy, Drama, Family, Musical","Saul Blinkoff, Elliot M. Bour","A.A. Milne (characters), Tom Rogers","Jim Cummings, Ken Sansom, Jimmy Bennett, David Ogden Stiers","English, Arabic",USA,6 nominations.,,6.5,1634
Winter Storage,Chip and Dale are worried about gathering enough acorns for the winter until park ranger Donald comes along with a bag full he's trying to plant.,Approved,1949,03 Jun 1949,7 min,"Animation, Comedy, Family, Short",Jack Hannah,"Bill Berg (story), Nick George (story)","Dessie Flynn, James MacDonald",English,USA,,,7.4,595
Wizards of Waverly Place: The Movie,A young wizard conjures a spell that puts her family in jeopardy.,TV-G,2009,28 Aug 2009,94 min,"Adventure, Comedy, Drama, Family, Fantasy",Lev L. Spiro,"Todd J. Greenwald (creator), Dan Berendsen","Selena Gomez, David Henrie, Jake T. Austin, Jennifer Stone",English,USA,Won 1 Primetime Emmy. Another 1 win & 4 nominations.,,6.2,14540
Wreck-It Ralph,"A video game villain wants to be a hero and sets out to fulfill his dream, but his quest brings havoc to the whole arcade where he lives.",PG,2012,02 Nov 2012,101 min,"Animation, Adventure, Comedy, Family, Fantasy",Rich Moore,"Rich Moore (story by), Phil Johnston (story by), Jim Reardon (story by), Phil Johnston (screenplay by), Jennifer Lee (screenplay by)","John C. Reilly, Sarah Silverman, Jack McBrayer, Jane Lynch",English,USA,Nominated for 1 Oscar. Another 33 wins & 41 nominations.,72.0,7.7,365043
Yellowstone Cubs,"Two bear cubs, Tuffy and Tubby, are separated from their mother and spend an entire summer romping through Yellowstone National Park. In the meantime, the mother bear follows their trail as she searches for them.",Not Rated,1963,01 Jun 1963,48 min,Family,Charles L. Draper,Ralph Wright,"Rex Allen, Joe Way",English,USA,1 nomination.,,6.9,177
You Lucky Dog,Man leaves his fortune to his dog and its psychiatrist.,TV-G,1998,27 Jun 1998,89 min,"Comedy, Family, Fantasy, Mystery",Paul Schneider,"David Covell (story), David Covell (teleplay), Peter I. Baloff (teleplay), Dave Wollert (teleplay)","Kirk Cameron, Chelsea Noble, John de Lancie, Christine Healy",English,USA,,,4.7,526
You Wish!,"Alex is a high school student who always feels like he is overshadowed by his little brother Stevie; he can't get the girl of his dreams; he and his two best friends, Abby and James, are ...",TV-G,2003,10 Jan 2003,84 min,"Comedy, Family, Fantasy, Drama",Paul Hoen,"Christopher Reed (teleplay), Cynthia Carle (teleplay), Jackie French Koller (book)","A.J. Trauth, Spencer Breslin, Lalaine, Tim Reid",English,"New Zealand, USA",3 nominations.,,6.1,1608
Your Friend the Rat,Remy and Emile plead the case for rats by illustrating the historical and scientific facts about the species and their interaction with humans.,G,2007,06 Nov 2007,11 min,"Animation, Short, Comedy, Family",Jim Capobianco,"Jim Capobianco, Jeff Pidgeon (story), Alexander Woo (story)","Patton Oswalt, Peter Sohn, Lou Romano, Tony Russel",English,USA,1 win.,,7.1,4944
Z-O-M-B-I-E-S,"Students from Zombietown are transferred to a high school in a suburban town preoccupied with uniformity, traditions and pep rallies.",TV-G,2018,16 Feb 2018,94 min,"Family, Musical, Romance",Paul Hoen,"David Light, Joseph Raso, David Light (based on 'Zombies & Cheerleaders' written by), Joseph Raso (based on 'Zombies & Cheerleaders' written by)","Milo Manheim, Meg Donnelly, Trevor Tordjman, Kylee Russell",English,USA,1 nomination.,,6.3,2993
Zapped,"When Zoey's mom remarries, Zoey finds it hard adjusting to her new life - no longer the only kid in the family.",TV-G,2014,23 Jun 2014,102 min,"Comedy, Family, Fantasy",Peter DeLuise,"Leslie Margolis (based on the novel ""Boys Are Dogs"" by), Billy Eddy (teleplay), Matt Eddy (teleplay), Rachelle Skoretz (television story by)","Zendaya, Chanelle Peloso, Spencer Boldman, Emilia McCarthy",English,"Canada, USA",5 wins & 1 nomination.,,5.1,3750
Zenon: Girl of the 21st Century,An inquisitive teenager pries into suspected dodgy dealings on her space station home - and ends up being sent down to Earth.,TV-G,1999,23 Jan 1999,97 min,"Adventure, Comedy, Family, Sci-Fi",Kenneth Johnson,"Marilyn Sadler (book), Roger Bollen (book), Stu Krieger (teleplay)","Kirsten Storms, Raven-Symoné, Stuart Pankin, Holly Fulger",English,USA,2 nominations.,,6.4,6378
Zenon: The Zequel,A mischievous fifteen-year-old girl living on a space station helps a group of homeless aliens.,TV-G,2001,12 Jan 2001,100 min,"Comedy, Family, Adventure, Sci-Fi",Manny Coto,"Marilyn Sadler (book), Roger Bollen (book), Stu Krieger (teleplay)","Kirsten Storms, Shadia Simmons, Lauren Maltby, Susan Brady",English,"USA, New Zealand",1 nomination.,,5.9,3318
Zenon: Z3,The heroine sets out to win an important competition - but her dreams of success are jeopardized.,TV-G,2004,11 Jun 2004,81 min,"Adventure, Comedy, Family, Sci-Fi",Steve Rash,"Marilyn Sadler (character from the book ""Zenon: Girl of the Twenty First Century""), Roger Bollen (character from the book ""Zenon: Girl of the Twenty First Century""), Stu Krieger","Kirsten Storms, Lauren Maltby, Alyson Morgan, Stuart Pankin",English,USA,,,5.5,2339
Zootopia,"In a city of anthropomorphic animals, a rookie bunny cop and a cynical con artist fox must work together to uncover a conspiracy.",PG,2016,04 Mar 2016,108 min,"Animation, Adventure, Comedy, Crime, Family, Mystery","Byron Howard, Rich Moore, Jared Bush(co-director)","Byron Howard (story by), Rich Moore (story by), Jared Bush (story by), Jim Reardon (story by), Josie Trinidad (story by), Phil Johnston (story by), Jennifer Lee (story by), Jared Bush (screenplay by), Phil Johnston (screenplay by)","Ginnifer Goodwin, Jason Bateman, Idris Elba, Jenny Slate",English,USA,Won 1 Oscar. Another 46 wins & 71 nominations.,78.0,8.0,410437
