name,films,tvshows
A.A. Milne (based upon the works of),['Winnie the Pooh'],[]
A.A. Milne (books),"[""Piglet's Big Movie"", 'The Many Adventures of Winnie the Pooh']",[]
A.A. Milne (characters),"[""Pooh's Heffalump Movie"", 'The Tigger Movie', 'Winnie the Pooh: Springtime with Roo']",[]
A.A. Milne (stories),"[""Pooh's Grand Adventure: The Search for Christopher Robin""]",[]
AJ Carothers,['Emil and the Detectives'],[]
Aaron Kandell (story by),['Moana'],[]
Aaron McGruder (screenplay),['Red Tails'],[]
Aaron Mendelsohn (story),['12 Dates of Christmas'],[]
Aaron Mendelsohn (teleplay),['12 Dates of Christmas'],[]
Aaron Springer,[],"[""Billy Dilley's Super-Duper Subterranean Summer""]"
Adam Burke (story by),['Loop'],[]
Adam Chapman,['Bears'],[]
Adam Horowitz,[],['TRON: Uprising']
Adam Horowitz (screenplay),['TRON: Legacy'],[]
Adam Horowitz (story),['TRON: Legacy'],[]
Adam McKay (screenplay by),['Ant-Man'],[]
Adam Van Wyk (story),['Tarzan & Jane'],[]
"Adi Granov (based on the ""Extremis"" mini-series illustrated by)",['Iron Man 3'],[]
Adrian Molina (additional screenplay material by),['The Good Dinosaur'],[]
Adrian Molina (original story by),['Coco'],[]
Adrian Molina (screenplay by),['Coco'],[]
Ahmet Zappa (story),['The Odd Life of Timothy Green'],[]
Al Bertino (story),"['Bearly Asleep', 'Beezy Bear', ""Let's Stick Together""]",[]
Al Jean,['Playdate with Destiny'],[]
Al Jean (screenplay),['The Simpsons Movie'],[]
Al Perkins (screenplay),['The Reluctant Dragon'],[]
Al Wilson (story),['The Black Cauldron'],[]
Alan Barillaro,['Piper'],[]
Alan Burnett (animation screenplay),['DuckTales the Movie: Treasure of the Lost Lamp'],[]
Alan Caillou (book),['Cheetah'],[]
Alan Dinehart (story adaptation),"[""Mickey's Christmas Carol""]",[]
Alan Ormsby (additional story material),['Mulan'],[]
Alan Sacks (story),['Pixel Perfect'],[]
Alan Shapiro,['The Christmas Star'],[]
Alan Shapiro (story),['The Christmas Star'],[]
Alan Silberberg,['Dadnapped'],[]
Alan Young (story adaptation),"[""Mickey's Christmas Carol""]",[]
Alana Sanko,['Get a Clue'],[]
Alastair Fothergill,"['Bears', 'Chimpanzee']",[]
Alastair Fothergill (original concept),['Chimpanzee'],[]
Albert Aley (screenplay),['The Ugly Dachshund'],[]
Albert Heath (story development),['Fantasia'],[]
Albert Sidney Fleischman (novel),['The Adventures of Bullwhip Griffin'],[]
Alec Sokolow (screenplay by),['Toy Story'],[]
Alec Sokolow (screenplay),['Cheaper by the Dozen'],[]
Alex Hirsch,[],"['Gravity Falls', 'Fish Hooks']"
Alex Mann,"[""Mickey's Once Upon a Christmas""]",[]
Alex Zamm,['Inspector Gadget 2'],[]
Alexa Junge (screenplay by),['Lilo & Stitch 2: Stitch Has a Glitch'],[]
Alexa Young (based on a novel by),['Frenemies'],[]
Alexander Key (based on the book by),['Escape to Witch Mountain'],[]
Alexander Key (characters),['Return from Witch Mountain'],[]
Alexander Woo (story),['Your Friend the Rat'],[]
Alexandre Dumas (novel),['The Three Musketeers'],[]
Alexandre de La Patellière,[],['Iron Man: Armored Adventures']
Alfred Gough (screenplay),['Herbie Fully Loaded'],[]
Ali Marie Matheson,"[""Halloweentown II: Kalabar's Revenge""]",[]
Ali Marie Matheson (teleplay),['Halloweentown'],[]
Ali Scher,['Under the Sea: A Descendants Story'],[]
Alice Brown,"[""Belle's Magical World""]",[]
Alicia Kirk (screenplay),['Bambi and the Great Prince of the Forest'],[]
Aliki Theofilopoulos (additional material),['Phineas and Ferb the Movie: Across the 2nd Dimension'],[]
Alison Brown,[],['Stuck in the Middle']
Alison Taylor,"['The Cheetah Girls', 'The Cheetah Girls 2']",[]
Allen Estrin (screenplay),['Pocahontas II: Journey to a New World'],[]
Allie Dvorin,['The Sandlot: Heading Home'],[]
Allison Schroeder (additional screenplay material by),['Frozen II'],[]
Amy Engelberg (story),['Stuck in the Suburbs'],[]
Amy Engelberg (teleplay),['Stuck in the Suburbs'],[]
Amy Poehler (additional dialogue by),['Inside Out'],[]
Amy Rardin (television story by),['Invisible Sister'],[]
Amy Talkington (teleplay),['Avalon High'],[]
Andrew Adamson (screenplay),"['The Chronicles of Narnia: Prince Caspian', 'The Chronicles of Narnia: The Lion, the Witch and the Wardrobe']",[]
Andrew Bujalski (screenplay by),['Lady and the Tramp'],[]
Andrew Chapman (additional story development),['Pocahontas'],[]
Andrew Jimenez,['One Man Band'],[]
Andrew Kurtzman,['Camp Nowhere'],[]
Andrew Price (story),['The Luck of the Irish'],[]
Andrew Price (teleplay),['The Luck of the Irish'],[]
Andrew Stanton (original story by),"[""A Bug's Life"", 'Finding Dory', 'Finding Nemo', 'Toy Story', 'Toy Story 2', 'Toy Story 4', 'WALL·E']",[]
Andrew Stanton (screenplay by),"[""A Bug's Life"", 'Finding Dory', 'Finding Nemo', 'John Carter', 'Monsters, Inc.', 'Toy Story', 'Toy Story 2', 'Toy Story 4', 'WALL·E']",[]
Andrew Stanton (story by),['Toy Story 3'],[]
Andrew Stanton (story),['Burn-E'],[]
Andy Gaskill (story),['The Lion King'],[]
Andy Heyward (characters),"['Inspector Gadget', 'Inspector Gadget 2']",[]
Andy Lanning,[],['Guardians of the Galaxy']
Andy Lanning (based on the Marvel comics by),"['Guardians of the Galaxy', 'Guardians of the Galaxy Vol. 2']",[]
Angus MacLane,['Toy Story Toons: Small Fry'],[]
Angus MacLane (story),"['Burn-E', 'Toy Story Toons: Small Fry']",[]
Ann Austen,"['Johnny Tsunami', 'Motocrossed']",[]
Ann Austen (teleplay),['Johnny Kapahala: Back on Board'],[]
Ann Lewis Roberts,[],"[""Disney's Fairy Tale Weddings""]"
Ann Peacock (screenplay),"['The Chronicles of Narnia: The Lion, the Witch and the Wardrobe']",[]
Ann Slichter,['Earth Live'],[]
Anna Alice Chapin (libretto),['Babes in Toyland'],[]
Anna Boden (screenplay by),['Captain Marvel'],[]
Anna Boden (story by),['Captain Marvel'],[]
Anna McRoberts,"['Santa Paws 2: The Santa Pups', 'Super Buddies']",[]
Anna Sandor,['Tiger Cruise'],[]
Annie DeYoung,['Princess Protection Program'],[]
Annie DeYoung (story),"['Girl Vs. Monster', 'Princess Protection Program']",[]
Annie DeYoung (teleplay),"['Girl Vs. Monster', 'Johnny Kapahala: Back on Board', 'Return to Halloweentown', 'StarStruck']",[]
Antoine Guilbaud (additional material),['Phineas and Ferb the Movie: Across the 2nd Dimension'],[]
April Blair (teleplay),['Lemonade Mouth'],[]
April Kelly,[],"['Boy Meets World', 'Girl Meets World']"
Arnold Margolin (screenplay),['Snowball Express'],[]
Art Marcum (screenplay),['Iron Man'],[]
Art Scott (story),['Melody Time'],[]
Art Stevens (story),['The Black Cauldron'],[]
Arthur Alsberg,"['Gus', 'Herbie Goes to Monte Carlo']",[]
Arthur Heinemann (story development),['Fantasia'],[]
Ash Brannon (original story by),['Toy Story 2'],[]
Ashley Miller (screenplay),['Thor'],[]
Audrey Wells,['The Kid'],[]
Audrey Wells (screenplay),['George of the Jungle'],[]
Audrey Wells (story),['The Game Plan'],[]
Aurelius Battaglia (story adaptation),['Pinocchio'],[]
Aurian Redson (additional story),['Brother Bear'],[]
Aurian Redson (screenplay by),['Meet the Robinsons'],[]
B. Mark Seabrooks,['Wendy Wu: Homecoming Warrior'],[]
Babaloo Mandel (screenplay by),['Splash'],[]
Barbara Johns (story),['StarStruck'],[]
Barbara Johns (teleplay),['StarStruck'],[]
Barry Healey (story),['One Magic Christmas'],[]
Barry Johnson (story),"['Mulan', 'The Lion King']",[]
Barry O'Brien,[],['Hannah Montana']
Barry O'Brien (character based on the series created by),['Hannah Montana and Miley Cyrus: Best of Both Worlds Concert'],[]
Barry O'Brien (characters),['Hannah Montana: The Movie'],[]
Bart Jennett,"['Recess: All Growed Down', 'Recess: Taking the Fifth Grade']",[]
Ben Gluck (additional screenplay),['Brother Bear 2'],[]
Ben Gluck (head of story),['Bambi and the Great Prince of the Forest'],[]
Ben Montanio,"['The Wizards Return: Alex vs. Alex', 'Wendy Wu: Homecoming Warrior']",[]
Ben Queen (original story by),['Cars 3'],[]
Ben Queen (screenplay by),['Cars 2'],[]
Ben Stahl (book),"[""Blackbeard's Ghost""]",[]
Berkeley Breathed (book),['Mars Needs Moms'],[]
Bernie Petterson (additional material),['Phineas and Ferb the Movie: Across the 2nd Dimension'],[]
Beth Rigazio,['Go Figure'],[]
Beth Rigazio (teleplay),['Read It and Weep'],[]
Bethesda Brown,['The Cheetah Girls 2'],[]
Bettina Gilois,['Glory Road'],[]
Beverly Joubert (story),"[""Whispers: An Elephant's Tale""]",[]
Bianca Majolie (story development),['Fantasia'],[]
Bill Berg (story),"['All in a Nutshell', 'Corn Chips', 'Double Dribble', 'Out of Scale', ""Pluto's Christmas Tree"", ""Pluto's Party"", 'Winter Storage']",[]
Bill Fritz,['Now You See It...'],[]
Bill Hader (additional dialogue by),['Inside Out'],[]
Bill Mantlo,[],['Ultimate Spider-Man']
Bill Mantlo (Rocket Raccoon created by),"['Avengers: Endgame', 'Guardians of the Galaxy Vol. 2']",[]
Bill Mantlo (character created by: Rocket Raccoon),['Guardians of the Galaxy'],[]
Bill Margol,[],['Brain Games']
Bill Motz,"['Aladdin and the Return of Jafar', 'Beauty and the Beast: The Enchanted Christmas', 'Tarzan & Jane']","['Lego Star Wars: All-Stars', 'Lego Star Wars: The Freemaker Adventures']"
Bill Motz (additional written material),"[""The Lion King 2: Simba's Pride""]",[]
Bill Motz (screenplay),"[""Lady and the Tramp 2: Scamp's Adventure"", ""Mickey's Twice Upon a Christmas""]",[]
Bill Peet (additional story),['Sleeping Beauty'],[]
Bill Peet (story development),['Fantasia'],[]
Bill Peet (story),"['A Knight for a Day', 'Alice in Wonderland', 'Cinderella', 'Lambert the Sheepish Lion', 'One Hundred and One Dalmatians', 'Peter Pan', 'The Sword in the Stone', 'The Three Caballeros']",[]
Bill Prady,[],['The Muppets.']
Bill Scott (television series),['George of the Jungle 2'],[]
Bill Steinkellner,[],"[""Teacher's Pet""]"
Bill Steinkellner (additional screenplay material),['The Lion King 3: Hakuna Matata'],[]
Bill Steinkellner (screenplay),"[""Teacher's Pet""]",[]
Bill Steinkellner (television series Teacher's Pet),"[""Teacher's Pet""]",[]
Bill Walsh,['That Darn Cat'],[]
Bill Walsh (screenplay),"['Bedknobs and Broomsticks', ""Blackbeard's Ghost"", 'Flubber', 'Herbie Rides Again', 'Mary Poppins', 'That Darn Cat!', 'The Absent Minded Professor', 'The Love Bug', 'The Shaggy Dog']",[]
Bill Wolkoff (additional story material),['The Wild'],[]
Bill de la Torre (story),"[""Pluto's Purchase""]",[]
Billy Eddy (teleplay by),"['Invisible Sister', 'Teen Beach 2']",[]
Billy Eddy (teleplay),"['Bad Hair Day', 'Zapped']",[]
Billy Eddy (television story by),['Invisible Sister'],[]
Blake Harris (story),['12 Dates of Christmas'],[]
Blake Snyder,['Blank Check'],[]
Bob Barbash (story by),['The Black Hole'],[]
Bob Dolman (screenplay by),['Willow'],[]
Bob Foss (screenplay),['Shipwrecked'],[]
Bob Hilgenberg (screenplay),['Tinker Bell and the Great Fairy Rescue'],[]
Bob Kushell,[],['The Muppets.']
Bob Moore (story),['Melody Time'],[]
Bob North,"[""Chip an' Dale""]",[]
Bob Peterson (original concept & development by),['The Good Dinosaur'],[]
Bob Peterson (screenplay by),"['Cars 3', 'Finding Nemo', 'Up']",[]
Bob Peterson (story by),"['The Good Dinosaur', 'Up']",[]
Bob Roth,"['Aladdin and the Return of Jafar', 'Beauty and the Beast: The Enchanted Christmas', 'Tarzan & Jane']","['Lego Star Wars: All-Stars', 'Lego Star Wars: The Freemaker Adventures']"
Bob Roth (additional written material),"[""The Lion King 2: Simba's Pride""]",[]
Bob Roth (screenplay),"[""Lady and the Tramp 2: Scamp's Adventure"", ""Mickey's Twice Upon a Christmas""]",[]
Bob Shaw (animation screenplay by),['Hercules'],[]
Bob Shaw (screenplay by),"[""A Bug's Life""]",[]
Bob Tzudiker,['Newsies'],[]
Bob Tzudiker (additional story material),['The Lion King'],[]
Bob Tzudiker (animation screenplay by),['The Hunchback of Notre Dame'],[]
Bob Tzudiker (based on the film written by),"[""Disney's Newsies: The Broadway Musical!""]",[]
Bob Tzudiker (screenplay),['102 Dalmatians'],[]
Bob Wehling (screenplay),['The Sign of Zorro'],[]
Bob Young (teleplay),['Teen Spirit'],[]
Bobby Rubio,['Float'],[]
Bonnie MacBird,[],['TRON: Uprising']
Bonnie MacBird (characters),['TRON: Legacy'],[]
Bonnie MacBird (story),['TRON'],[]
Bosco Ng (story),['Jack-Jack Attack'],[]
Boyce Bugliari,[],['Coop and Cami Ask the World']
Brad Bird,"['Jack-Jack Attack', 'The Incredibles']",[]
Brad Bird (original story by),['Ratatouille'],[]
Brad Bird (screenwriter),['Ratatouille'],[]
Brad Gann,['Invincible'],[]
Bradford Lewis (original story by),['Cars 2'],[]
Bradley Furnish (story),['Purl'],[]
Bradley Raymond (story),"['Tinker Bell', 'Tinker Bell and the Great Fairy Rescue']",[]
Brandon Auman,['Iron Man & Hulk: Heroes United'],[]
Brandon Onstott (characters),['Burn-E'],[]
Brenda Chapman (original concept),['Fantasia 2000'],[]
Brenda Chapman (screenplay by),['Brave'],[]
Brenda Chapman (story by),"['Beauty and the Beast', 'Brave']",[]
Brenda Chapman (story supervisor),['The Lion King'],[]
Brenda Chapman (story),['The Hunchback of Notre Dame'],[]
Brett Morgen,['Jane'],[]
Brian Fee (original story by),['Cars 3'],[]
Brian Grazer (based on a story by),['Splash'],[]
Brian Hohlfeld,['Winnie the Pooh: A Very Merry Pooh Year'],[]
Brian Hohlfeld (screenplay),"[""Piglet's Big Movie"", ""Pooh's Heffalump Movie""]",[]
Brian Kesinger (head of story),"[""Olaf's Frozen Adventure""]",[]
Brian Kesinger (story by),['Winnie the Pooh'],[]
Brian Klugman (story),['TRON: Legacy'],[]
Brian Larsen,"['Smash and Grab', ""The Legend of Mor'du""]",[]
Brian Leith,['Born in China'],[]
Brian Michael Bendis (based on the Marvel comics by),['Marvel Rising: Heart of Iron'],[]
Brian Newell,['Into the Okavango'],[]
Brian Pimental (additional story),"['Brother Bear', 'Home on the Range']",[]
Brian Pimental (screenplay),['A Goofy Movie'],[]
Brian Pimental (story by),['Beauty and the Beast'],[]
Brian Pimental (story supervisor),['A Goofy Movie'],[]
Brian Pimental (story),"['Aladdin', 'Bambi and the Great Prince of the Forest']",[]
Brian Regan (screenplay),['102 Dalmatians'],[]
Brian Regan (story),['102 Dalmatians'],[]
Brian Smith (screenplay),"[""101 Dalmatians 2: Patch's London Adventure""]",[]
Brian Smith (story),"[""101 Dalmatians 2: Patch's London Adventure""]",[]
Brian Strickland (additional material written by),['The Little Mermaid Live!'],[]
Brian Suskind,[],['Smart Guy']
Brian Swenlin,['Aladdin and the Return of Jafar'],[]
Brian Turner,['Snowglobe'],[]
Brian Yorkey (musical book),['Freaky Friday'],[]
Brian Yuzna (based on characters created by),"['Honey, We Shrunk Ourselves!']",[]
Brian Yuzna (characters),"['Honey, I Blew Up the Kid']",[]
Brian Yuzna (story),"['Honey, I Shrunk the Kids']",[]
Bridget Carpenter (musical book),['Freaky Friday'],[]
Bridget Carpenter (screenplay),['Freaky Friday'],[]
Broose Johnson (additional story development),['Pocahontas'],[]
Broose Johnson (story),['Brother Bear'],[]
Bruce A. Evans (screenplay),['Jungle 2 Jungle'],[]
Bruce Graham,"['Right on Track', 'Tiger Cruise']",[]
Bruce Graham (teleplay),['A Ring of Endless Light'],[]
Bruce Jay Friedman (screen story by),['Splash'],[]
Bruce Jay Friedman (screenplay by),['Splash'],[]
Bruce Morris (story adapted by),['The Great Mouse Detective'],[]
Bruce Morris (story),"['Hercules', 'Pocahontas']",[]
Bruce W. Smith,[],['The Proud Family']
Bruce Woodside (story by),['Beauty and the Beast'],[]
Bruno Bianchi (characters),"['Inspector Gadget', 'Inspector Gadget 2']",[]
Bryan Moore,[],"['Lab Rats: Elite Force', 'Lab Rats']"
Bryce Zabel (story by),['Atlantis: The Lost Empire'],[]
Bud Luckey,"[""Boundin'""]",[]
Burny Mattinson (additional story contributions),['The Black Cauldron'],[]
Burny Mattinson (story adaptation),"[""Mickey's Christmas Carol""]",[]
Burny Mattinson (story adapted by),['The Great Mouse Detective'],[]
Burny Mattinson (story by),['Beauty and the Beast'],[]
Burny Mattinson (story),"['Aladdin', 'Mulan', 'Pocahontas', 'The Fox and the Hound', 'The Hunchback of Notre Dame', 'The Lion King', 'The Rescuers']",[]
Byron Howard (story by),['Zootopia'],[]
Byron Simpson (animation screenplay by),['The Rescuers Down Under'],[]
C. Graham Baker,['Swiss Family Robinson'],[]
C. Robert Cargill,['Doctor Strange'],[]
C.S. Lewis (book),"['The Chronicles of Narnia: The Lion, the Witch and the Wardrobe']",[]
C.S. Lewis (novel),['The Chronicles of Narnia: Prince Caspian'],[]
Calvin Brown Jr. (screenplay),['The Proud Family Movie'],[]
Calvin Clements Jr.,['Justin Morgan Had a Horse'],[]
Cameron Fay,['Life-Size 2'],[]
Campbell Grant (story development),['Fantasia'],[]
Carey W. Hayes,"['Horse Sense', 'Jumping Ship']",[]
Carl Barks,"[""Donald's Tire Trouble""]",[]
Carl Barks (story),"[""Donald's Dog Laundry""]",[]
Carl Binder,['Pocahontas'],[]
Carl Fallberg (story development),"['Bambi', 'Fantasia', 'Fantasia 2000']",[]
Carlo Collodi (from the story by),['Pinocchio'],[]
Carmine Di Giandomenico,[],['Ultimate Spider-Man']
Carol Dysinger,['The Christmas Star'],[]
Carole Holliday (screenplay),"[""Mickey's Twice Upon a Christmas""]",[]
Carole Holliday (story),"[""Mickey's Twice Upon a Christmas""]",[]
Caroline Thompson (screenplay),"['Homeward Bound: The Incredible Journey', 'The Nightmare Before Christmas']",[]
Carrie Beck,[],"['Lego Star Wars: All-Stars', 'Lego Star Wars: The Freemaker Adventures', 'Star Wars Rebels', 'Star Wars Resistance']"
Carrie Lee Wilson,['College Road Trip'],[]
Carter Crocker,"[""Belle's Magical World"", 'Beauty and the Beast: The Enchanted Christmas']",[]
Carter Crocker (additional written material),"['Peter Pan 2: Return to Never Land', 'The Jungle Book 2']",[]
Carter Crocker (screenplay),"[""Mickey's Once Upon a Christmas"", ""Pooh's Grand Adventure: The Search for Christopher Robin""]",[]
Casey Sherman (book),['The Finest Hours'],[]
Chad Cohen,['Expedition Amelia'],[]
Chad Fiveash (screenplay),"[""Mickey's Twice Upon a Christmas""]",[]
Chad Fiveash (story),"[""Mickey's Twice Upon a Christmas""]",[]
Chad Hayes,"['Horse Sense', 'Jumping Ship']",[]
Charles Brackett (screenplay),['Journey to the Center of the Earth'],[]
"Charles Dickens (based on the book: ""A Christmas Carol"" by)","[""Mickey's Christmas Carol""]",[]
"Charles Dickens (inspired by ""Oliver Twist"" by)",['Oliver & Company'],[]
Charles Dickens (novel),['The Muppet Christmas Carol'],[]
Charles Fleischer (additional story material),['The Prince and the Pauper'],[]
Charles Perrault (from the original classic by),['Cinderella'],[]
"Charles Perrault (story ""Sleeping Beauty"")",['Sleeping Beauty'],[]
Charles Segars (characters),['National Treasure: Book of Secrets'],[]
Charles Segars (story),['National Treasure'],[]
Charles Shyer (screenplay),['The Parent Trap'],[]
Charles Tazewell (book),['The Small One'],[]
Charlie Cohen (screenplay),"[""Mickey's Once Upon a Christmas""]",[]
Charlie Peters (screenplay),['Three Men and a Little Lady'],[]
Charlie Shahnaian,['The Swap'],[]
Cheri Steinkellner,[],"[""Teacher's Pet""]"
Cheri Steinkellner (screenplay),"[""Teacher's Pet""]",[]
Cheri Steinkellner (television series Teacher's Pet),"[""Teacher's Pet""]",[]
Chip Hand (story),"[""Belle's Magical World""]",[]
Chis Blow (script writer),['Drain the Titanic'],[]
Chong Lee (additional material),['Phineas and Ferb the Movie: Across the 2nd Dimension'],[]
Chris Bailey (story),['Oliver & Company'],[]
Chris Blow,['Drain Alcatraz'],[]
Chris Bryant,['Miracle at Midnight'],[]
Chris Buck (story by),"['Frozen', 'Frozen II']",[]
Chris Buck (story),['Pocahontas'],[]
Chris Conroy,['Hounded'],[]
Chris Hauty,['Homeward Bound II: Lost in San Francisco'],[]
Chris Headrick (additional material),['Phineas and Ferb the Movie: Across the 2nd Dimension'],[]
Chris Houghton,[],['Big City Greens']
Chris Hubbell (additional dialogue),['The Little Mermaid'],[]
Chris Hubbell (additional story material),['Oliver & Company'],[]
Chris Hubbell (animation screenplay),['The Prince and the Pauper'],[]
Chris Matheson (screenplay),['A Goofy Movie'],[]
Chris Matheson (teleplay),['Stepsister from Planet Weird'],[]
Chris Nee,[],"['Vampirina', 'Doc McStuffins']"
Chris Nolan (story),['Going to the Mat'],[]
Chris Nolan (teleplay),['Going to the Mat'],[]
Chris Parker (screenplay),['Mulan II'],[]
Chris Peterson,[],"['Lab Rats: Elite Force', 'Lab Rats']"
Chris Sanders,['Lilo & Stitch'],['Lilo & Stitch: The Series']
Chris Sanders (based on an idea by),['Lilo & Stitch'],[]
Chris Sanders (screenplay by),['Mulan'],[]
Chris Sanders (story by),['Beauty and the Beast'],[]
Chris Sanders (story),"['Aladdin', 'The Lion King']",[]
Chris Sonnenburg,[],['Tangled: The Series']
Chris Sonnenburg (developed by),['Tangled: Before Ever After'],[]
Chris Sonnenburg (developed for television by),['Tangled: Before Ever After'],[]
Chris Thompson,[],['Shake It Up']
Chris Webb (screenplay by),['Toy Story 2'],[]
Chris Weitz (screenplay by),['Rogue One: A Star Wars Story'],[]
Chris Williams (additional story),['Brother Bear'],[]
Chris Williams (screenplay by),['Bolt'],[]
Chris Williams (story by),"['Moana', ""The Emperor's New Groove""]",[]
Chris Williams (story),['Mulan'],[]
Christian Ford (screenplay),['Kazaam'],[]
Christian Roman (story),['Toy Story Toons: Hawaiian Vacation'],[]
Christine Blum (story),['The Hunchback of Notre Dame'],[]
Christopher Blow,"['Drain the Bermuda Triangle', 'Drain the Titanic']",[]
Christopher Cleveland,['Glory Road'],[]
Christopher L. Yost,['Thor: Ragnarok'],['Iron Man: Armored Adventures']
Christopher L. Yost (screenplay by),['Thor: The Dark World'],[]
Christopher Markus,[],['Agent Carter']
Christopher Markus (screenplay by),"['Avengers: Endgame', 'Captain America: Civil War', 'Captain America: The Winter Soldier', 'Thor: The Dark World']",[]
Christopher Markus (screenplay),"['Captain America: The First Avenger', 'The Chronicles of Narnia: Prince Caspian', 'The Chronicles of Narnia: The Lion, the Witch and the Wardrobe']",[]
Christopher Reed (teleplay),['You Wish!'],[]
Christopher Spencer,['Stonehenge: Decoded'],[]
Christopher Vogler (additional story material),['The Lion King'],[]
Chuan Lu,['Born in China'],[]
Chuck Couch (story development),['Bambi'],[]
Cinco Paul,['College Road Trip'],[]
Cinco Paul (screenplay),['The Santa Clause 2'],[]
Cindy Marcus,['Beauty and the Beast: The Enchanted Christmas'],[]
Cindy Marcus (additional screenplay material),"[""Lady and the Tramp 2: Scamp's Adventure""]",[]
Cindy Marcus (screenplay by),['The Hunchback of Notre Dame 2: The Secret of the Bell'],[]
Cindy Marcus (screenplay),"['Pocahontas II: Journey to a New World', ""The Lion King 2: Simba's Pride""]",[]
Clio Chiang (story by),['Winnie the Pooh'],[]
Colby Carr,['Blank Check'],[]
Colin Goldman (story),"[""Mickey's Twice Upon a Christmas""]",[]
Colin Swash,['Stonehenge: Decoded'],[]
"Coline Serreau (screenplay ""Trois Hommes Et Un Couffin"")",['Three Men and a Little Lady'],[]
"Coline Serreau (screenplay ""Trois Hommes et un Couffin"")",['Three Men and a Baby'],[]
Colleen Millea Ventimilia (screenplay),['Cinderella 3: A Twist in Time'],[]
Corinne Marshall,[],['K.C. Undercover']
Cormac Wibberley (screenplay),"['G-Force', 'National Treasure', 'National Treasure: Book of Secrets']",[]
Cormac Wibberley (story),['National Treasure: Book of Secrets'],[]
Craig Gerber,[],['Elena of Avalor']
Craig Kyle,['Thor: Ragnarok'],['Iron Man: Armored Adventures']
Craig Titley (screen story),['Cheaper by the Dozen'],[]
Crispin Sadler,['Drain the Great Lakes'],[]
Cristina Costantini,['Science Fair'],[]
Curtis Armstrong (additional written material),['A Goofy Movie'],[]
Cynthia Carle (teleplay),['You Wish!'],[]
Daan Jippes (additional story material),['Mulan'],[]
Daan Jippes (story),['Aladdin'],[]
Dan Abnett,[],['Guardians of the Galaxy']
Dan Abnett (based on the Marvel comics by),"['Guardians of the Galaxy', 'Guardians of the Galaxy Vol. 2']",[]
Dan Berendsen,"['Camp Rock 2: The Final Jam', 'Hannah Montana: The Movie', 'The Wizards Return: Alex vs. Alex', 'Twitches Too', 'Up, Up, and Away!', 'Wizards of Waverly Place: The Movie']",[]
Dan Berendsen (screenplay),['Cinderella 3: A Twist in Time'],[]
Dan Berendsen (story by),"['Teen Beach 2', 'The Cheetah Girls: One World']",[]
Dan Berendsen (story),"[""Eddie's Million Dollar Cook-Off"", 'The Scream Team']",[]
Dan Berendsen (teleplay by),['The Cheetah Girls: One World'],[]
Dan Berendsen (teleplay),"[""Eddie's Million Dollar Cook-Off"", 'Halloweentown High', 'Stuck in the Suburbs', 'The Scream Team', 'Twitches']",[]
Dan Fogelman (original story by),['Cars 2'],[]
Dan Fogelman (screenplay by),"['Bolt', 'Cars', 'Tangled']",[]
Dan Povenmire,['Phineas and Ferb the Movie: Across the 2nd Dimension'],"[""Milo Murphy's Law"", 'Phineas and Ferb']"
Dan Root (story),"[""101 Dalmatians 2: Patch's London Adventure""]",[]
Dan Santat,[],['The Replacements']
Dan Scanlon (original story by),['Onward'],[]
Dan Scanlon (original story),['Mater and the Ghostlight'],[]
Dan Scanlon (screenplay by),"['Monsters University', 'Onward']",[]
Dan Scanlon (story by),['Monsters University'],[]
Dan Spiegle,[],['Spider-Man and His Amazing Friends']
Dan Studney (story),"[""'Twas the Night""]",[]
Dan Studney (teleplay),"['Genius', ""'Twas the Night""]",[]
Dana Olsen (screenplay),['George of the Jungle'],[]
Dana Olsen (story),"['George of the Jungle', 'Inspector Gadget']",[]
Daniel Gerson (screenplay by),"['Big Hero 6', 'Monsters University', 'Monsters, Inc.']",[]
Daniel Gerson (story by),['Monsters University'],[]
Daniel P. Mannix (based on the book by),['The Fox and the Hound'],[]
Daniel Petrie Jr. (screenplay),['Turner & Hooch'],[]
Danielle Wolff,['Marvel Rising: Playing with Fire'],[]
Danny Bilson (screenplay),['The Rocketeer'],[]
Danny Bilson (story),['The Rocketeer'],[]
Danny Kallis,[],"['Smart Guy', 'The Suite Life of Zack & Cody', 'The Suite Life on Deck']"
Danny Kallis (characters),['The Suite Life Movie'],[]
Danny Mann (additional story material),['Oliver & Company'],[]
Daron Nefcy,[],['Star vs. the Forces of Evil']
Darrell Rooney (story),['Aladdin'],[]
Darren Foster,['Science Fair'],[]
Dava Savel (teleplay),['Frenemies'],[]
Dava Savel (television story),['Frenemies'],[]
Dave Bullock (story),['Tarzan & Jane'],[]
Dave Filoni,[],"['Star Wars Rebels', 'Star Wars Resistance']"
Dave Mullins,['Lou'],[]
"Dave Stevens (graphic novel ""The Rocketeer"")",['The Rocketeer'],[]
Dave Wollert (teleplay),['You Lucky Dog'],[]
David Andrew Goldstein (screenplay),['Around the World in 80 Days'],[]
David Attenborough,['Deep Blue'],[]
David Benullo (screenplay),['Around the World in 80 Days'],[]
David Berenbaum,['The Haunted Mansion'],[]
David Collard (additional story material),['The Wild'],[]
David Covell (story),['You Lucky Dog'],[]
David Covell (teleplay),['You Lucky Dog'],[]
David Detiege (story),"['Bearly Asleep', 'Beezy Bear']",[]
David DiGilio (screenplay),['Eight Below'],[]
David Diamond,['Old Dogs'],[]
David Diamond (story),['Minutemen'],[]
David Fallon (screenplay),['White Fang'],[]
David Fowler,"['Born in China', 'Penguins', 'Dolphin Reef', 'In the Footsteps of Elephant', 'Penguins: Life on the Edge']",[]
David Hine,[],['Ultimate Spider-Man']
David Hoselton (screenplay by),['Brother Bear'],[]
David Jonas (story),['The Black Cauldron'],[]
David Kendall (teleplay),['Teen Spirit'],[]
David Kirschner (story),['Hocus Pocus'],[]
David Light,['Z-O-M-B-I-E-S'],[]
David Light (based on 'Zombies & Cheerleaders' written by),['Z-O-M-B-I-E-S'],[]
David Loughery (screenplay),"['The Three Musketeers', 'Tom and Huck']",[]
David Lowery (screenplay by),"[""Pete's Dragon""]",[]
David Michel,[],"['Mickey Mouse Mixed-Up Adventures', ""Sheriff Callie's Wild West""]"
David Michelinie,[],['Ultimate Spider-Man']
David Michener (story adapted by),['The Great Mouse Detective'],[]
David Michener (story sequences),['Robin Hood'],[]
David Michener (story),"['Oliver & Company', 'The Fox and the Hound', 'The Rescuers']",[]
David Mickey Evans (based upon characters created by),['The Sandlot: Heading Home'],[]
David Mickey Evans (screenplay),"['Mickey, Donald, Goofy: The Three Musketeers']",[]
David Mirkin (screenplay),['The Simpsons Movie'],[]
David Morgasen (story),['Princess Protection Program'],[]
David Moses Pimentel (additional story),['Home on the Range'],[]
David N. Titcher (screenplay),['Around the World in 80 Days'],[]
David P.I. James (story),['G-Force'],[]
David Pruiksma (additional story development),['Pocahontas'],[]
David Reynolds,['Fantasia 2000'],[]
David Reynolds (additional screenplay material),['Atlantis: The Lost Empire'],[]
David Reynolds (additional story material),['Mulan'],[]
David Reynolds (additional written material),['The Jungle Book 2'],[]
David Reynolds (screenplay by),"['Finding Nemo', ""The Emperor's New Groove""]",[]
David S. Smith (story),['Aladdin'],[]
David Silverman,['Playdate with Destiny'],[]
David Simkins (Original Story),['Adventures in Babysitting'],[]
David Swift (screenplay),"['Candleshoe', 'The Parent Trap']",[]
David Swift (written for the screen by),"['Pollyanna', 'The Parent Trap']",[]
David Tillman,['Diana: In Her Own Words'],[]
David Wasson,[],['Star vs. the Forces of Evil']
David Weissman,['Old Dogs'],[]
David Weissman (story),['Minutemen'],[]
Davy Liu (additional story),['Home on the Range'],[]
Dean DeBlois,['Lilo & Stitch'],['Lilo & Stitch: The Series']
Dean DeBlois (story co-head),['Mulan'],[]
Dean Fuller (musical),['Once Upon a Mattress'],[]
Deanna Oliver,['My Favorite Martian'],[]
Deborah Gregory (series of books),"['The Cheetah Girls', 'The Cheetah Girls 2', 'The Cheetah Girls: One World']",[]
Del Connell (story),"['Alice in Wonderland', 'The Three Caballeros']",[]
Delbert Shoopman,[],['Running Wild with Bear Grylls']
Denis Morella,[],"[""Sheriff Callie's Wild West""]"
Denis Rich (additional story material),['Mulan'],[]
Denis Rich (story),['The Hunchback of Notre Dame'],[]
Dennis Marks,[],['Spider-Man and His Amazing Friends']
Dennis Rinsler,['The Even Stevens Movie'],[]
Dennis Shryack (screenplay),['Turner & Hooch'],[]
Dennis Shryack (story),['Turner & Hooch'],[]
Dereck Joubert (screenplay),"[""Whispers: An Elephant's Tale""]",[]
Dereck Joubert (story),"[""Whispers: An Elephant's Tale""]",[]
Derek Thompson (story),['Burn-E'],[]
Dev Ross,['Aladdin and the Return of Jafar'],[]
Diane Whitley,[],['The Evermoor Chronicles']
"Dick Huemer (story ""Baby Weems"" sequence)",['The Reluctant Dragon'],[]
Dick Huemer (story direction),['Fantasia'],[]
Dick Huemer (story),"['Alice in Wonderland', 'Saludos Amigos']",[]
Dick Kelsey (story),['Alice in Wonderland'],[]
Dick Kinney,"[""Chip an' Dale""]",[]
Dick Rickard (story adaptation),['Snow White and the Seven Dwarfs'],[]
Dick Sebast (story),['The Rescuers'],[]
Dick Spencer III (teleplay by),['Hacksaw'],[]
Diego Garzon (story editor),['Meet the Robinsons'],[]
Djordje Milicevic,['Iron Will'],[]
Dodie Smith (novel),"['101 Dalmatians', ""101 Dalmatians 2: Patch's London Adventure"", '102 Dalmatians', 'One Hundred and One Dalmatians']",[]
Domee Shi,['Bao'],[]
Don Bluth (screenplay),['Thumbelina'],[]
Don Calame,['Hounded'],[]
Don D. Scott (teleplay),['Let It Shine'],[]
Don DaGradi (screenplay),"['Bedknobs and Broomsticks', ""Blackbeard's Ghost"", 'Mary Poppins', 'The Love Bug']",[]
Don DaGradi (story),['Lady and the Tramp'],[]
Don Dougherty (additional story development),['Pocahontas'],[]
Don Dougherty (additional story material),['Mulan'],[]
Don Dougherty (additional story),['Brother Bear'],[]
Don Dougherty (story by),['Winnie the Pooh'],[]
Don Dougherty (story),['Hercules'],[]
Don Griffith (story adaptation),"[""Mickey's Christmas Carol""]",[]
Don Hahn,"['Chimpanzee', 'Fantasia 2000']",[]
Don Hall (additional story material by),"[""The Emperor's New Groove""]",[]
Don Hall (additional story),['Brother Bear'],[]
Don Hall (screenplay by),['Meet the Robinsons'],[]
Don Hall (story by),"['Moana', 'Winnie the Pooh']",[]
Don Heck (Mantis created by),['Avengers: Endgame'],[]
Don Heck (Marvel comic book),['Iron Man 2'],[]
Don Heck (based on the Marvel comic book by),['Iron Man 3'],[]
Don Heck (characters),"['Iron Man', 'Iron Man & Hulk: Heroes United']",[]
Don McEnery (animation screenplay by),['Hercules'],[]
Don McEnery (screenplay by),"[""A Bug's Life""]",[]
Don Nelson,"['Gus', 'Herbie Goes to Monte Carlo']",[]
Don Payne (screenplay),['Thor'],[]
Don Payne (story by),['Thor: The Dark World'],[]
Don Rhymer (screenplay),['The Santa Clause 2'],[]
Don Tait,"['Herbie Goes Bananas', 'The Apple Dumpling Gang Rides Again']",[]
Don Tait (screen story),['Unidentified Flying Oddball'],[]
Don Tait (screenplay),"['Snowball Express', 'The Apple Dumpling Gang', 'The Shaggy D.A.', 'Treasure of Matecumbe', 'Unidentified Flying Oddball']",[]
Don Tait (story & screenplay),['The Castaway Cowboy'],[]
Donald C. Yost,"['Full-Court Miracle', 'Miracle in Lane 2']",[]
Donnie Long (additional story),['Home on the Range'],[]
Doreen Spicer,['Jump In!'],['The Proud Family']
Dori Pierson,['Big Business'],[]
Dorothy Ann Blank (story adaptation),['Snow White and the Seven Dwarfs'],[]
Doug Chamberlin (screenplay by),['Toy Story 2'],[]
Doug Compton (additional story),['Ice Age'],[]
Doug Frankel (additional story),"[""The Emperor's New Groove""]",[]
Doug Langdale (story),['Aladdin and the Return of Jafar'],[]
Doug Lefler (additional story contributions),['The Black Cauldron'],[]
Doug Sweetland,['Presto'],[]
Douglas Love,[],['Out of the Box']
Douglas Penn (story),['Double Teamed'],[]
Douglas Sloan,"['Johnny Tsunami', 'Motocrossed']",[]
Douglas Sloan (teleplay),['Johnny Kapahala: Back on Board'],[]
Douglas Tuber,[],['Phil of the Future']
Douglas Wood,[],['Little Einsteins']
Drew Pearce (screenplay by),['Iron Man 3'],[]
Drew Vaupen,[],"['Good Luck Charlie', 'Jessie']"
Drew Vaupen (creator),"[""Good Luck Charlie, It's Christmas!""]",[]
Duane Capizzi (story),['Aladdin and the Return of Jafar'],[]
Duncan Marjoribanks (story),['Pocahontas'],[]
Duncan Rouleau (characters),['Big Hero 6'],[]
Dyan Sheldon (book),['Confessions of a Teenage Drama Queen'],[]
"E.D. Baker (story inspired in part by ""The Frog Princess"" by)",['The Princess and the Frog'],[]
Earl Felton (screenplay),"['20,000 Leagues Under the Sea']",[]
Earl Hurd (story adaptation),['Snow White and the Seven Dwarfs'],[]
Earl Kress (story),['The Fox and the Hound'],[]
Ed Decter,"['Lizzie McGuire', 'The Santa Clause 3: The Escape Clause']",[]
Ed Decter (screenplay),"['The Santa Clause 2', 'The Wild']",[]
Ed Driscoll (punch-up writer),['The Wild'],[]
Ed Gombert (story adaptation),"[""Mickey's Christmas Carol""]",[]
Ed Gombert (story),"['Mulan', 'Pocahontas', 'The Hunchback of Notre Dame', 'The Lion King']",[]
Ed Naha (based on characters created by),"['Honey, We Shrunk Ourselves!']",[]
Ed Naha (characters),"['Honey, I Blew Up the Kid']",[]
Ed Naha (screenplay),"['Honey, I Shrunk the Kids']",[]
Ed Naha (story),"['Honey, I Shrunk the Kids']",[]
Ed Singer,"[""Empire of Dreams: The Story of the 'Star Wars' Trilogy""]",[]
Eddie Guzelian,['Life Is Ruff'],[]
Eddie Guzelian (additional screenplay material),['The Little Mermaid 2: Return to the Sea'],[]
Eddie Guzelian (interstitial narration),"[""Mickey's Once Upon a Christmas""]",[]
Eddie Guzelian (interstitials written by),['Cinderella 2: Dreams Come True'],[]
Eddie Guzelian (screenplay by),['Lilo & Stitch 2: Stitch Has a Glitch'],[]
Eddie Guzelian (screenplay),"['Cinderella 2: Dreams Come True', 'Cinderella 3: A Twist in Time']",[]
Eddie Guzelian (story),['The Tigger Movie'],[]
"Edgar Rice Burroughs (""Tarzan"" stories)",['Tarzan & Jane'],[]
"Edgar Rice Burroughs (based on the story ""A Princess of Mars"" by)",['John Carter'],[]
Edgar Wright (screenplay by),['Ant-Man'],[]
Edgar Wright (story by),['Ant-Man'],[]
Edward Kitsis,[],['TRON: Uprising']
Edward Kitsis (screenplay),['TRON: Legacy'],[]
Edward Kitsis (story),['TRON: Legacy'],[]
Edwin Chang,['Wind'],[]
Ehren Kruger (screenplay by),['Dumbo'],[]
Eldon Dedini (story),['Fun and Fancy Free'],[]
Eleanor Atkinson (story),['Greyfriars Bobby: The True Story of a Dog'],[]
Eleanor Grant,['Bizarre Dinosaurs'],[]
Eleanor H. Porter (novel),['Pollyanna'],[]
"Elena Driskill (concept for ""Death & Re-birth of the Forest"")",['Fantasia 2000'],[]
Elijah Aron,"['Recess: All Growed Down', 'Recess: Taking the Fifth Grade']",[]
Eliot Wald,['Camp Nowhere'],[]
Elise D'Haene (additional screenplay material),['The Little Mermaid 2: Return to the Sea'],[]
Elizabeth Anderson (screenplay),['The Little Mermaid 2: Return to the Sea'],[]
Elizabeth Hackett (teleplay),['Geek Charming'],[]
Ellen Weiss (novel),['The Poof Point'],[]
Elmer Plummer (story development),['Fantasia'],[]
Elmer Plummer (story),['The Three Caballeros'],[]
Emi Mochizuki,['College Road Trip'],[]
Enrico Casarosa,['La Luna'],[]
"Erdman Penner (story ""Reluctant Dragon"" sequence)",['The Reluctant Dragon'],[]
Erdman Penner (story adaptation),"['Pinocchio', 'Sleeping Beauty']",[]
Erdman Penner (story development),['Fantasia'],[]
Erdman Penner (story),"['Alice in Wonderland', 'Cinderella', 'Lady and the Tramp', 'Melody Time', 'Peter Pan', 'The Adventures of Ichabod and Mr. Toad']",[]
Eric Cleworth (story sequences),['Robin Hood'],[]
Eric Cleworth (story),"['The Aristocats', 'The Many Adventures of Winnie the Pooh']",[]
Eric Daniel (story),['Let It Shine'],[]
Eric Daniel (teleplay),['Let It Shine'],[]
Eric Friedman,[],['Crash & Bernstein']
Eric Goldberg (story),['Fantasia 2000'],[]
Eric Guggenheim,['Miracle'],[]
Eric Gurney (story),"[""Pluto's Purchase""]",[]
Eric Johnson (screenplay),['The Finest Hours'],[]
Eric Lewald,[],['X-Men: The Animated Series']
Eric M. Gardner (story),['Bad Hair Day'],[]
Eric M. Gardner (teleplay),['Bad Hair Day'],[]
Eric Pearson,['Thor: Ragnarok'],[]
Eric Tuchman,['Three Days'],[]
Eric Weiner,[],['Little Einsteins']
Erica Milsom,['Loop'],[]
Erich Kästner (book),['The Parent Trap'],[]
Erich Kästner (novel),['Emil and the Detectives'],[]
Erik Benson,['Toy Story Toons: Hawaiian Vacation'],[]
Erik Benson (story by),['The Good Dinosaur'],[]
Erik Benson (story),['Toy Story Toons: Hawaiian Vacation'],[]
Erik Tarloff (screenplay),['Cheetah'],[]
Ernest Lehman (screenplay),['The Sound of Music'],[]
Ernest Shepard (based upon the works of),['Winnie the Pooh'],[]
Ernest Terrazas (story),['The Three Caballeros'],[]
Ernestine Gilbreth Carey (novel),['Cheaper by the Dozen'],[]
Eugenia Bostwick-Singer (screenplay by),['Mulan'],[]
Evan Spiliotopoulos (additional screenplay material),"['Cinderella 3: A Twist in Time', 'The Lion King 3: Hakuna Matata']",[]
Evan Spiliotopoulos (additional written material),['The Jungle Book 2'],[]
Evan Spiliotopoulos (screenplay),"['Mickey, Donald, Goofy: The Three Musketeers', ""Pooh's Heffalump Movie"", ""The Little Mermaid: Ariel's Beginning"", 'Tinker Bell and the Lost Treasure']",[]
Evan Spiliotopoulos (story),['Tinker Bell and the Lost Treasure'],[]
"Eve Titus (based on ""Basil Of Baker Street"")",['The Great Mouse Detective'],[]
Eyal Podell (original story by),['Cars 3'],[]
Fabrice Sapolsky,[],['Ultimate Spider-Man']
Felix Salten (book),['Bambi and the Great Prince of the Forest'],[]
Felix Salten (from the story by),['Bambi'],[]
Felix Salten (novel),"['Perri', 'The Shaggy D.A.', 'The Shaggy Dog']",[]
Flip Kobler,['Beauty and the Beast: The Enchanted Christmas'],[]
Flip Kobler (additional screenplay material),"[""Lady and the Tramp 2: Scamp's Adventure""]",[]
Flip Kobler (screenplay by),['The Hunchback of Notre Dame 2: The Secret of the Bell'],[]
Flip Kobler (screenplay),"['Pocahontas II: Journey to a New World', ""The Lion King 2: Simba's Pride""]",[]
Floyd Norman (story),"['Mulan', 'The Hunchback of Notre Dame']",[]
Ford Riley,[],['The Lion Guard']
Francess Lantz (book),['Stepsister from Planet Weird'],[]
Francis Glebas (story),"['Aladdin', 'Hercules', 'Pocahontas', 'The Hunchback of Notre Dame', 'The Lion King']",[]
Francisco Angones,[],['DuckTales']
Frank B. Gilbreth Jr. (novel),['Cheaper by the Dozen'],[]
Frank Cottrell Boyce,['Millions'],[]
Frank Nissen (additional story material),['Mulan'],[]
Frank Thomas (story sequences),['Robin Hood'],[]
Frank Thomas (story),"['The Aristocats', 'The Rescuers']",[]
Frankie O'Rear (book),['Snowball Express'],[]
"Fred Gipson (based on the book ""Old Yeller"" by)",['Old Yeller'],[]
Fred Gipson (screenplay by),['Old Yeller'],[]
Fred Lucky (story),['The Rescuers'],[]
G.B. Stern (book),['The Ugly Dachshund'],[]
Gabe Sachs (screenplay),['Diary of a Wimpy Kid'],[]
Gail Parent,['Cadet Kelly'],[]
Gail Parent (screenplay),['Confessions of a Teenage Drama Queen'],[]
Galen T. Chu (additional story),['Ice Age'],[]
Gamora & Drax created by),['Avengers: Endgame'],[]
Gamora & Thanos),['Guardians of the Galaxy'],[]
Garrett Frawley,['Snowglobe'],[]
Garrett K. Schiff (story),"[""101 Dalmatians 2: Patch's London Adventure""]",[]
Garry Goodrow (screenplay),"['Honey, I Blew Up the Kid']",[]
Garry Goodrow (story),"['Honey, I Blew Up the Kid']",[]
Gary Baseman,[],"[""Teacher's Pet""]"
Gary Baseman (television series Teacher's Pet),"[""Teacher's Pet""]",[]
Gary K. Wolf (novel),['Who Framed Roger Rabbit'],[]
Gary Nadeau,['Jack'],[]
Gary Parker,"[""Sea of Hope: America's Underwater Treasures""]",[]
Gary Paulsen (book),['Snow Dogs'],[]
Gary Rydstrom,"['Lifted', 'Toy Story Toons: Hawaiian Vacation']",[]
Gary Trousdale (story by),['Atlantis: The Lost Empire'],[]
Gary Trousdale (story),"['Oliver & Company', 'The Lion King']",[]
Gary Whitta (story by),['Rogue One: A Star Wars Story'],[]
Gaëtan Brizzi (story),"['Fantasia 2000', 'The Hunchback of Notre Dame']",[]
Geefwee Boedoe (story),['The Hunchback of Notre Dame'],[]
Gene Quintano,['Operation Dumbo Drop'],[]
Gene Towne,['Swiss Family Robinson'],[]
Geneva Robertson-Dworet (screenplay by),['Captain Marvel'],[]
Geneva Robertson-Dworet (story by),['Captain Marvel'],[]
Geoff Rodkey,"[""Good Luck Charlie, It's Christmas!""]",[]
George Butler,['Roving Mars'],[]
George Butler (narration),['Roving Mars'],[]
George Evelyn,[],"[""Sheriff Callie's Wild West""]"
George Hurdalek (with the partial use of ideas by),['The Sound of Music'],[]
George Lucas,"['Star Wars: Episode IV - A New Hope', 'Star Wars: Episode III - Revenge of the Sith', 'Star Wars: Episode I - The Phantom Menace']",['Star Wars: The Clone Wars']
George Lucas (based on characters created by),"['Rogue One: A Star Wars Story', 'Star Wars: Episode VII - The Force Awakens', 'Star Wars: Episode VIII - The Last Jedi']",[]
George Lucas (screenplay by),"['Star Wars: Episode II - Attack of the Clones', 'Star Wars: Episode VI - Return of the Jedi']",[]
George Lucas (story by),"['Star Wars: Episode II - Attack of the Clones', 'Star Wars: Episode VI - Return of the Jedi', 'Star Wars: Episode V - The Empire Strikes Back', 'Willow']",[]
George Melrod (screenplay),['Valiant'],[]
George Meyer (screenplay),['The Simpsons Movie'],[]
George Scribner (additional story material),['The Lion King'],[]
George Seaton (written for the screen by),['Miracle on 34th Street'],[]
George Webster (screenplay),['Valiant'],[]
George Webster (story),['Valiant'],[]
Georgeos Díaz-Montexano (story advisor),['Atlantis Rising'],[]
Gerrit Graham (additional dialogue),['The Little Mermaid'],[]
Gerrit Graham (additional story material),['Oliver & Company'],[]
Gerrit Graham (animation screenplay),['The Prince and the Pauper'],[]
Gerry Day (screenplay by),['The Black Hole'],[]
Gill Dennis (screenplay),['Return to Oz'],[]
Gina Wendkos (screenplay),['The Princess Diaries'],[]
Gina Wendkos (story),['The Princess Diaries 2: Royal Engagement'],[]
Glen Keane (story),['Pocahontas'],[]
Glen MacDonough (operetta),['Babes in Toyland'],[]
Gordon Buford (characters created by),['Herbie Goes to Monte Carlo'],[]
Gordon Buford (characters creator),['Herbie Goes Bananas'],[]
Gordon Buford (characters),['Herbie Fully Loaded'],[]
Gordon Buford (story),"['Herbie Rides Again', 'The Love Bug']",[]
Gordon Gordon,['That Darn Cat'],[]
Gordon Gordon (book),['That Darn Cat!'],[]
Gordon Gordon (novel),['That Darn Cat'],[]
Gordon Gordon (screenplay),['That Darn Cat!'],[]
Graham Heid (story development),['Fantasia'],[]
Grant Taylor,['Earth Live'],[]
Greg Dinner (screenplay),['Shipwrecked'],[]
Greg Erb (story by),['The Princess and the Frog'],[]
Greg Weisman,[],['Gargoyles']
Gregory Allen Howard,['Remember the Titans'],[]
Gregory Gunter (creative development),['Dinosaur'],[]
Gregory K. Pincus,['Alley Cats Strike'],[]
Gregory K. Pincus (teleplay),['Quints'],[]
Gregory Poirier (additional written material),"[""The Lion King 2: Simba's Pride""]",[]
Gregory Poirier (story),['National Treasure: Book of Secrets'],[]
Gregory Poppen,['Decorating Disney: Holiday Magic'],[]
Griff Du Rhone (screenplay),['Cheetah'],[]
Guy Ritchie (screenplay by),['Aladdin'],[]
H.B. Gilmour (book),['Twitches'],[]
H.B. Gilmour (characters),['Twitches Too'],[]
"H.T. Kavanagh (suggested by ""Darby O'Gill"" stories)","[""Darby O'Gill and the Little People""]",[]
Hadley Davis (screenplay),['Ice Princess'],[]
Hadley Davis (story),['Ice Princess'],[]
Hal Adelquist,[],['The Mickey Mouse Club']
Hallie Einhorn (story),['The Ultimate Christmas Present'],[]
Hans Christian Andersen (fairy tale),['The Little Mermaid'],[]
Hans Christian Andersen (original classic fairytale),['Thumbelina'],[]
"Hans Christian Andersen (story inspired by ""The Snow Queen"" by)",['Frozen II'],[]
"Hans Christian Andersen (story inspired by: ""The Snow Queen"" by)",['Frozen'],[]
"Hardie Gramatky (story ""Little Toot"")",['Melody Time'],[]
Harland Williams,[],['Puppy Dog Pals']
Harold Pearl (novel),['Dumbo'],[]
Harris Goldberg (screenplay),"[""I'll Be Home for Christmas""]",[]
Harry Clork (screenplay),['The Reluctant Dragon'],[]
Harry Reeves,"[""Donald's Tire Trouble""]",[]
Harry Reeves (story),"['Cinderella', 'Fun and Fancy Free', 'How to Play Football', 'Melody Time', 'Saludos Amigos', 'The Adventures of Ichabod and Mr. Toad']",[]
Harvey Fierstein (book),"[""Disney's Newsies: The Broadway Musical!""]",[]
Hawk Ostby (screenplay),['Iron Man'],[]
Heath Seifert,[],['Austin & Ally']
Heather Hach (screenplay),['Freaky Friday'],[]
Helen Aberson (novel),['Dumbo'],[]
Henry Gilroy,"['Iron Man & Hulk: Heroes United', 'Star Wars: The Clone Wars']",['Guardians of the Galaxy']
Henry Gilroy (screenplay),"[""Atlantis: Milo's Return""]",[]
Herman Groves,['The Strongest Man in the World'],[]
Hervé Palud (earlier screenplay Un indien dans la ville),['Jungle 2 Jungle'],[]
Hilary Galanoy (teleplay),['Geek Charming'],[]
Hillary Carlip (additional screenplay material),['An Extremely Goofy Movie'],[]
Holly Goldberg Sloan (screenplay),"[""Whispers: An Elephant's Tale""]",[]
Holly Huckins,[],"[""Sheriff Callie's Wild West""]"
Homer Brightman (story),"['Cinderella', 'Fun and Fancy Free', 'Melody Time', 'Saludos Amigos', 'The Adventures of Ichabod and Mr. Toad', 'The Three Caballeros']",[]
Howard Ashman (additional dialogue),['The Little Mermaid'],[]
Howard Lindsay (from the stage musical book by),['The Sound of Music'],[]
Howard Mackie,[],['Ultimate Spider-Man']
Hoyt Yeatman (story),['G-Force'],[]
Hugh Benson (story),['The Castaway Cowboy'],[]
Hugh Lofting (Doctor Dolittle stories),['Dr. Dolittle 2'],[]
Hugh Lofting (stories),['Doctor Dolittle'],[]
Ian Maxtone-Graham (screenplay),['The Simpsons Movie'],[]
Irene Mecchi,['Fantasia 2000'],[]
Irene Mecchi (additional screenplay material),['The Lion King 3: Hakuna Matata'],[]
Irene Mecchi (animation screenplay by),"['Hercules', 'The Hunchback of Notre Dame']",[]
"Irene Mecchi (based on ""The Lion King"" screenplay by)",['The Lion King'],[]
Irene Mecchi (screenplay by),"['Brave', 'The Lion King']",[]
Irene Mecchi (teleplay),['Annie'],[]
J. Michael Straczynski (story),['Thor'],[]
J.J. Abrams,['Star Wars: Episode VII - The Force Awakens'],[]
J.M. Barrie (characters),['Tinker Bell'],[]
J.M. Barrie (play),"['Peter Pan', 'Peter Pan 2: Return to Never Land']",[]
J.T. Allen (additional story material),['The Lion King'],[]
Jac Schaeffer (screenplay by),"[""Olaf's Frozen Adventure""]",[]
Jack Burns,['The Muppet Movie'],[]
Jack Epps Jr. (screenplay),['Turner & Hooch'],[]
Jack Jason (story),"[""Eddie's Million Dollar Cook-Off""]",[]
Jack Kirby,[],"['Fantastic Four: The Animated Series', 'The Incredible Hulk', 'Ultimate Spider-Man', 'Avengers Assemble', 'Silver Surfer', 'Spider-Man and His Amazing Friends', 'Avengers: United They Stand']"
Jack Kirby (Captain America created by),['Avengers: Endgame'],[]
Jack Kirby (Groot created by),"['Avengers: Endgame', 'Guardians of the Galaxy Vol. 2']",[]
Jack Kirby (Marvel comic book),['Iron Man 2'],[]
Jack Kirby (based on the Marvel Comics by),['Black Panther'],[]
Jack Kirby (based on the Marvel comic book by),['Iron Man 3'],[]
Jack Kirby (based on the Marvel comics by),"['Ant-Man', 'Avengers: Age of Ultron', 'Avengers: Endgame', 'Captain America: Civil War', 'Captain America: The Winter Soldier', 'Thor: Ragnarok', 'Thor: The Dark World']",[]
Jack Kirby (character created by: Captain America),['Avengers: Age of Ultron'],[]
Jack Kirby (characters),"['Iron Man', 'Iron Man & Hulk: Heroes United']",[]
Jack Kirby (comic book),['Thor'],[]
Jack Kirby (comic books),['Captain America: The First Avenger'],[]
Jack London (novel),['White Fang'],[]
Jack M. Bickham (book),['The Apple Dumpling Gang'],[]
Jack Moffitt,['The African Lion'],[]
Jack Rose,['The Great Muppet Caper'],[]
Jack Speirs,['A Tale of Two Critters'],[]
Jack Speirs (narration),['The Bears and I'],[]
Jack Whittingham,['The Prince and the Pauper'],[]
Jackie Filgo (screenplay),['Diary of a Wimpy Kid'],[]
Jackie French Koller (book),['You Wish!'],[]
Jackie Zabel (story by),['Atlantis: The Lost Empire'],[]
"Jacob Grimm (based upon the fairy tale ""Rapunzel"" by)",['Tangled'],[]
Jacob Grimm (fairy tales),['Snow White and the Seven Dwarfs'],[]
Jacob Speirs (characters),['Burn-E'],[]
Jake Blais,[],"['Lego Star Wars: All-Stars', 'Lego Star Wars: The Freemaker Adventures']"
James Algar,"['Jungle Cat', 'Prowlers of the Everglades', 'Secrets of Life', 'The African Lion']",[]
James Algar (screenplay),"['The Incredible Journey', 'The Living Desert', 'The Vanishing Prairie']",[]
James Algar (script),"[""Nature's Half Acre"", 'The Olympic Elk']",[]
James Bobin,['Muppets Most Wanted'],[]
James Bodrero (story),['The Three Caballeros'],[]
James Bresnahan (additional story),['Ice Age'],[]
James Cameron,['Avatar'],[]
James DeMonaco,['Jack'],[]
James Fujii (story),"['Aladdin', 'The Hunchback of Notre Dame']",[]
James Gunn,"['Guardians of the Galaxy', 'Guardians of the Galaxy Vol. 2']",[]
James Krieg (teleplay),"['Den Brother', 'Frenemies']",[]
James Krieg (television story),['Frenemies'],[]
James L. Brooks,['Playdate with Destiny'],['The Simpsons']
James L. Brooks (screenplay),['The Simpsons Movie'],[]
James Manfull,['Man Among Cheetahs'],[]
James Mangold (animation screenplay),['Oliver & Company'],[]
James Morris (story),['Operation Dumbo Drop'],[]
James Orr,['Sister Act 2: Back in the Habit'],[]
James Orr (screenplay),['Three Men and a Baby'],[]
James Patrick Stoteraux (screenplay),"[""Mickey's Twice Upon a Christmas""]",[]
James Patrick Stoteraux (story),"[""Mickey's Twice Upon a Christmas""]",[]
James Robertson (story),['Purl'],[]
James Street (story),['The Biscuit Eater'],[]
James V. Hart (screenplay),"['Muppet Treasure Island', 'Tuck Everlasting']",[]
Jamie McLaughlin,[],['Coop and Cami Ask the World']
Jamie Mitchell,[],['Fancy Nancy']
Jan Pinkava,"[""Geri's Game""]",[]
Jan Pinkava (original story by),['Ratatouille'],[]
Jan Strnad,['Aladdin and the Return of Jafar'],[]
Jane Goodall (based on the writings of),['Jane'],[]
Janet Brownell (teleplay),"['12 Dates of Christmas', 'Once Upon a Mattress']",[]
Janet Tashjian (novel),['Tru Confessions'],[]
Jared Bush (screenplay by),"['Moana', 'Zootopia']",[]
Jared Bush (story by),['Zootopia'],[]
Jase Ricci,['Tangled: Before Ever After'],[]
Jase Ricci (story editor),['Tangled: Before Ever After'],[]
Jason Cosler,[],"['Lego Star Wars: All-Stars', 'Lego Star Wars: The Freemaker Adventures']"
Jason Feffer (story),"[""Richie Rich's Christmas Wish""]",[]
Jason Headley (original story by),['Onward'],[]
Jason Headley (screenplay by),['Onward'],[]
Jason Katz,['Toy Story Toons: Hawaiian Vacation'],[]
Jason Katz (original story by),['Coco'],[]
Jason Lethcoe (additional story),['Home on the Range'],[]
Jason Mayland,['How to Build a Better Boy'],[]
Jason Oremland (story by),['The Princess and the Frog'],[]
Jason Segel,['The Muppets'],[]
Jay Tarses,['The Great Muppet Caper'],[]
Jay Thompson (musical),['Once Upon a Mattress'],[]
Jay Ward (based upon characters created by),['George of the Jungle 2'],[]
Jay Ward (characters),['George of the Jungle'],[]
Jay Wolpert (characters),"[""Pirates of the Caribbean: At World's End"", ""Pirates of the Caribbean: Dead Man's Chest"", 'Pirates of the Caribbean: On Stranger Tides']",[]
Jay Wolpert (screen story),['Pirates of the Caribbean: The Curse of the Black Pearl'],[]
Jean Chalopin (characters),"['Inspector Gadget', 'Inspector Gadget 2']",[]
Jean Chalopin (screenplay),['Trail of the Panda'],[]
Jean-Louis Vandestoc,[],['Mickey Mouse Mixed-Up Adventures']
Jean-Marie Pallardy (earlier screenplay Un indien dans la ville),['Jungle 2 Jungle'],[]
Jeanne Rosenberg,"['Rip Girls', 'The Journey of Natty Gann']",[]
Jeanne Rosenberg (screen story),['The Young Black Stallion'],[]
Jeanne Rosenberg (screenplay),"['The Young Black Stallion', 'White Fang']",[]
Jeanne Rosenberg (story),['Bambi and the Great Prince of the Forest'],[]
Jeb Rosebrook (screenplay by),['The Black Hole'],[]
Jeb Rosebrook (story by),['The Black Hole'],[]
Jed Elinoff,['The Mistle-Tones'],"['Best Friends Whenever', 'Randy Cunningham: 9th Grade Ninja', ""Raven's Home""]"
Jeff 'Swampy' Marsh,['Phineas and Ferb the Movie: Across the 2nd Dimension'],"[""Milo Murphy's Law"", 'Phineas and Ferb']"
Jeff Arch,['Iron Will'],[]
Jeff Filgo (screenplay),['Diary of a Wimpy Kid'],[]
Jeff Hand (additional story material),['Brother Bear'],[]
Jeff Judah (screenplay),['Diary of a Wimpy Kid'],[]
Jeff Kinney (book),['Diary of a Wimpy Kid'],[]
Jeff Nathanson (screenplay by),['The Lion King'],[]
Jeff Pidgeon (original story by),"['Monsters, Inc.']",[]
Jeff Pidgeon (story),"['Lifted', ""Mike's New Car"", 'Your Friend the Rat']",[]
Jeff Plunkett,['Science Fair'],[]
Jeff Schechter,['Brink!'],[]
Jeff Schechter (teleplay),['The Other Me'],[]
Jeff Siergey (additional story),['Ice Age'],[]
Jeff Snow (additional story material),['Mulan'],[]
Jeff Snow (story),"['Hercules', 'The Hunchback of Notre Dame']",[]
Jeff Stockwell (screenplay by),['A Wrinkle in Time'],[]
Jeff Van Wie (screenplay),['The Last Song'],[]
Jeffrey Lieber (screenplay),['Tuck Everlasting'],[]
Jeffrey M. Howard (screenplay),['Tinker Bell'],[]
Jeffrey M. Howard (story),"['Tinker Bell', 'Tinker Bell and the Great Fairy Rescue']",[]
Jeffrey Price (screenplay),['Who Framed Roger Rabbit'],[]
Jen Small (teleplay by),['The Cheetah Girls: One World'],[]
Jennifer L. Liu,['Trail of the Panda'],[]
Jennifer Lee (screenplay by),"['A Wrinkle in Time', 'Frozen', 'Frozen II', 'Wreck-It Ralph']",[]
Jennifer Lee (story by),"['Frozen', 'Frozen II', 'Zootopia']",[]
Jenny Arata (story),['The Thirteenth Year'],[]
Jenny Arata (teleplay),['The Thirteenth Year'],[]
Jenny Daly,[],"[""Disney's Fairy Tale Weddings""]"
Jenny Tripp (additional story material),"['The Lion King', 'The Prince and the Pauper']",[]
Jenny Tripp (teleplay),"[""'Twas the Night""]",[]
Jenny Wingfield (additional written material),"[""The Lion King 2: Simba's Pride""]",[]
Jenny Wingfield (story),"[""The Little Mermaid: Ariel's Beginning""]",[]
Jeremy Evans,['Drain the Great Lakes'],[]
Jeremy Spears (story by),['Winnie the Pooh'],[]
Jerry Juhl,"['The Great Muppet Caper', 'The Muppet Movie']",[]
Jerry Juhl (screenplay),"['Muppet Treasure Island', 'The Muppet Christmas Carol']",[]
Jerry Kolber,[],['Brain Games']
Jerry Rees (additional characters),['The Brave Little Toaster to the Rescue'],[]
Jerry Spinelli (based on the novel by),['Stargirl'],[]
Jess Winfield,"['Leroy & Stitch', 'Stitch! The Movie', 'Tarzan & Jane']",[]
Jess Winfield (story),['Tarzan & Jane'],[]
Jesse Marsh (story),['Melody Time'],[]
Jessica O'Toole (television story by),['Invisible Sister'],[]
Jill Culton (original story by),"['Monsters, Inc.']",[]
Jill E. Blotevogel (screenplay),['Cinderella 2: Dreams Come True'],[]
Jim Bernstein (screenplay),"[""Mickey's Twice Upon a Christmas""]",[]
Jim Capobianco,['Your Friend the Rat'],[]
Jim Capobianco (original story by),['Ratatouille'],[]
Jim Capobianco (story),"['The Hunchback of Notre Dame', 'The Lion King']",[]
Jim Cash (screenplay),['Turner & Hooch'],[]
Jim Cox (animation screenplay by),['The Rescuers Down Under'],[]
Jim Cox (animation screenplay),['Oliver & Company'],[]
Jim Cruickshank,['Sister Act 2: Back in the Habit'],[]
Jim Cruickshank (screenplay),['Three Men and a Baby'],[]
Jim Geoghan,[],"['The Suite Life of Zack & Cody', 'The Suite Life on Deck']"
Jim Geoghan (characters),['The Suite Life Movie'],[]
Jim Hecht,['Ice Age: The Great Egg-Scapade'],[]
Jim Henson (based on),"['Muppets Most Wanted', 'The Muppets']",[]
Jim Herzfeld,['Meet the Deedles'],[]
Jim Herzfeld (teleplay),"[""The Jungle Book: Mowgli's Story""]",[]
Jim Jinkins (creator),"[""Doug's 1st Movie""]",[]
Jim Kammerud (screenplay),"[""101 Dalmatians 2: Patch's London Adventure""]",[]
Jim Kammerud (story),"[""101 Dalmatians 2: Patch's London Adventure""]",[]
Jim Kouf,['Operation Dumbo Drop'],[]
Jim Kouf (characters),['National Treasure: Book of Secrets'],[]
Jim Kouf (screenplay),"['National Treasure', 'Snow Dogs']",[]
Jim Kouf (story),['National Treasure'],[]
Jim Lincoln (story),"[""'Twas the Night""]",[]
Jim Lincoln (teleplay),"['Genius', ""'Twas the Night""]",[]
Jim Mitchell (story),['Oliver & Company'],[]
Jim O'Doherty,[],"[""Kickin' It""]"
Jim Parker (screenplay),['Snowball Express'],[]
Jim Peronto (screenplay),"[""Mickey's Twice Upon a Christmas""]",[]
Jim Peterson,['Tarzan & Jane'],[]
Jim Reardon (screenplay by),['WALL·E'],[]
Jim Reardon (story by),"['Wreck-It Ralph', 'Zootopia']",[]
Jim Starlin,[],['Ultimate Spider-Man']
Jim Starlin (Gamora and Drax created by),['Guardians of the Galaxy Vol. 2'],[]
Jim Starlin (Thanos,['Avengers: Endgame'],[]
Jim Starlin (character created by: Thanos),['Avengers: Age of Ultron'],[]
Jim Starlin (characters created by: Drax the Destroyer,['Guardians of the Galaxy'],[]
Jim Story (additional story),['Brother Bear'],[]
Joan Singleton (screenplay),['Because of Winn-Dixie'],[]
Jobim Sampson,"['Drain the Bermuda Triangle', 'Drain the Titanic']",[]
Jodi Ann Johnson (additional story material),['Mulan'],[]
Joe Aaron (original characters),"[""Doug's 1st Movie""]",[]
Joe Ansolabehere,[],['Recess']
Joe Ansolabehere (screenplay),['Tinker Bell and the Great Fairy Rescue'],[]
Joe Ansolabehere (story),"[""Recess: School's Out""]",[]
Joe Ansolabehere (television series Recess),"[""Recess: School's Out""]",[]
Joe Brumm,[],['Bluey']
Joe Camp,['Benji the Hunted'],[]
Joe Cornish (screenplay by),['Ant-Man'],[]
Joe Cornish (story by),['Ant-Man'],[]
Joe Ekers (additional story material),['Mulan'],[]
Joe Grant (original concept),['Fantasia 2000'],[]
"Joe Grant (story ""Baby Weems"" sequence)",['The Reluctant Dragon'],[]
Joe Grant (story direction),['Fantasia'],[]
Joe Grant (story),"['Alice in Wonderland', 'Mulan', 'Pocahontas', 'Saludos Amigos']",[]
Joe Hale (story),['The Black Cauldron'],[]
Joe Orrantia (additional material),['Phineas and Ferb the Movie: Across the 2nd Dimension'],[]
Joe Ranft (additional characters),['The Brave Little Toaster to the Rescue'],[]
Joe Ranft (animation screenplay by),['The Rescuers Down Under'],[]
Joe Ranft (original story by),"[""A Bug's Life"", 'Cars', 'Toy Story']",[]
Joe Ranft (original story),['Mater and the Ghostlight'],[]
Joe Ranft (screenplay by),['Cars'],[]
Joe Ranft (story by),['Beauty and the Beast'],[]
Joe Ranft (story supervisor),['The Rescuers Down Under'],[]
Joe Ranft (story),"['Oliver & Company', 'The Lion King']",[]
Joe Rinaldi (additional story),['Sleeping Beauty'],[]
Joe Rinaldi (screenplay),['Babes in Toyland'],[]
Joe Rinaldi (story),"['Alice in Wonderland', 'Cinderella', 'Lady and the Tramp', 'Melody Time', 'Peter Pan', 'The Adventures of Ichabod and Mr. Toad']",[]
Joe Robert Cole,['Black Panther'],[]
Joe Simon,[],"['Ultimate Spider-Man', 'Avengers Assemble']"
Joe Simon (Captain America created by),['Avengers: Endgame'],[]
Joe Simon (based on the Marvel comics by),"['Captain America: Civil War', 'Captain America: The Winter Soldier']",[]
Joe Simon (character created by: Captain America),['Avengers: Age of Ultron'],[]
Joe Simon (comic books),['Captain America: The First Avenger'],[]
Joel Cohen (screenplay by),['Toy Story'],[]
Joel Cohen (screenplay),['Cheaper by the Dozen'],[]
Joel H. Cohen (consultant writer),['The Simpsons Movie'],[]
Joel Hodgson,"['Honey, We Shrunk Ourselves!']",[]
Joel Kauffmann,"['Full-Court Miracle', 'Miracle in Lane 2']",[]
Joel Silverman,['Full-Court Miracle'],[]
Johann David Wyss (novel),['Swiss Family Robinson'],[]
John August (screenplay by),['Aladdin'],[]
John August (screenplay),['Frankenweenie'],[]
John B. Holway (book),['Red Tails'],[]
John Behnke,['Tarzan & Jane'],[]
John Cotter (screen story),['Cheetah'],[]
John Cotter (screenplay),['Cheetah'],[]
John Doolittle (additional written material),['A Goofy Movie'],[]
John Frink (consultant writer),['The Simpsons Movie'],[]
John Harrison (screenplay),['Dinosaur'],[]
John Harrison (story),['Dinosaur'],[]
John Hench (story),['Destino'],[]
John Hughes,['Home Alone 3'],[]
John Hughes (screenplay),"['101 Dalmatians', 'Flubber']",[]
John J. Strauss,"['Lizzie McGuire', 'The Santa Clause 3: The Escape Clause']",[]
John J. Strauss (screenplay),"['The Santa Clause 2', 'The Wild']",[]
John Killoran (teleplay),['Minutemen'],[]
John Knoll (story by),['Rogue One: A Star Wars Story'],[]
John L. Greene (television series My Favorite Martian),['My Favorite Martian'],[]
John Lasseter,"[""Red's Dream""]",[]
John Lasseter (original story by),"[""A Bug's Life"", 'Cars', 'Cars 2', 'Toy Story', 'Toy Story 2', 'Toy Story 4']",[]
John Lasseter (original story),['Mater and the Ghostlight'],[]
John Lasseter (screenplay by),['Cars'],[]
John Lasseter (story by),['Toy Story 3'],[]
John Lasseter (story),"['Tokyo Mater', 'Tin Toy', 'Toy Story Toons: Small Fry']",[]
John McCormack,[],['Lego Star Wars: The Freemaker Adventures']
John McLeish (story development and research),['Fantasia'],[]
John Meredyth Lucas (screenplay),['The Sign of Zorro'],[]
John Michael Hayes,['Iron Will'],[]
John Musker,['The Little Mermaid'],[]
John Musker (additional story contributions),['The Black Cauldron'],[]
John Musker (animated film written by),['The Little Mermaid Live!'],[]
John Musker (animation screenplay by),['Hercules'],[]
John Musker (animation story by),['Treasure Planet'],[]
John Musker (screenplay by),"['Aladdin', 'The Princess and the Frog', 'Treasure Planet']",[]
John Musker (story adapted by),['The Great Mouse Detective'],[]
John Musker (story by),"['Moana', 'The Princess and the Frog']",[]
John Norton (additional story material by),"[""The Emperor's New Groove""]",[]
John Norton (story),['Brother Bear'],[]
John O'Rear (book),['Snowball Express'],[]
"John P. Miller (story ""Baby Weems"" sequence)",['The Reluctant Dragon'],[]
John Patrick White (screenplay),['The Proud Family Movie'],[]
John Puglisi (story),['Brother Bear'],[]
John Ramirez (story),['Hercules'],[]
John Ridley (screenplay),['Red Tails'],[]
John Ridley (story),['Red Tails'],[]
John Rieck (story),['Genius'],[]
John Rieck (teleplay),['Genius'],[]
John Roach,['The Straight Story'],[]
John Sanford,['Home on the Range'],[]
John Sanford (story),"['Home on the Range', 'Mulan', 'The Hunchback of Notre Dame']",[]
John Swartzwelder (screenplay),['The Simpsons Movie'],[]
John Truby (narration written by),['African Cats'],[]
John Walbridge (story),"['Alice in Wonderland', 'Melody Time']",[]
John Whedon (screenplay),['The Bears and I'],[]
John Wierick,['Ready to Run'],[]
John Wierick (story),['Double Teamed'],[]
John Wierick (teleplay),['Double Teamed'],[]
Johnston McCulley (novel),['The Sign of Zorro'],[]
Jon Bernstein (screenplay by),['Meet the Robinsons'],[]
Jon Colton Barry,['Phineas and Ferb the Movie: Across the 2nd Dimension'],[]
Jon Cooksey,"[""Halloweentown II: Kalabar's Revenge""]",[]
Jon Cooksey (teleplay),['Halloweentown'],[]
Jon Favreau,[],['The Mandalorian']
Jon Long,['Sacred Planet'],[]
Jon Spaihts,['Doctor Strange'],[]
Jon Vitti (screenplay),['The Simpsons Movie'],[]
Jonathan Cuba (additional written material),"[""The Lion King 2: Simba's Pride""]",[]
Jonathan Greenberg (screenplay),"[""Recess: School's Out""]",[]
Jonathan Greenberg (story),"[""Recess: School's Out""]",[]
Jonathan Hales (screenplay by),['Star Wars: Episode II - Attack of the Clones'],[]
Jonathan Langager,['Under the Sea: A Descendants Story'],[]
Jonathan Roberts (additional story material),['Dinosaur'],[]
Jonathan Roberts (animation screenplay by),['The Hunchback of Notre Dame'],[]
"Jonathan Roberts (based on ""The Lion King"" screenplay by)",['The Lion King'],[]
Jonathan Roberts (screenplay by),['The Lion King'],[]
Jonathan Roberts (screenplay),['James and the Giant Peach'],[]
Jonathan Rosenthal (segment),['Recess: All Growed Down'],[]
Jonathan Schroder,[],['The Incredible Dr. Pol']
Jonathon E. Stewart (original story by),['Cars 3'],[]
Jordan Horowitz (screenplay by),['Stargirl'],[]
Jordan Kandell (story by),['Moana'],[]
Jordan Katz (screenplay),['Valiant'],[]
Jordan Moffet,['George of the Jungle 2'],[]
Jordan Moffet (screenplay),"[""Whispers: An Elephant's Tale""]",[]
Jordan Roberts (screenplay by),['Big Hero 6'],[]
Jordana Arkin,[],['Star vs. the Forces of Evil']
Jorge Edelstein,[],['Soy Luna']
Jorgen Klubien (additional story development),['Pocahontas'],[]
Jorgen Klubien (additional story material),['Mulan'],[]
Jorgen Klubien (original story by),['Cars'],[]
Jorgen Klubien (screenplay by),['Cars'],[]
Jorgen Klubien (story),['The Lion King'],[]
Josann McGibbon,"['Descendants 2', 'Descendants 3', 'Descendants']",[]
Josann McGibbon (story),['Three Men and a Little Lady'],[]
Jose Rivera (teleplay),"[""The Jungle Book: Mowgli's Story""]",[]
Joseph L. McEveety,"['The Computer Wore Tennis Shoes', 'The Strongest Man in the World']",[]
Joseph Mateo (screenplay by),['Meet the Robinsons'],[]
Joseph Raso,['Z-O-M-B-I-E-S'],[]
Joseph Raso (based on 'Zombies & Cheerleaders' written by),['Z-O-M-B-I-E-S'],[]
Joseph Sabo (story adaptation),['Pinocchio'],[]
Joseph Sabo (story development),['Fantasia'],[]
Joseph Stanton (developed by),['How Dogs Got Their Shapes'],[]
Josh A. Cagan,['Kim Possible'],[]
Josh A. Cagan (script),['Kim Possible'],[]
Josh Cooley (original story by),['Toy Story 4'],[]
Josh Cooley (screenplay by),['Inside Out'],[]
Josh Cooley (story editor),['Toy Story Toons: Small Fry'],[]
Josh Lehrman,[],['Bizaardvark']
Josh Rimes,[],['Lego Star Wars: All-Stars']
Josh Schwartz,[],['Runaways']
Josh Silverstein,[],"[""I Didn't Do It""]"
Josie Trinidad (story by),['Zootopia'],[]
Joss Whedon,['Avengers: Age of Ultron'],[]
Joss Whedon (screenplay by),['Toy Story'],[]
Joss Whedon (screenplay),['The Avengers'],[]
Joss Whedon (story by),['Atlantis: The Lost Empire'],[]
Joss Whedon (story),['The Avengers'],[]
Judd Apatow,['Heavyweights'],[]
Judi Ann Mason,['Sister Act 2: Back in the Habit'],[]
Jule Selbo (screenplay by),['The Hunchback of Notre Dame 2: The Secret of the Bell'],[]
Jule Selbo (screenplay),['Cinderella 2: Dreams Come True'],[]
Jule Selbo (story),"[""The Little Mermaid: Ariel's Beginning""]",[]
Jules Verne (novel),"['Around the World in 80 Days', 'Journey to the Center of the Earth']",[]
Julia DeVillers (book),['Read It and Weep'],[]
Julia Hart (screenplay by),['Stargirl'],[]
Julie Brown,['Camp Rock'],[]
Julie Brown (characters),['Camp Rock 2: The Final Jam'],[]
Julie Hickson,['Homeward Bound II: Lost in San Francisco'],[]
Julie Sherman Wolfe (teleplay),['Avalon High'],[]
Juliet Giglio (teleplay),['Return to Halloweentown'],[]
Julius Aguimatang (story),['Mulan'],[]
Julius Svendsen (story sequences),['Robin Hood'],[]
Julius Svendsen (story),"['The Aristocats', 'The Many Adventures of Winnie the Pooh']",[]
Jun Falkenstein (screenplay),['The Tigger Movie'],[]
Justin Theroux (screenplay),['Iron Man 2'],[]
Justin Ware,['Cloud 9'],[]
Justin Wright (story),['Presto'],[]
Jymn Magon,[],['DuckTales']
Jymn Magon (screenplay),['A Goofy Movie'],[]
Jymn Magon (story),['A Goofy Movie'],[]
Kaan Kalyon (story),"['Hercules', 'Pocahontas']",[]
Karen Fernandez Long,['Sacred Planet'],[]
Karen McCullah,['10 Things I Hate About You'],[]
Karey Kirkpatrick,"['Honey, We Shrunk Ourselves!']",[]
Karey Kirkpatrick (animation screenplay by),['The Rescuers Down Under'],[]
Karey Kirkpatrick (screenplay),['James and the Giant Peach'],[]
Kari Granlund,['Lady and the Tramp'],[]
Karin Gist,"['Camp Rock', 'Camp Rock 2: The Final Jam', 'Jump In!']",[]
Karin Gist (characters),['Camp Rock 2: The Final Jam'],[]
Karl Geurs,"['Beauty and the Beast: The Enchanted Christmas', 'Winnie the Pooh: A Very Merry Pooh Year']",[]
Karl Geurs (screenplay by),['The Jungle Book 2'],[]
Karl Geurs (screenplay),"[""Pooh's Grand Adventure: The Search for Christopher Robin""]",[]
Kate DiCamillo (novel),['Because of Winn-Dixie'],[]
Kate Kondell (narration consultant),['Monkey Kingdom'],[]
Kathryn McCullough (story and teleplay),['Teen Spirit'],[]
Kathryn Price (screenplay),['The Game Plan'],[]
Kathryn Price (story),['The Game Plan'],[]
Kathy Mackel (based on the book by),['Can of Worms'],[]
Kathy Mackel (teleplay),['Can of Worms'],[]
Katie Wech,['Prom'],[]
Kaz (additional material),['Phineas and Ferb the Movie: Across the 2nd Dimension'],[]
Keith Baxter (additional story),['Home on the Range'],[]
Keith Bunin (original story by),['Onward'],[]
Keith Bunin (screenplay by),['Onward'],[]
Keith Giffen (Rocket Raccoon created by),"['Avengers: Endgame', 'Guardians of the Galaxy Vol. 2']",[]
Keith Giffen (character created by: Rocket Raccoon),['Guardians of the Galaxy'],[]
Keith Giglio (teleplay),['Return to Halloweentown'],[]
Keith Haskel,['How Dogs Got Their Shapes'],[]
Keith Malone,[],"['Lego Star Wars: All-Stars', 'Lego Star Wars: The Freemaker Adventures']"
Keith Mitchell,['The Sandlot: Heading Home'],[]
Keith Scholey (narration written by),['African Cats'],[]
Keith Scholey (original story),['African Cats'],[]
Kelly Asbury (story by),['Beauty and the Beast'],[]
Kelly Marcel,['Saving Mr. Banks'],[]
Kelly Senecal (teleplay),['The Thirteenth Year'],[]
Kelly Wightman (story),"['Hercules', 'The Hunchback of Notre Dame']",[]
Kelsey Mann,['Party Central'],[]
Kelsey Mann (story by),['The Good Dinosaur'],[]
Ken Anderson (based on: character and story conceptions by),['Robin Hood'],[]
Ken Anderson (story sequences),['Robin Hood'],[]
Ken Anderson (story),"['Cinderella', 'Melody Time', 'The Aristocats', 'The Jungle Book', 'The Many Adventures of Winnie the Pooh', 'The Rescuers']",[]
Ken Daurio,['College Road Trip'],[]
Ken Daurio (screenplay),['The Santa Clause 2'],[]
Ken Scarborough,"[""Doug's 1st Movie""]",[]
Kendelle Hoyer (story by),['Winnie the Pooh'],[]
Kenneth Grahame (based on the story by),['The Reluctant Dragon'],[]
"Kenneth Grahame (story ""The Wind in the Willows"")",['The Adventures of Ichabod and Mr. Toad'],[]
Kerry Ehrin (screenplay),['Inspector Gadget'],[]
Kerry Ehrin (story),['Inspector Gadget'],[]
Kevin Campbell,['Aladdin and the Return of Jafar'],[]
Kevin Deters (story),['Brother Bear'],[]
Kevin Harkey (story by),['Beauty and the Beast'],[]
Kevin Harkey (story),"['Aladdin', 'Brother Bear', 'The Hunchback of Notre Dame', 'The Lion King']",[]
Kevin Hopps (screenplay),"[""Atlantis: Milo's Return""]",[]
Kevin Kopelow,[],['Austin & Ally']
Kevin Lima (story),"['Aladdin', 'Oliver & Company']",[]
Kiel Murray (screenplay by),"['Cars', 'Cars 3']",[]
Kim Roberson (additional material),['Phineas and Ferb the Movie: Across the 2nd Dimension'],[]
Kiri Hart,[],['Star Wars Resistance']
Kirk Hanson (story),"['Aladdin', 'Hercules', 'The Hunchback of Notre Dame']",[]
Kirk R. Thatcher (screenplay),['Muppet Treasure Island'],[]
Kirk Wise (additional story material),['The Lion King'],[]
Kirk Wise (story by),['Atlantis: The Lost Empire'],[]
Kirk Wise (story),['Oliver & Company'],[]
Kirsten Smith,['10 Things I Hate About You'],[]
Klay Hall (story),['Tinker Bell and the Lost Treasure'],[]
Koreyoshi Kurahara (film Nankyoku Monogatari),['Eight Below'],[]
Krista Tucker,[],['Fancy Nancy']
Kristen Anderson-Lopez (story by),['Frozen II'],[]
Kristen Buckley (screenplay),['102 Dalmatians'],[]
Kristen Buckley (story),['102 Dalmatians'],[]
Kristen Lester,['Purl'],[]
Kristen Lester (story),['Purl'],[]
Kristin Hahn (screenplay by),['Stargirl'],[]
Kyle Menke (additional material),['Phineas and Ferb the Movie: Across the 2nd Dimension'],[]
Kyle Stegina,[],['Bizaardvark']
L. Frank Baum (novels),['Return to Oz'],[]
Lance Nolley (story),['Fun and Fancy Free'],[]
Larry Brody,[],['Silver Surfer']
Larry Clemmons (screenplay),['The Reluctant Dragon'],[]
Larry Clemmons (story),"['Robin Hood', 'The Aristocats', 'The Fox and the Hound', 'The Jungle Book', 'The Many Adventures of Winnie the Pooh', 'The Rescuers']",[]
Larry Karaszewski (screenplay),['That Darn Cat'],[]
Larry Lansburgh Jr. (story by),['Hacksaw'],[]
Larry Leker (story),"['Aladdin', 'The Lion King']",[]
Larry Levin,['Dr. Dolittle 2'],[]
Larry Levin (screenplay),['Doctor Dolittle'],[]
Larry Lieber,[],['Iron Man']
Larry Lieber (Groot created by),"['Avengers: Endgame', 'Guardians of the Galaxy Vol. 2']",[]
Larry Lieber (Marvel comic book),['Iron Man 2'],[]
Larry Lieber (based on the Marvel comic book by),['Iron Man 3'],[]
Larry Lieber (based on the Marvel comics by),"['Ant-Man', 'Thor: Ragnarok', 'Thor: The Dark World']",[]
Larry Lieber (characters),"['Iron Man', 'Iron Man & Hulk: Heroes United']",[]
Larry Lieber (comic book),['Thor'],[]
Larry Morey (story adaptation),['Bambi'],[]
Larry Scholl (additional story material),['Mulan'],[]
Laura Shields,['Marvel 75 Years: From Pulp to Pop!'],[]
Laurie Nolan (story),['Going to the Mat'],[]
Laurie Nolan (teleplay),['Going to the Mat'],[]
Lawrence Edward Watkin,"[""Darby O'Gill and the Little People"", 'The Biscuit Eater']",[]
Lawrence Edward Watkin (screenplay),"['The Story of Robin Hood and His Merrie Men', 'Treasure Island']",[]
Lawrence Kasdan,['Star Wars: Episode VII - The Force Awakens'],[]
Lawrence Kasdan (screenplay by),"['Star Wars: Episode VI - Return of the Jedi', 'Star Wars: Episode V - The Empire Strikes Back']",[]
Lawrence Konner (screenplay),['Mighty Joe Young'],[]
Lee Blair (story development),['Fantasia'],[]
Lee Sternthal (story),['TRON: Legacy'],[]
Lee Unkrich (original story by),['Coco'],[]
Lee Unkrich (story by),['Toy Story 3'],[]
Leigh Brackett (screenplay by),['Star Wars: Episode V - The Empire Strikes Back'],[]
Leland Chee,[],"['Lego Star Wars: All-Stars', 'Lego Star Wars: The Freemaker Adventures']"
Leo Benvenuti,['The Santa Clause'],[]
Leo Benvenuti (characters),"['The Santa Clause 2', 'The Santa Clause 3: The Escape Clause']",[]
Leo Benvenuti (story),['The Santa Clause 2'],[]
Leo Salkin (story),"[""Pluto's Party""]",[]
Leo Thiele (story development and research),['Fantasia'],[]
Leon Joosen (story),['Oliver & Company'],[]
Leonard Ripps,['Frankenweenie'],[]
Leonard Ripps (screenplay),['Frankenweenie'],[]
Leslie Dixon (screenplay),['Freaky Friday'],[]
"Leslie Margolis (based on the novel ""Boys Are Dogs"" by)",['Zapped'],[]
Lewis Carroll (adaptation),['Alice in Wonderland'],[]
Lewis Carroll (books),['Alice in Wonderland'],[]
Lewis Friedman,['Earth Live'],[]
Lillie Hayward (screenplay),['The Shaggy Dog'],[]
Linda Videtti Figueiredo,[],['Stuck in the Middle']
Linda Voorhees (additional written material),"[""The Lion King 2: Simba's Pride""]",[]
Linda Woolverton (additional story material),['Mulan'],[]
Linda Woolverton (animation screenplay by),['Beauty and the Beast'],[]
"Linda Woolverton (based on ""The Lion King"" screenplay by)",['The Lion King'],[]
Linda Woolverton (screenplay by),['The Lion King'],[]
Linda Woolverton (screenplay),"['Alice in Wonderland', 'Homeward Bound: The Incredible Journey']",[]
Lindsay Naythons (story),"[""Mom's Got a Date with a Vampire""]",[]
Lloyd Alexander (novel),['The Black Cauldron'],[]
Lloyd Taylor (additional story material),['The Wild'],[]
Lorna Cook (story),"['Mulan', 'The Lion King']",[]
Lorne Cameron (screenplay by),['Brother Bear'],[]
Louie Schwartzberg (story),['Disneynature: Wings of Life'],[]
Louis Pelletier (screenplay),['Those Calloways'],[]
Louis Sachar (novel),['Holes'],[]
Louis Sachar (screenplay),['Holes'],[]
Lowell Ganz (screenplay by),['Splash'],[]
Lowell S. Hawley (screenplay),"['Babes in Toyland', 'Swiss Family Robinson', 'The Adventures of Bullwhip Griffin', 'The Sign of Zorro']",[]
Lydia Look,['Wendy Wu: Homecoming Warrior'],[]
Lynn Siefert (screenplay),['Cool Runnings'],[]
Lynn Siefert (story),['Cool Runnings'],[]
Madeleine L'Engle (based upon the novel by),['A Wrinkle in Time'],[]
Madeleine L'Engle (novel),['A Ring of Endless Light'],[]
Mae Catt,['Marvel Rising: Battle of the Bands'],[]
Mairghread Scott,"['Marvel Rising: Chasing Ghosts', 'Marvel Rising: Secret Warriors']",[]
Malcolm Marmorstein,['Return from Witch Mountain'],[]
Malcolm Marmorstein (based on a screenplay by),"[""Pete's Dragon""]",[]
Malcolm Marmorstein (screenplay),"[""Pete's Dragon""]",[]
Man of Action (Big Hero 6 team and characters created by),['Big Hero 6'],[]
Marc Lawrence,['Life with Mikey'],[]
Marc Lawrence (script),['Noelle'],[]
Marc Reid Rubel,['Big Business'],[]
Marc Smith (story by),['Frozen II'],[]
Marc Warren,['The Even Stevens Movie'],[]
Margaret Dunlap,['Marvel Rising: Heart of Iron'],[]
Margaret Heidenry (screenplay),['Cinderella 3: A Twist in Time'],[]
Margaret Loesch,[],['X-Men: The Animated Series']
"Margery Sharp (suggested by ""The Rescuers"" and ""Miss Bianca"" by)",['The Rescuers'],[]
Margery Sharp (suggested by characters created by),['The Rescuers Down Under'],[]
Marguerite Henry (novel),['Justin Morgan Had a Horse'],[]
Marianne Wibberley (screenplay),"['G-Force', 'National Treasure', 'National Treasure: Book of Secrets']",[]
Marianne Wibberley (story),['National Treasure: Book of Secrets'],[]
Marie Severin,[],['Spider-Woman']
Marilyn Sadler,[],['Handy Manny']
Marilyn Sadler (book),"['Zenon: Girl of the 21st Century', 'Zenon: The Zequel']",[]
"Marilyn Sadler (character from the book ""Zenon: Girl of the Twenty First Century"")",['Zenon: Z3'],[]
Marita Giovanni (teleplay),['A Ring of Endless Light'],[]
Marjorie Schwartz Nielsen,['Buffalo Dreams'],[]
Mark Andrews,['One Man Band'],[]
Mark Andrews (screenplay by),"['Brave', 'John Carter']",[]
Mark Andrews (story),['Jack-Jack Attack'],[]
Mark Dindal,[],"[""The Emperor's New School""]"
Mark Dindal (story by),"['Chicken Little', ""The Emperor's New Groove""]",[]
Mark Drop (segment),['Recess: All Growed Down'],[]
Mark Edward Edens,"[""Don't Look Under the Bed""]",['X-Men: The Animated Series']
Mark Edward Edens (teleplay),['The Luck of the Irish'],[]
Mark Fergus (screenplay),['Iron Man'],[]
Mark Frost (book),['The Greatest Game Ever Played'],[]
Mark Frost (screenplay),['The Greatest Game Ever Played'],[]
Mark Furey (screenplay),"[""Richie Rich's Christmas Wish""]",[]
Mark Gibson (screenplay),"['Snow Dogs', 'The Wild']",[]
Mark Gibson (story),['The Wild'],[]
Mark H. Baker (story),['Flight of the Navigator'],[]
Mark Kausler (story),['The Lion King'],[]
Mark Kennedy (additional story),"[""The Emperor's New Groove""]",[]
Mark Kennedy (story by),['Chicken Little'],[]
Mark Kennedy (story),"['Hercules', 'Home on the Range']",[]
Mark Landry (based on characters created by),['Teen Beach 2'],[]
Mark Landry (story by),['Teen Beach Movie'],[]
Mark Landry (teleplay by),['Teen Beach Movie'],[]
Mark Linfield,"['Chimpanzee', 'Monkey Kingdom']",[]
Mark Linfield (original concept),['Chimpanzee'],[]
Mark McCorkle,"['Kim Possible', 'Kim Possible: So the Drama']","['Big Hero 6: The Series', 'Kim Possible']"
Mark McCorkle (additional written material),"[""The Lion King 2: Simba's Pride""]",[]
Mark McCorkle (characters),['Kim Possible'],[]
Mark McCorkle (screenplay by),['Aladdin and the King of Thieves'],[]
Mark McCorkle (script),['Kim Possible'],[]
Mark McCorkle (story),['Aladdin and the Return of Jafar'],[]
Mark Monroe,['Before the Flood'],[]
Mark Perez,['The Country Bears'],[]
Mark Perez (story),['Herbie Fully Loaded'],[]
Mark Peter Hughes (novel),['Lemonade Mouth'],[]
Mark Protosevich (story),['Thor'],[]
Mark Reisman,[],['Sydney to the Max']
Mark Rosenthal (screenplay),['Mighty Joe Young'],[]
Mark Twain (from the story by),['The Prince and the Pauper'],[]
Mark Twain (novel),"['The Adventures of Huck Finn', 'The Prince and the Pauper', 'Tom and Huck', 'Unidentified Flying Oddball']",[]
Mark Walton (additional story),"[""The Emperor's New Groove""]",[]
Mark Zaslove,['Winnie the Pooh: A Very Merry Pooh Year'],[]
Marshall Barer (musical),['Once Upon a Mattress'],[]
Martin Charnin (lyrics),['Annie'],[]
Martin Hynes (original story by),['Toy Story 4'],[]
Marty Isenberg,[],['Guardians of the Galaxy']
Marty Isenberg (screenplay),"[""Atlantis: Milo's Return""]",[]
Mary C. Ryan (book),['The Other Me'],[]
Mary Norton (book),['Bedknobs and Broomsticks'],[]
Mary Rodgers (based on a children's book by),['Freaky Friday'],[]
Mary Rodgers (book),['Freaky Friday'],[]
Mary Rodgers (musical),['Once Upon a Mattress'],[]
Mary Rodgers (novel),['Freaky Friday'],[]
Mary Rodgers (screenplay),['Freaky Friday'],[]
Mary Sweeney,['The Straight Story'],[]
Matt Braly,[],['Amphibia']
Matt Dearborn,[],['Even Stevens']
Matt Dearborn (story),['Cow Belles'],[]
Matt Dearborn (teleplay),['Cow Belles'],[]
Matt Eddy (teleplay by),"['Invisible Sister', 'Teen Beach 2']",[]
Matt Eddy (teleplay),"['Bad Hair Day', 'Zapped']",[]
Matt Eddy (television story by),['Invisible Sister'],[]
Matt Groening,['Playdate with Destiny'],['The Simpsons']
Matt Groening (screenplay),['The Simpsons Movie'],[]
Matt Holloway (screenplay),['Iron Man'],[]
Matt Lopez (additional story material),['The Wild'],[]
Matt Lopez (screenplay),['Bedtime Stories'],[]
Matt Lopez (story),['Bedtime Stories'],[]
Matt Selman,['Playdate with Destiny'],[]
Matt Selman (screenplay),['The Simpsons Movie'],[]
Matt Youngberg,[],['DuckTales']
Matthew Aldrich (original story by),['Coco'],[]
Matthew Aldrich (screenplay by),['Coco'],[]
Matthew Jacobs (based on an original story by),"[""The Emperor's New Groove""]",[]
Matthew O'Callaghan (screenplay),"[""Mickey's Twice Upon a Christmas""]",[]
Matthew O'Callaghan (story adapted by),['The Great Mouse Detective'],[]
Matthew O'Callaghan (story),"[""Mickey's Twice Upon a Christmas""]",[]
Matthew Weisman (story),['Quints'],[]
Matthew Weisman (teleplay),['Quints'],[]
Matthias De Clercq (story by),['Loop'],[]
Max Enscoe (teleplay),"['Johnny Kapahala: Back on Board', 'Return to Halloweentown']",[]
Max Pross,['Playdate with Destiny'],[]
Max Salomon (script writer),['Drain the Titanic'],[]
Maxwell Brace IV (story),['Lifted'],[]
Meg Cabot (characters),['The Princess Diaries 2: Royal Engagement'],[]
Meg Cabot (novel),"['Avalon High', 'The Princess Diaries']",[]
Meg Cabot (story),['Ice Princess'],[]
Meg LeFauve (screenplay by),"['Inside Out', 'The Good Dinosaur']",[]
Meg LeFauve (story by),"['Captain Marvel', 'The Good Dinosaur']",[]
Meghan Cole (story),['Gotta Kick It Up!'],[]
Mel Friedman (novel),['The Poof Point'],[]
Mel Shaw (additional story contributions),['The Black Cauldron'],[]
Mel Shaw (story adapted by),['The Great Mouse Detective'],[]
Mel Shaw (story development),['Bambi'],[]
Melanie Finn,['The Crimson Wing: Mystery of the Flamingos'],[]
Melissa Gould (teleplay),['Twitches'],[]
Melissa Mathison (screenplay by),['The BFG'],[]
Merian C. Cooper (story),['Mighty Joe Young'],[]
Merrill De Maris (story adaptation),['Snow White and the Seven Dwarfs'],[]
Michael Allin (story),"[""I'll Be Home for Christmas""]",[]
Michael Arndt,['Star Wars: Episode VII - The Force Awakens'],[]
Michael Arndt (additional story material by),['Inside Out'],[]
Michael Arndt (screenplay by),['Toy Story 3'],[]
Michael Berg (screenplay by),['Ice Age'],[]
Michael Blodgett (screenplay),['Turner & Hooch'],[]
Michael Blodgett (story),['Turner & Hooch'],[]
Michael Burton (screenplay),['Flight of the Navigator'],[]
Michael Cedeno (story),['Oliver & Company'],[]
Michael Chabon (screenplay by),['John Carter'],[]
Michael Curtis,[],['Jonas']
Michael Daley (story),['Purl'],[]
Michael Diederich (additional material),['Phineas and Ferb the Movie: Across the 2nd Dimension'],[]
Michael Goldberg (screenplay),"['Cool Runnings', 'Snow Dogs']",[]
Michael Hitchcock (story),['The Ultimate Christmas Present'],[]
Michael Hitchcock (teleplay),['The Ultimate Christmas Present'],[]
Michael Horowitz (story),['Den Brother'],[]
Michael Innes (book),['Candleshoe'],[]
Michael J. Tougias (book),['The Finest Hours'],[]
Michael J. Wilson (screenplay by),['Ice Age'],[]
Michael J. Wilson (story by),['Ice Age'],[]
Michael Jacobs,[],"['Boy Meets World', 'Girl Meets World']"
Michael LaBash (screenplay by),['Lilo & Stitch 2: Stitch Has a Glitch'],[]
Michael LaBash (story by),"[""Kronk's New Groove""]",[]
Michael LaBash (story),['Home on the Range'],[]
Michael Lucker,"[""101 Dalmatians 2: Patch's London Adventure"", ""Kronk's New Groove""]",[]
Michael Lucker (screenplay),['Mulan II'],[]
Michael McDowell (adaptation),['The Nightmare Before Christmas'],[]
Michael Part,"[""A Kid in King Arthur's Court""]",[]
Michael Poryes,[],"[""Raven's Home"", 'Hannah Montana', ""That's So Raven""]"
Michael Poryes (character based on the series created by),['Hannah Montana and Miley Cyrus: Best of Both Worlds Concert'],[]
Michael Poryes (characters),['Hannah Montana: The Movie'],[]
Michael Price,"['The New Yoda Chronicles: Clash of the Skywalkers', 'The New Yoda Chronicles: Raid on Coruscant', 'The New Yoda Chronicles: Escape from the Jedi Temple', 'Playdate with Destiny']",[]
Michael Price (consultant writer),['The Simpsons Movie'],[]
Michael Ritchie (story),['Cool Runnings'],[]
Michael Saltzman,['The Suite Life Movie'],[]
Michael Shipley (screenplay),"[""Mickey's Twice Upon a Christmas""]",[]
Michael Walsh,['Cadet Kelly'],[]
Michelle Bochner Spitz (screenplay by),['Meet the Robinsons'],[]
Mick Garris,['Fuzzbucket'],[]
Mick Garris (screenplay),['Hocus Pocus'],[]
Mick Garris (story),['Hocus Pocus'],[]
Miguel Tejada-Flores (additional story material),['The Lion King'],[]
Mike Deodato Jr. (based on the Marvel comics by),['Marvel Rising: Heart of Iron'],[]
Mike Gabriel (based on an idea by),['Pocahontas'],[]
Mike Gabriel (story),['Oliver & Company'],[]
Mike Kunkel (additional story),['Home on the Range'],[]
Mike Reiss (screenplay),['The Simpsons Movie'],[]
Mike Rich,"['Secretariat', 'The Rookie']",[]
Mike Rich (screenplay by),['Cars 3'],[]
Mike Scully (screenplay),['The Simpsons Movie'],[]
Mike Slee,['Drain the Ocean: WWII'],[]
Mike Thurmeier (additional story),['Ice Age'],[]
Mildred Gordon,['That Darn Cat'],[]
Mildred Gordon (book),['That Darn Cat!'],[]
Mildred Gordon (novel),['That Darn Cat'],[]
Mildred Gordon (screenplay),['That Darn Cat!'],[]
Miles Millar (screenplay),['Herbie Fully Loaded'],[]
Milt Banta (additional story),['Sleeping Beauty'],[]
Milt Banta (story),"['Alice in Wonderland', 'Double Dribble', 'Lambert the Sheepish Lion', 'Peter Pan']",[]
Milt Schaffer (story),"[""Pluto's Christmas Tree"", 'The New Neighbor']",[]
Mirith J. Colao,"['Aladdin and the Return of Jafar', 'Tarzan & Jane']",[]
Molly Hermann,['Winged Seduction: Birds of Paradise'],[]
Monica Austin,[],['The Incredible Dr. Pol']
Monte Merrick,['Miracle at Midnight'],[]
Munro Leaf (story),['Ferdinand the Bull'],[]
Nancy De Los Santos (story),['Gotta Kick It Up!'],[]
Nancy De Los Santos (teleplay),['Gotta Kick It Up!'],[]
Nancy Greystone,"[""Belle's Magical World""]",[]
Nancy Meyers (screenplay),['The Parent Trap'],[]
Nat Mauldin (screenplay),['Doctor Dolittle'],[]
Natalie Babbitt (novel),['Tuck Everlasting'],[]
Nathan Greno,['Super Rhino'],[]
Nathan Greno (screenplay by),['Meet the Robinsons'],[]
Neal Shusterman (story),['Pixel Perfect'],[]
Neal Shusterman (teleplay),['Pixel Perfect'],[]
Neil Cuthbert (screenplay),['Hocus Pocus'],[]
Neil Gelinas,"['Into the Okavango', 'Sharks of Lost Island']",[]
Nell Scovell,"['Honey, We Shrunk Ourselves!']",[]
Niamh Sharkey,[],['Henry Hugglemonster']
Nicholas Filippi,[],['Big Hero 6: The Series']
Nicholas Sparks (book),['The Last Song'],[]
Nicholas Sparks (screenplay),['The Last Song'],[]
Nicholas Stoller,"['Muppets Most Wanted', 'The Muppets']",[]
Nichole Millard (screenplay),['The Game Plan'],[]
Nichole Millard (story),['The Game Plan'],[]
Nick George (story),"['All in a Nutshell', 'Corn Chips', 'Dragon Around', ""Let's Stick Together"", 'Out of Scale', 'The New Neighbor', 'Winter Storage']",[]
Nick Thiel (additional screenplay material),['Bambi and the Great Prince of the Forest'],[]
Nick Thiel (screenplay),"['Shipwrecked', 'White Fang']",[]
Nicole Mitchell (story by),['Winnie the Pooh'],[]
Nicole Perlman,['Guardians of the Galaxy'],[]
Nicole Perlman (story by),['Captain Marvel'],[]
Nik Ranieri (additional story development),['Pocahontas'],[]
Nils Gaup (screenplay),['Shipwrecked'],[]
Nisha Ganatra (teleplay by),['The Cheetah Girls: One World'],[]
Noah Jones,[],['Fish Hooks']
Noni White,['Newsies'],[]
Noni White (additional story material),['The Lion King'],[]
Noni White (animation screenplay by),['The Hunchback of Notre Dame'],[]
Noni White (based on the film written by),"[""Disney's Newsies: The Broadway Musical!""]",[]
Noni White (screenplay),['102 Dalmatians'],[]
Noreen Stone,['Amy'],[]
Norman Foster,['Davy Crockett and the River Pirates'],[]
Norman Foster (screenplay),['The Sign of Zorro'],[]
Norman Wright (story development),['Fantasia'],[]
"O. Henry (story based on: ""The Gift of the Magi"")","[""Mickey's Once Upon a Christmas""]",[]
O.V. Falck-Ytter (book),['Shipwrecked'],[]
Oren Aviv (characters),['National Treasure: Book of Secrets'],[]
Oren Aviv (story),['National Treasure'],[]
Otto Englander (story adaptation),"['Pinocchio', 'Snow White and the Seven Dwarfs']",[]
Otto Englander (story development),['Fantasia'],[]
Owen Newman (original story),['African Cats'],[]
"P.L. Travers (based on: The ""Mary Poppins"" books by)",['Mary Poppins'],[]
Pamela Eells,[],"['Jessie', 'The Suite Life on Deck']"
Pamela Ribon (narration consultant),['Bears'],[]
Pamela Ribon (story by),['Moana'],[]
Paris Qualles,['The Color of Friendship'],[]
Patrick A. Ventura (story),['Aladdin'],[]
Patrick J. Clifton,['Go Figure'],[]
Patrick J. Clifton (teleplay),['Read It and Weep'],[]
Patrick Pacheco (screenplay),['Waking Sleeping Beauty'],[]
Paul Annixter (book),['Those Calloways'],[]
Paul Bernbaum (based on characters created by),"[""Halloweentown II: Kalabar's Revenge""]",[]
Paul Bernbaum (characters),"['Halloweentown High', 'Return to Halloweentown']",[]
Paul Bernbaum (story),['Halloweentown'],[]
Paul Bernbaum (teleplay),['Halloweentown'],[]
Paul Brizzi (story),"['Fantasia 2000', 'The Hunchback of Notre Dame']",[]
Paul Brown,['Camp Rock'],[]
Paul Brown (characters),['Camp Rock 2: The Final Jam'],[]
Paul De Meo (screenplay),['The Rocketeer'],[]
Paul De Meo (story),['The Rocketeer'],[]
"Paul Galdone (based on ""Basil Of Baker Street"")",['The Great Mouse Detective'],[]
Paul Germain,[],['Recess']
Paul Germain (screenplay),['Tinker Bell and the Great Fairy Rescue'],[]
Paul Germain (story),"[""Recess: School's Out""]",[]
Paul Germain (television series Recess),"[""Recess: School's Out""]",[]
Paul Michael Glaser (story),['Kazaam'],[]
Paul Rudd (screenplay by),['Ant-Man'],[]
Paul Rudnick,['Sister Act'],[]
Paul Rudnick (characters),['Sister Act 2: Back in the Habit'],[]
Paul Tamasy (screenplay),['The Finest Hours'],[]
Paul W. Cooper,['Hatching Pete'],[]
Peggy Holmes (additional screenplay material),"[""The Little Mermaid: Ariel's Beginning""]",[]
Peggy Holmes (screenplay),"[""Mickey's Twice Upon a Christmas"", 'Secret of the Wings']",[]
Peggy Holmes (story),"[""Mickey's Twice Upon a Christmas""]",[]
Perce Pearce (story development),"['Fantasia', 'Fantasia 2000']",[]
Perce Pearce (story direction),['Bambi'],[]
Pete Docter (original story by),"['Inside Out', 'Monsters, Inc.', 'Toy Story', 'Toy Story 2', 'WALL·E']",[]
Pete Docter (original story),"[""Mike's New Car""]",[]
Pete Docter (screenplay by),"['Inside Out', 'Up']",[]
Pete Docter (story by),['Up'],[]
Peter Ackerman (screenplay by),['Ice Age'],[]
Peter Barsocchini,"['High School Musical', 'High School Musical 2', 'High School Musical 3']",[]
Peter Barsocchini (based on characters created by),['High School Musical 2'],[]
"Peter Barsocchini (based on characters created for ""High School Musical"" by)","[""Sharpay's Fabulous Adventure""]",[]
Peter Barsocchini (characters),['High School Musical 3'],[]
Peter Elbling (screenplay),"['Honey, I Blew Up the Kid']",[]
Peter Gaffney (segment),['Recess: All Growed Down'],[]
Peter Hedges (additional screenplay material by),['The Good Dinosaur'],[]
Peter Hedges (screenplay),['The Odd Life of Timothy Green'],[]
Peter I. Baloff (teleplay),['You Lucky Dog'],[]
Peter S. Beagle,[],['The Little Mermaid']
Peter S. Seaman (screenplay),['Who Framed Roger Rabbit'],[]
Peter Sohn,['Partly Cloudy'],[]
Peter Sohn (story by),['The Good Dinosaur'],[]
Peter Young (story adapted by),['The Great Mouse Detective'],[]
Peter Young (story),"['Oliver & Company', 'The Black Cauldron', 'The Fox and the Hound', 'The Small One']",[]
Phil Baker,[],"['Good Luck Charlie', 'Jessie']"
Phil Baker (creator),"[""Good Luck Charlie, It's Christmas!""]",[]
Phil Chapman,['Born in China'],[]
Phil Dike (story development),['Fantasia'],[]
Phil Joanou (screenplay),['Flight of the Navigator'],[]
Phil Johnston (screenplay by),"['Wreck-It Ralph', 'Zootopia']",[]
Phil Johnston (story by),"['Wreck-It Ralph', 'Zootopia']",[]
Phil Lorin (screenplay by),['Cars'],[]
Philip Fracassi,['Santa Paws 2: The Santa Pups'],[]
Philip Halprin (screenplay),"['Snow Dogs', 'The Wild']",[]
Philip Halprin (story),['The Wild'],[]
Philip LaZebnik,['Pocahontas'],[]
Philip LaZebnik (screenplay by),['Mulan'],[]
Philippe Bruneau (earlier screenplay Un indien dans la ville),['Jungle 2 Jungle'],[]
Phillip Borsos (story),['One Magic Christmas'],[]
Rachelle Skoretz (television story by),['Zapped'],[]
Ralph Eggleston,['For the Birds'],[]
Ralph Eggleston (original story by),"['Monsters, Inc.']",[]
Ralph Farquhar (screenplay),['The Proud Family Movie'],[]
Ralph Wright,"['How to Swim', 'Perri', 'Yellowstone Cubs']",[]
Ralph Wright (additional story),['Sleeping Beauty'],[]
Ralph Wright (animation story),['Bedknobs and Broomsticks'],[]
Ralph Wright (story development),['Bambi'],[]
Ralph Wright (story),"[""Don's Fountain of Youth"", ""Donald's Dog Laundry"", 'Lady and the Tramp', 'Lambert the Sheepish Lion', 'Peter Pan', 'Saludos Amigos', 'The Aristocats', 'The Jungle Book', 'The Many Adventures of Winnie the Pooh', 'The Three Caballeros']",[]
Ralph Zondag (additional story),['Home on the Range'],[]
Ralph Zondag (story),"['Dinosaur', 'Pocahontas']",[]
Ramón Menéndez (teleplay),['Gotta Kick It Up!'],[]
Randi Reisfeld (book),['Twitches'],[]
Randi Reisfeld (characters),['Twitches Too'],[]
Randy Cartwright (additional story development),['Pocahontas'],[]
Randy Cartwright (story),['Hercules'],[]
Rashida Jones (original story by),['Toy Story 4'],[]
Ray Shenusay (additional story),['Brother Bear'],[]
Raymond Singer (screenplay by),['Mulan'],[]
Raymond Wong (characters),['Burn-E'],[]
Raynold Gideon (screenplay),['Jungle 2 Jungle'],[]
Rebecca Rees (story),['Aladdin'],[]
Regina Y. Hicks,"['Camp Rock', 'Camp Rock 2: The Final Jam', 'Jump In!']",[]
Regina Y. Hicks (characters),['Camp Rock 2: The Final Jam'],[]
Rex Cox (story),['How to Play Football'],[]
Rhett Reese (additional story material),['Dinosaur'],[]
Rian Johnson,['Star Wars: Episode VIII - The Last Jedi'],[]
Rich Burns (additional screenplay material),"[""The Little Mermaid: Ariel's Beginning""]",[]
Rich Burns (screenplay by),['The Fox and the Hound 2'],[]
Rich Burns (screenplay),['Brother Bear 2'],[]
Rich Correll,[],['Hannah Montana']
Rich Correll (character based on the series created by),['Hannah Montana and Miley Cyrus: Best of Both Worlds Concert'],[]
Rich Correll (characters),['Hannah Montana: The Movie'],[]
Rich Moore (story by),"['Wreck-It Ralph', 'Zootopia']",[]
Richard Brehm,['Titanic: 20 Years Later with James Cameron'],[]
Richard C. Okie,['Skyrunners'],[]
Richard Cray,"[""Belle's Magical World""]",[]
Richard Cray (screenplay),"[""Mickey's Once Upon a Christmas""]",[]
Richard Creedon (story adaptation),['Snow White and the Seven Dwarfs'],[]
Richard Gitelson,[],"['Handy Manny', 'Imagination Movers']"
Richard H. Landau (story by),['The Black Hole'],[]
Richard M. Bluel (story),['The Castaway Cowboy'],[]
Richard Rich (story),['The Black Cauldron'],[]
Rick Bitzelberger (story),"[""Eddie's Million Dollar Cook-Off""]",[]
Rick Maki (story),['The Lion King'],[]
Rick Mittleman (adaptation),['The Ghosts of Buxley Hall'],[]
Rita Hsiao (screenplay by),"['Mulan', 'Toy Story 2']",[]
Roald Dahl (based on the book by),"['James and the Giant Peach', 'The BFG']",[]
Rob Edwards (screenplay by),"['The Princess and the Frog', 'Treasure Planet']",[]
Rob Gibbs (story),"['Tokyo Mater', 'Jack-Jack Attack', ""Mike's New Car"", 'Pocahontas']",[]
Rob Humphrey,['Tarzan & Jane'],[]
Rob Kerchner (story),"[""Richie Rich's Christmas Wish""]",[]
Rob Muir (screenplay),['Tinker Bell and the Great Fairy Rescue'],[]
Robert A. Stemmle (original story),['Almost Angels'],[]
Robert Andrus,['Roving Mars'],[]
Robert Ben Garant (screenplay),['Herbie Fully Loaded'],[]
Robert Ben Garant (story),['Herbie Fully Loaded'],[]
Robert D. San Souci (based on a story by),['Mulan'],[]
Robert Franklin Leslie (novel),['The Bears and I'],[]
Robert Gunter (based upon characters created by),['The Sandlot: Heading Home'],[]
Robert Horn,"[""Sharpay's Fabulous Adventure"", 'The Suite Life Movie']",[]
Robert Horn (story by),['Teen Beach 2'],[]
Robert Horn (teleplay by),['Teen Beach Movie'],[]
Robert Keats (teleplay),"[""Mom's Got a Date with a Vampire""]",[]
Robert L. Baird (screenplay by),"['Big Hero 6', 'Monsters University']",[]
Robert L. Baird (story by),['Monsters University'],[]
Robert L. Baird (teleplay),['The Thirteenth Year'],[]
Robert L. Levy,"[""A Kid in King Arthur's Court""]",[]
Robert Lawson (story),['Ferdinand the Bull'],[]
Robert Lence (story by),['Beauty and the Beast'],[]
Robert Lence (story),['Home on the Range'],[]
Robert Lewis Taylor (book),['Treasure of Matecumbe'],[]
Robert Lopez (story by),['Frozen II'],[]
"Robert Louis Stevenson (based on the novel ""Treasure Island"" by)",['Treasure Planet'],[]
Robert Louis Stevenson (novel),['Muppet Treasure Island'],[]
Robert Louis Stevenson (story),['Treasure Island'],[]
Robert Malcolm Young (screenplay by),['Escape to Witch Mountain'],[]
Robert Nelson Jacobs (screenplay),['Dinosaur'],[]
Robert Nelson Jacobs (story),['Dinosaur'],[]
Robert Nixon,"[""Sea of Hope: America's Underwater Treasures""]",[]
Robert Reece (additional screenplay material),['Cinderella 3: A Twist in Time'],[]
Robert Reece (screenplay),"[""The Little Mermaid: Ariel's Beginning""]",[]
Robert Rodat,['Tall Tale'],[]
Robert Rodat (story by),['Thor: The Dark World'],[]
Robert Schooley,"['Kim Possible', 'Kim Possible: So the Drama']","['Big Hero 6: The Series', 'Kim Possible']"
Robert Schooley (additional written material),"[""The Lion King 2: Simba's Pride""]",[]
Robert Schooley (characters),['Kim Possible'],[]
Robert Schooley (screenplay),['Aladdin and the King of Thieves'],[]
Robert Schooley (script),['Kim Possible'],[]
Robert Schooley (story),['Aladdin and the Return of Jafar'],[]
Robert Short (story),['The Scream Team'],[]
Robert Sterner (story development and research),['Fantasia'],[]
Robert Strange,"[""The Secret of Christ's Tomb""]",[]
Robert Tate Miller,['Three Days'],[]
Robert Vince,"['Santa Paws 2: The Santa Pups', 'Super Buddies']",[]
Robert Westerby (screenplay),['Greyfriars Bobby: The True Story of a Dog'],[]
Roberts Gannaway,"['Leroy & Stitch', 'Stitch! The Movie']","['Jake and the Never Land Pirates', 'Mickey Mouse Clubhouse']"
Roberts Gannaway (screenplay),['Secret of the Wings'],[]
Robin Kingsland,"['Mickey, Donald, Goofy: The Three Musketeers', ""Mickey's Twice Upon a Christmas"", 'The Prince and the Pauper']",[]
Robin Palmer (based on the novel by),['Geek Charming'],[]
Rod Peterson,['Justin Morgan Had a Horse'],[]
Roger Allers (additional screenplay material),['The Lion King 3: Hakuna Matata'],[]
Roger Allers (based on an original story by),"[""The Emperor's New Groove""]",[]
Roger Allers (story),"['Aladdin', 'Oliver & Company']",[]
Roger Bollen,[],['Handy Manny']
Roger Bollen (book),"['Zenon: Girl of the 21st Century', 'Zenon: The Zequel']",[]
"Roger Bollen (character from the book ""Zenon: Girl of the Twenty First Century"")",['Zenon: Z3'],[]
Roger Gould (story),"[""Mike's New Car""]",[]
Roger S.H. Schulman,[],['Jonas']
Roger S.H. Schulman (additional screenplay material),['Bambi and the Great Prince of the Forest'],[]
Roger S.H. Schulman (additional written material),['The Jungle Book 2'],[]
Roger S.H. Schulman (screenplay by),['The Fox and the Hound 2'],[]
Roger S.H. Schulman (screenplay),['Mulan II'],[]
Roger Soffer (screenplay),['Kazaam'],[]
Romain van Liemt,[],['Iron Man: Armored Adventures']
Ron Anderson,['Inspector Gadget 2'],[]
Ron Anderson (screenplay by),['Chicken Little'],[]
Ron Clements,['The Little Mermaid'],[]
Ron Clements (additional story contributions),['The Black Cauldron'],[]
Ron Clements (animated film written by),['The Little Mermaid Live!'],[]
Ron Clements (animation screenplay by),['Hercules'],[]
Ron Clements (animation story by),['Treasure Planet'],[]
Ron Clements (screenplay by),"['Aladdin', 'The Princess and the Frog', 'Treasure Planet']",[]
Ron Clements (story adapted by),['The Great Mouse Detective'],[]
Ron Clements (story by),"['Moana', 'The Princess and the Frog']",[]
Ron J. Friedman (additional screenplay material),"['Cinderella 3: A Twist in Time', ""The Little Mermaid: Ariel's Beginning""]",[]
Ron J. Friedman (screenplay by),"['Brother Bear', 'Chicken Little']",[]
Ron McGee (teleplay),['Girl Vs. Monster'],[]
Ronnie Del Carmen,"[""Dug's Special Mission""]",[]
Ronnie Del Carmen (original story by),['Inside Out'],[]
Rosana Sullivan,['Kitbull'],[]
Rosemary Anne Sisson (additional dialogue),['The Black Cauldron'],[]
Rosemary Anne Sisson (screenplay),['Candleshoe'],[]
Ross Hastings,"[""Mickey's Once Upon a Christmas""]",[]
Roswell Rogers,['The Million Dollar Duck'],[]
Roy Edward Disney (additional dialogue),['The Black Cauldron'],[]
Roy Morita (story),['The Black Cauldron'],[]
Roy Williams (story),"['Dragon Around', 'Saludos Amigos', 'The Three Caballeros', 'Trailer Horn']",[]
Rudyard Kipling (book),"[""The Jungle Book: Mowgli's Story""]",[]
Rudyard Kipling (inspired by the Mowgli stories),['The Jungle Book'],[]
Russel Crouse (from the stage musical book by),['The Sound of Music'],[]
Ruth Rose (earlier screenplay),['Mighty Joe Young'],[]
Ryan Coogler,['Black Panther'],[]
Ryan Fleck (screenplay by),['Captain Marvel'],[]
Ryan Fleck (story by),['Captain Marvel'],[]
Ryan Rowe (screenplay),['Secret of the Wings'],[]
S.S. Field (based on a story by),"[""Pete's Dragon""]",[]
S.S. Field (story),"[""Pete's Dragon""]",[]
Sally Nemeth,['Right on Track'],[]
Salvador Dalí (story),['Destino'],[]
Sam Graham (additional dialogue),['The Little Mermaid'],[]
Sam Graham (additional story material),['Oliver & Company'],[]
Sam Graham (animation screenplay),['The Prince and the Pauper'],[]
Sam Harper,['Rookie of the Year'],[]
Sam Harper (screenplay),['Cheaper by the Dozen'],[]
Sam Levine (additional story material),['Brother Bear'],[]
Sam Levine (story),['Home on the Range'],[]
Sam Simon,[],['The Simpsons']
Samuel Levine (additional story),['Brother Bear'],[]
"Samuel W. Taylor (short story ""A Situation of Gravity"")",['Flubber'],[]
Samuel W. Taylor (story),['The Absent Minded Professor'],[]
Sanjay Patel,"[""Sanjay's Super Team""]",[]
Sara Parriott,"['Descendants 2', 'Descendants 3', 'Descendants']",[]
Sara Parriott (story),['Three Men and a Little Lady'],[]
Sara Pichelli,[],['Ultimate Spider-Man']
Sascha Paladino,[],['Mission Force One']
Saschka Unseld,['The Blue Umbrella'],[]
Scott Alexander (screenplay),['That Darn Cat'],[]
Scott Buck,[],['Inhumans']
Scott Derrickson,['Doctor Strange'],[]
Scott Morse (story),['Tokyo Mater'],[]
Scott Murphy,['Star Wars: The Clone Wars'],[]
Scott Silver (screenplay),['The Finest Hours'],[]
Scott Spencer Gorden (screenplay),"['An Extremely Goofy Movie', ""Mickey's Once Upon a Christmas""]",[]
Scott Thomas,['The Mistle-Tones'],"['Best Friends Whenever', 'Randy Cunningham: 9th Grade Ninja', ""Raven's Home""]"
Sebastian Peiter,['Viking Warrior Women'],[]
Seth Kersley (additional material),['Phineas and Ferb the Movie: Across the 2nd Dimension'],[]
Seton I. Miller (based on a story by),"[""Pete's Dragon""]",[]
Seton I. Miller (story),"[""Pete's Dragon""]",[]
Shane Black (screenplay by),['Iron Man 3'],[]
Shane Houghton,[],['Big City Greens']
Shane Morris (story by),['Frozen'],[]
Shane Prigmore,[],['Tangled: The Series']
Shane Prigmore (developed by),['Tangled: Before Ever After'],[]
Shane Prigmore (developed for television by),['Tangled: Before Ever After'],[]
Shari Simpson,['The Swap'],[]
Sheila Burnford (book),['The Incredible Journey'],[]
"Sheila Burnford (characters from novel ""The Incredible Journey"")",['Homeward Bound II: Lost in San Francisco'],[]
Sheila Burnford (novel),['Homeward Bound: The Incredible Journey'],[]
Sheree Guitar,"[""Belle's Magical World""]",[]
Sherri Stoner,['My Favorite Martian'],[]
Shirley Pierce,['Home on the Range'],[]
Shirley Pierce (screenplay),"['Dinosaur', ""Mickey's Twice Upon a Christmas""]",[]
Shonda Rhimes (screenplay),['The Princess Diaries 2: Royal Engagement'],[]
Shonda Rhimes (story),['The Princess Diaries 2: Royal Engagement'],[]
Sidney Iwanter,[],['X-Men: The Animated Series']
Simcha Jacobovici,['Atlantis Rising'],[]
Simon George,['Miracle Landing on the Hudson'],[]
Simon Kinberg,[],['Star Wars Rebels']
Simon Lythgoe,[],"[""Disney's Fairy Tale Weddings""]"
Simon Nash,['Penguins: Life on the Edge'],[]
Simon Rich (additional story material by),['Inside Out'],[]
Simon Wells (screenplay),['Mars Needs Moms'],[]
Sinclair Lewis (from an original story by),['Fun and Fancy Free'],[]
Sophie Elwin-Harris,['Drain the Sunken Pirate City'],['Drain the Oceans']
Stacey Harman,['Life-Size 2'],[]
Stan Hsue (developed by),['How Dogs Got Their Shapes'],[]
Stan Lee,[],"['Fantastic Four: The Animated Series', 'Iron Man', 'Spider-Man: The Animated Series', 'The Incredible Hulk', 'Ultimate Spider-Man', 'Avengers Assemble', 'Silver Surfer', 'Spider-Man and His Amazing Friends', 'Spider-Woman', 'Avengers: United They Stand']"
Stan Lee (Groot created by),"['Avengers: Endgame', 'Guardians of the Galaxy Vol. 2']",[]
Stan Lee (Marvel comic book),['Iron Man 2'],[]
Stan Lee (based on the Marvel comic book by),['Iron Man 3'],[]
Stan Lee (based on the Marvel comics by),"['Ant-Man', 'Avengers: Age of Ultron', 'Avengers: Endgame', 'Black Panther', 'Doctor Strange', 'Thor: Ragnarok', 'Thor: The Dark World']",[]
Stan Lee (characters),"['Iron Man', 'Iron Man & Hulk: Heroes United']",[]
Stan Lee (comic book),['Thor'],[]
Stefano Caselli (based on the Marvel comics by),['Marvel Rising: Heart of Iron'],[]
Stephan Pastis (based on the book by),['Timmy Failure: Mistakes Were Made'],[]
Stephan Pastis (screenplay by),['Timmy Failure: Mistakes Were Made'],[]
Stephanie Moore (characters),['Life-Size 2'],[]
Stephanie Savage,[],['Runaways']
Stephany Folsom (original story by),['Toy Story 4'],[]
Stephany Folsom (screenplay by),['Toy Story 4'],[]
Stephen J. Anderson (additional story material by),"[""The Emperor's New Groove""]",[]
Stephen J. Anderson (screenplay by),['Meet the Robinsons'],[]
Stephen J. Anderson (story by),['Winnie the Pooh'],[]
Stephen J. Anderson (story supervisor),['Brother Bear'],[]
Stephen King (characters),['Burn-E'],[]
Stephen McFeely,[],['Agent Carter']
Stephen McFeely (screenplay by),"['Avengers: Endgame', 'Captain America: Civil War', 'Captain America: The Winter Soldier', 'Thor: The Dark World']",[]
Stephen McFeely (screenplay),"['Captain America: The First Avenger', 'The Chronicles of Narnia: Prince Caspian', 'The Chronicles of Narnia: The Lion, the Witch and the Wardrobe']",[]
Stephen Sommers (screenplay),"['The Adventures of Huck Finn', 'Tom and Huck']",[]
Steve 'Spaz' Williams (additional story material),['The Wild'],[]
Steve Bencich (additional screenplay material),"['Cinderella 3: A Twist in Time', ""The Little Mermaid: Ariel's Beginning""]",[]
Steve Bencich (screenplay by),"['Brother Bear', 'Chicken Little']",[]
Steve Bloom,['Tall Tale'],[]
Steve Bloom (screenplay),['James and the Giant Peach'],[]
Steve Bloom (teleplay),['Going to the Mat'],[]
Steve Ditko,[],"['Spider-Man: The Animated Series', 'Ultimate Spider-Man', 'Spider-Man and His Amazing Friends']"
Steve Ditko (based on the Marvel comics by),['Doctor Strange'],[]
Steve Englehart (Mantis created by),['Avengers: Endgame'],[]
Steve Englehart (Star-Lord created by),"['Avengers: Endgame', 'Guardians of the Galaxy Vol. 2']",[]
Steve Englehart (character created by: Star-Lord),['Guardians of the Galaxy'],[]
Steve Englehart (screenplay),"[""Atlantis: Milo's Return""]",[]
Steve Gan (Star-Lord created by),"['Avengers: Endgame', 'Guardians of the Galaxy Vol. 2']",[]
Steve Gan (character created by: Star-Lord),['Guardians of the Galaxy'],[]
Steve Gerber (Howard the Duck created by),['Guardians of the Galaxy Vol. 2'],[]
Steve Gerber (character created by: Howard the Duck),['Guardians of the Galaxy'],[]
Steve Hulett (additional story contributions),['The Black Cauldron'],[]
Steve Hulett (additional story material),['Oliver & Company'],[]
Steve Hulett (story adapted by),['The Great Mouse Detective'],[]
Steve Hulett (story),['The Fox and the Hound'],[]
Steve Marmel,[],['Sonny with a Chance']
Steve Purcell,"[""The Legend of Mor'du""]",[]
Steve Purcell (screenplay by),['Brave'],[]
Steve Roberts,['Aladdin and the Return of Jafar'],[]
Steve Rudnick,['The Santa Clause'],[]
Steve Rudnick (characters),"['The Santa Clause 2', 'The Santa Clause 3: The Escape Clause']",[]
Steve Rudnick (story),['The Santa Clause 2'],[]
Steve Viksten (segment),['Recess: All Growed Down'],[]
Steven Brill,['Heavyweights'],[]
Steven Farley (novel),['The Young Black Stallion'],[]
Steven H. Wilson (story),['Bad Hair Day'],[]
Steven H. Wilson (teleplay),['Bad Hair Day'],[]
Steven Lisberger,[],['TRON: Uprising']
Steven Lisberger (characters),['TRON: Legacy'],[]
Steven Lisberger (screenplay),['TRON'],[]
Steven Lisberger (story),['TRON'],[]
Steven Melching,['Star Wars: The Clone Wars'],[]
Steven T. Seagle (characters),['Big Hero 6'],[]
Stevie Wermers (story),['Brother Bear'],[]
Stiles White (screenplay),['The Proud Family Movie'],[]
Stu Krieger,"['Phantom of the Megaplex', 'Smart House', 'Zenon: Z3']",[]
Stu Krieger (teleplay),"['Cow Belles', 'Going to the Mat', 'Gotta Kick It Up!', 'The Poof Point', 'Tru Confessions', 'Zenon: Girl of the 21st Century', 'Zenon: The Zequel']",[]
Stuart Beattie (characters),"[""Pirates of the Caribbean: At World's End"", ""Pirates of the Caribbean: Dead Man's Chest"", 'Pirates of the Caribbean: On Stranger Tides']",[]
Stuart Beattie (screen story),['Pirates of the Caribbean: The Curse of the Black Pearl'],[]
Stuart Gordon (based on characters created by),"['Honey, We Shrunk Ourselves!']",[]
Stuart Gordon (characters),"['Honey, I Blew Up the Kid']",[]
Stuart Gordon (story),"['Honey, I Shrunk the Kids']",[]
Sue C. Nichols (story),"['Aladdin', 'The Hunchback of Notre Dame']",[]
Sue Houghton,['Kingdom of the Blue Whale'],[]
Sue Perrotto (additional material),['Phineas and Ferb the Movie: Across the 2nd Dimension'],[]
Sue Smith,['Saving Mr. Banks'],[]
Susan Estelle Jansen,['Lizzie McGuire'],[]
Susan Sherman,[],"[""Raven's Home"", ""That's So Raven""]"
Susannah Grant,['Pocahontas'],[]
Susumu Saji (film Nankyoku Monogatari),['Eight Below'],[]
Sy Gomberg,['The Ghosts of Buxley Hall'],[]
Sy Gomberg (adaptation),['The Ghosts of Buxley Hall'],[]
Sylvia Moberly-Holland (story development),['Fantasia'],[]
T. Daniel Hofstedt (additional story development),['Pocahontas'],[]
"T. Hee (story ""Reluctant Dragon"" sequence)",['The Reluctant Dragon'],[]
T.H. White (based on the book by),['The Sword in the Stone'],[]
Tab Murphy (animation screenplay by),['The Hunchback of Notre Dame'],[]
Tab Murphy (animation story by),['The Hunchback of Notre Dame'],[]
Tab Murphy (screenplay by),"['Atlantis: The Lost Empire', 'Brother Bear']",[]
Tab Murphy (story by),['Atlantis: The Lost Empire'],[]
Tad Stones (screenplay),"[""Atlantis: Milo's Return""]",[]
Tad Stones (story),['Aladdin and the Return of Jafar'],[]
Tamara Lusher (additional story),['Dinosaur'],[]
Tamara Lusher (story),['Hercules'],[]
Tatsuo Nogami (film Nankyoku Monogatari),['Eight Below'],[]
Ted Berman (animation story),['Bedknobs and Broomsticks'],[]
Ted Berman (story),"['The Black Cauldron', 'The Fox and the Hound', 'The Many Adventures of Winnie the Pooh', 'The Rescuers']",[]
Ted Elliott,"[""Pirates of the Caribbean: At World's End"", ""Pirates of the Caribbean: Dead Man's Chest""]",[]
Ted Elliott (animation story by),['Treasure Planet'],[]
Ted Elliott (characters),"[""Pirates of the Caribbean: At World's End"", ""Pirates of the Caribbean: Dead Man's Chest"", 'Pirates of the Caribbean: On Stranger Tides']",[]
Ted Elliott (screen story),"['Pirates of the Caribbean: On Stranger Tides', 'Pirates of the Caribbean: The Curse of the Black Pearl']",[]
Ted Elliott (screenplay by),['Aladdin'],[]
Ted Elliott (screenplay),"['Pirates of the Caribbean: On Stranger Tides', 'Pirates of the Caribbean: The Curse of the Black Pearl']",[]
Ted Elliott (story),['National Treasure: Book of Secrets'],[]
Ted Henning,['Winnie the Pooh: A Very Merry Pooh Year'],[]
Ted Henning (additional screenplay material),"[""Piglet's Big Movie""]",[]
Ted Key,['The Cat from Outer Space'],[]
Ted Key (story),"['Gus', 'The Million Dollar Duck']",[]
Ted Mathot,['Auntie Edna'],[]
Ted Mathot (story),['Presto'],[]
Ted Sears,['The African Lion'],[]
Ted Sears (additional story),['Sleeping Beauty'],[]
Ted Sears (screenplay),"['The Living Desert', 'The Reluctant Dragon', 'The Vanishing Prairie', 'Water Birds']",[]
Ted Sears (script),"[""Nature's Half Acre"", 'The Olympic Elk']",[]
Ted Sears (story adaptation),"['Pinocchio', 'Snow White and the Seven Dwarfs']",[]
Ted Sears (story research),['Saludos Amigos'],[]
Ted Sears (story),"['Alice in Wonderland', 'Cinderella', 'Fun and Fancy Free', 'Melody Time', 'Peter Pan', 'The Adventures of Ichabod and Mr. Toad', 'The Three Caballeros']",[]
Teddy Newton (story),['Jack-Jack Attack'],[]
Temple Mathews (additional script material),"[""101 Dalmatians 2: Patch's London Adventure""]",[]
Temple Mathews (screenplay),"[""Mickey's Once Upon a Christmas"", 'Peter Pan 2: Return to Never Land', 'The Little Mermaid 2: Return to the Sea']",[]
Terri Minsky,[],"['Andi Mack', 'Lizzie McGuire']"
Terri Minsky (characters),['Lizzie McGuire'],[]
Terry Rossio,"[""Pirates of the Caribbean: At World's End"", ""Pirates of the Caribbean: Dead Man's Chest""]",[]
Terry Rossio (animation story by),['Treasure Planet'],[]
Terry Rossio (characters),"[""Pirates of the Caribbean: At World's End"", ""Pirates of the Caribbean: Dead Man's Chest"", 'Pirates of the Caribbean: On Stranger Tides']",[]
Terry Rossio (screen story),"['Pirates of the Caribbean: On Stranger Tides', 'Pirates of the Caribbean: The Curse of the Black Pearl']",[]
Terry Rossio (screenplay by),['Aladdin'],[]
Terry Rossio (screenplay),"['Pirates of the Caribbean: On Stranger Tides', 'Pirates of the Caribbean: The Curse of the Black Pearl']",[]
Terry Rossio (story),['National Treasure: Book of Secrets'],[]
Thania St. John (additional screenplay material),"[""The Little Mermaid: Ariel's Beginning""]",[]
Theodore Newton (additional story material),['Mulan'],[]
Theodore Thomas,['Frank and Ollie'],[]
Theresa Cullen (story),"[""Mickey's Twice Upon a Christmas""]",[]
Thierry Lhermitte (earlier screenplay Un indien dans la ville),['Jungle 2 Jungle'],[]
Thom Eberhardt (screenplay),"['Honey, I Blew Up the Kid']",[]
Thom Enriquez (story),"['Brother Bear', 'Dinosaur', 'Hercules', 'Mulan', 'The Lion King']",[]
Thomas Hart (interstitial narration),"[""Mickey's Once Upon a Christmas""]",[]
Thomas Hart (screenplay),"[""Atlantis: Milo's Return""]",[]
Thomas Lennon (screenplay),['Herbie Fully Loaded'],[]
Thomas Lennon (story),['Herbie Fully Loaded'],[]
Thomas M. Disch (based on characters created by),['The Brave Little Toaster to the Rescue'],[]
Thomas M. Disch (novel),['The Brave Little Toaster Goes to Mars'],[]
Thomas Meehan,['One Magic Christmas'],[]
Thomas Meehan (book),['Annie'],[]
Thomas Meehan (story),['One Magic Christmas'],[]
Thomas W. Blackburn,"['Davy Crockett and the River Pirates', 'Davy Crockett: King of the Wild Frontier']",[]
Tianyi Zhang (story),['The Secret of the Magic Gourd'],[]
Tiffany Paulsen,['Adventures in Babysitting'],[]
Tim Burton (based on an original idea by),['Frankenweenie'],[]
Tim Burton (original idea),['Frankenweenie'],[]
Tim Burton (story and characters),['The Nightmare Before Christmas'],[]
Tim Compton,[],['The Evermoor Chronicles']
Tim Crothers (based on the ESPN Magazine article and book by),['Queen of Katwe'],[]
Tim Disney (animation screenplay),['Oliver & Company'],[]
Tim Federle,[],['High School Musical: The Musical - The Series']
Tim Herlihy (screenplay),['Bedtime Stories'],[]
Tim Hodge (additional story),['Brother Bear'],[]
Tim Hodge (story),['Mulan'],[]
Tim Kelleher,['First Kid'],[]
Tim Long (consultant writer),['The Simpsons Movie'],[]
Tim Maile,[],['Phil of the Future']
Tim Powers (novel),['Pirates of the Caribbean: On Stranger Tides'],[]
Timothy Kuryak (developed by),['How Dogs Got Their Shapes'],[]
Toby Halbrooks (screenplay by),"[""Pete's Dragon""]",[]
Toby Shelton,[],['Quack Pack']
Tod Himmel,[],"[""I Didn't Do It""]"
Todd J. Greenwald,[],['Wizards of Waverly Place']
Todd J. Greenwald (based on the series created by),['The Wizards Return: Alex vs. Alex'],[]
Todd J. Greenwald (creator),['Wizards of Waverly Place: The Movie'],[]
Todd Kurosawa (story),['Pocahontas'],[]
Todd McFarlane,[],['Ultimate Spider-Man']
Tom Ellery (story by),['Beauty and the Beast'],[]
Tom Flynn (screenplay),['Togo'],[]
Tom Gammill,['Playdate with Destiny'],[]
Tom J. Astle,[],['So Weird']
Tom Jennings,['Diana: In Her Own Words'],[]
Tom Jennings (Writer),['Apollo: Missions to the Moon'],[]
Tom LaBaff (additional story),['Brother Bear'],[]
Tom Lyle,[],['Ultimate Spider-Man']
Tom Mazzocco (additional story development),['Pocahontas'],[]
Tom McCarthy (screenplay by),['Timmy Failure: Mistakes Were Made'],[]
Tom McCarthy (story by),['Up'],[]
Tom McGowan (based on a story by),['The Aristocats'],[]
Tom Minton (additional material),['Phineas and Ferb the Movie: Across the 2nd Dimension'],[]
Tom Musca (teleplay),['Gotta Kick It Up!'],[]
Tom Nance (screenplay),"[""Mickey's Once Upon a Christmas""]",[]
Tom Nursall (screenplay),"[""I'll Be Home for Christmas""]",[]
Tom Oreb (story),"['Alice in Wonderland', 'Fun and Fancy Free']",[]
Tom Patchett,['The Great Muppet Caper'],[]
Tom Rogers,['Winnie the Pooh: Springtime with Roo'],[]
Tom Rogers (additional screenplay material),"[""Lady and the Tramp 2: Scamp's Adventure"", ""The Little Mermaid: Ariel's Beginning""]",[]
Tom Rogers (additional written material),['The Jungle Book 2'],[]
Tom Rogers (screenplay by),"[""Kronk's New Groove""]",[]
Tom Rogers (screenplay),"['Cinderella 2: Dreams Come True', 'Secret of the Wings', 'The Lion King 3: Hakuna Matata']",[]
Tom Rogers (story by),"[""Kronk's New Groove""]",[]
Tom Rowe (based on a story by),['The Aristocats'],[]
Tom Schulman (screenplay),"['Honey, I Shrunk the Kids']",[]
Tom Sito (story),['The Lion King'],[]
Tommy Swerdlow (screenplay),"['Cool Runnings', 'Snow Dogs']",[]
Toni Ann Johnson,['Ruby Bridges'],[]
Tony Gilroy (screenplay by),['Rogue One: A Star Wars Story'],[]
Tony Leondis (screenplay by),['Lilo & Stitch 2: Stitch Has a Glitch'],[]
Tony Leondis (story by),"[""Kronk's New Groove""]",[]
Tony Marino (additional story contributions),['The Black Cauldron'],[]
Tony Marino (story adaptation),"[""Mickey's Christmas Carol""]",[]
Toshirô Ishidô (film Nankyoku Monogatari),['Eight Below'],[]
Travis Braun,[],['Fast Layne']
Val Mayerik (Howard the Duck created by),['Guardians of the Galaxy Vol. 2'],[]
Val Mayerik (character created by: Howard the Duck),['Guardians of the Galaxy'],[]
Valentine Davies (story),['Miracle on 34th Street'],[]
Valerie LaPointe,['Lamp Life'],[]
Valerie LaPointe (original story by),['Toy Story 4'],[]
Valerie LaPointe (story),['Presto'],[]
Vance Gerry (story adapted by),['The Great Mouse Detective'],[]
Vance Gerry (story sequences),['Robin Hood'],[]
Vance Gerry (story),"['Hercules', 'Oliver & Company', 'The Aristocats', 'The Black Cauldron', 'The Fox and the Hound', 'The Jungle Book', 'The Many Adventures of Winnie the Pooh', 'The Rescuers', 'The Small One']",[]
Vanessa Berlowitz,['In the Footsteps of Elephant'],[]
Vernon Harris,['Almost Angels'],[]
Vernon Stallings (story development),"['Bambi', 'Fantasia']",[]
Victor Herbert (operetta),['Babes in Toyland'],[]
"Victor Hugo (from the novel ""Notre Dame de Paris"" by)",['The Hunchback of Notre Dame'],[]
Victoria Strouse (screenplay by),['Finding Dory'],[]
Vince Cheung,"['The Wizards Return: Alex vs. Alex', 'Wendy Wu: Homecoming Warrior']",[]
Vince Marcello (based on characters created by),['Teen Beach 2'],[]
Vince Marcello (story by),['Teen Beach Movie'],[]
Vince Marcello (teleplay by),['Teen Beach Movie'],[]
Vincent Chalvon-Demersay,[],['Mickey Mouse Mixed-Up Adventures']
Vincent DeFrances (additional story development),['Pocahontas'],[]
Walon Green (based on an earlier screenplay by),['Dinosaur'],[]
Walt Disney,[],['The Mickey Mouse Club']
Walter Farley (novel),['The Young Black Stallion'],[]
Walter Ferris,['Swiss Family Robinson'],[]
Walter Murch (screenplay),['Return to Oz'],[]
Walter Reisch (screenplay),['Journey to the Center of the Earth'],[]
Walter Simonson (character created by: Malekith),['Thor: The Dark World'],[]
Ward Greene (characters),"[""Lady and the Tramp 2: Scamp's Adventure""]",[]
Ward Greene (from the story by),['Lady and the Tramp'],[]
Ward Kimball (screenplay),['Babes in Toyland'],[]
"Warren Ellis (based on the ""Extremis"" mini-series written by)",['Iron Man 3'],[]
Warren Foster (story),"[""Mickey's Birthday Party""]",[]
"Washington Irving (story ""The Legend of Sleepy Hollow"")",['The Adventures of Ichabod and Mr. Toad'],[]
Wayne Abbott,"['Drain the Great Lakes', 'Drain the Titanic']",[]
Webb Smith,['How to Swim'],[]
Webb Smith (story adaptation),"['Pinocchio', 'Snow White and the Seven Dwarfs']",[]
Webb Smith (story development),['Fantasia'],[]
Webb Smith (story research),['Saludos Amigos'],[]
Wendy Engelberg (story),['Stuck in the Suburbs'],[]
Wendy Engelberg (teleplay),['Stuck in the Suburbs'],[]
Wendy Grieb (additional material),['Phineas and Ferb the Movie: Across the 2nd Dimension'],[]
Wendy Weiner (teleplay),['Frenemies'],[]
Wendy Wells (screenplay),['Mars Needs Moms'],[]
"Wilhelm Grimm (based upon the fairy tale ""Rapunzel"" by)",['Tangled'],[]
Wilhelm Grimm (fairy tales),['Snow White and the Seven Dwarfs'],[]
Will Finn,['Home on the Range'],[]
Will Finn (additional screenplay material by),['The Hunchback of Notre Dame'],[]
Will Finn (additional story development),['Pocahontas'],[]
Will Finn (story),['Home on the Range'],[]
Will McCormack (original story by),['Toy Story 4'],[]
Will Murray,[],['Ultimate Spider-Man']
Willard Carroll (screenplay by),['The Brave Little Toaster to the Rescue'],[]
Willard Carroll (screenplay),['The Brave Little Toaster Goes to Mars'],[]
Willard Carroll (story by),['The Brave Little Toaster to the Rescue'],[]
William Cottrell (screenplay),['The Reluctant Dragon'],[]
William Cottrell (story adaptation),['Pinocchio'],[]
William Cottrell (story research),['Saludos Amigos'],[]
William Cottrell (story),"['Alice in Wonderland', 'Melody Time', 'Peter Pan', 'The Three Caballeros']",[]
"William Dean Howells (story inspired by: ""Christmas Every Day"")","[""Mickey's Once Upon a Christmas""]",[]
William Dear (story),['The Rocketeer'],[]
William Goldman (based upon his book),['The Princess Bride'],[]
William Goldman (screenplay by),['The Princess Bride'],[]
William Hudson,['Smart House'],[]
"William Joyce (based upon the book ""A Day with Wilbur Robinson"" by)",['Meet the Robinsons'],[]
William Martin (story development and research),['Fantasia'],[]
William Nack (book),['Secretariat'],[]
William Otis (screenplay),['Water Birds'],[]
William Reiss,[],['Fish Hooks']
William Robertson,['Inspector Gadget 2'],[]
William Tunberg (screenplay by),['Old Yeller'],[]
William Wheeler (screenplay by),['Queen of Katwe'],[]
Winston Hibler,"['Perri', 'The African Lion']",[]
Winston Hibler (additional story),['Sleeping Beauty'],[]
Winston Hibler (screenplay),"['The Living Desert', 'The Vanishing Prairie', 'Water Birds']",[]
Winston Hibler (script),"[""Nature's Half Acre"", 'The Olympic Elk']",[]
"Winston Hibler (story supervisor ""Blustery Day"")",['The Many Adventures of Winnie the Pooh'],[]
Winston Hibler (story),"['Alice in Wonderland', 'Cinderella', 'Melody Time', 'Peter Pan', 'The Adventures of Ichabod and Mr. Toad']",[]
Woody Woodman (story),['Brother Bear'],[]
Xavier Atencio (story),['The Many Adventures of Winnie the Pooh'],[]
Xeth Feinberg (additional story),['Ice Age'],[]
Zac Moncrief (additional material),['Phineas and Ferb the Movie: Across the 2nd Dimension'],[]
Zack Stentz (screenplay),['Thor'],[]
Zak Penn (screenplay),['Inspector Gadget'],[]
Zak Penn (story),['The Avengers'],[]
